,firm_id,sector,baseline_production,baseline_emissions_intensity,target_emissions_intensity_2025,target_emissions_intensity_2026,risk_aversion,cash_on_hand,revenue_per_unit,is_covered,max_production_change_percent,variable_production_cost,,,.1,macc
0,AL_F1  , ALUMINIUM,1238336,13.49,12.83,12.83,0.775331388,35662359000,148.9941453,True,0.1,200, ,35662400000000.0,35662359000,"[{'name': ' Alumina energy efficiency          ', 'cost_per_tonne': -700000000.0, 'abatement_potential': 1719911.11, 'implementation_time': 6, 'type': 'general'}, {'name': ' Aluminium energy efficiency        ', 'cost_per_tonne': -150000000.0, 'abatement_potential': 687964.44, 'implementation_time': 6, 'type': 'general'}, {'name': ' Electrolysis off gas WHR           ', 'cost_per_tonne': -20000000.0, 'abatement_potential': 171991.11, 'implementation_time': 6, 'type': 'general'}, {'name': ' Fuel switch: Biomass               ', 'cost_per_tonne': 200000000.0, 'abatement_potential': 687964.44, 'implementation_time': 6, 'type': 'general'}, {'name': ' Retrofit with inert anodes         ', 'cost_per_tonne': 220000000.0, 'abatement_potential': 1719911.11, 'implementation_time': 6, 'type': 'general'}, {'name': ' Cell operation optimisation        ', 'cost_per_tonne': 400000000.0, 'abatement_potential': 687964.44, 'implementation_time': 6, 'type': 'general'}, {'name': ' Renewable electricity use          ', 'cost_per_tonne': 600000000.0, 'abatement_potential': 13071324.44, 'implementation_time': 6, 'type': 'general'}, {'name': ' CCS                                ', 'cost_per_tonne': 950000000.0, 'abatement_potential': 2751857.78, 'implementation_time': 6, 'type': 'general'}, {'name': ' Fuel switching to NG               ', 'cost_per_tonne': 2150000000.0, 'abatement_potential': 1375928.89, 'implementation_time': 6, 'type': 'general'}, {'name': ' CCU                                ', 'cost_per_tonne': 4900000000.0, 'abatement_potential': 3439822.22, 'implementation_time': 6, 'type': 'general'}, {'name': ' Offset                             ', 'cost_per_tonne': 4910000000.0, 'abatement_potential': 171991.11, 'implementation_time': 6, 'type': 'general'}]"
1,AL_F2  , ALUMINIUM,374049,15.63,14.74,14.74,0.81512925,12723863000,112.5390934,True,0.1,200, ,12723900000000.0,12723863000,"[{'name': ' Alumina energy efficiency          ', 'cost_per_tonne': -700000000.0, 'abatement_potential': 623415.0, 'implementation_time': 6, 'type': 'general'}, {'name': ' Aluminium energy efficiency        ', 'cost_per_tonne': -150000000.0, 'abatement_potential': 249366.0, 'implementation_time': 6, 'type': 'general'}, {'name': ' Electrolysis off gas WHR           ', 'cost_per_tonne': -20000000.0, 'abatement_potential': 62341.5, 'implementation_time': 6, 'type': 'general'}, {'name': ' Fuel switch: Biomass               ', 'cost_per_tonne': 200000000.0, 'abatement_potential': 207805.0, 'implementation_time': 6, 'type': 'general'}, {'name': ' Retrofit with inert anodes         ', 'cost_per_tonne': 220000000.0, 'abatement_potential': 519512.5, 'implementation_time': 6, 'type': 'general'}, {'name': ' Cell operation optimisation        ', 'cost_per_tonne': 400000000.0, 'abatement_potential': 207805.0, 'implementation_time': 6, 'type': 'general'}, {'name': ' Renewable electricity use          ', 'cost_per_tonne': 600000000.0, 'abatement_potential': 3948295.0, 'implementation_time': 6, 'type': 'general'}, {'name': ' CCS                                ', 'cost_per_tonne': 950000000.0, 'abatement_potential': 831220.0, 'implementation_time': 6, 'type': 'general'}, {'name': ' Fuel switching to NG               ', 'cost_per_tonne': 2150000000.0, 'abatement_potential': 83122.0, 'implementation_time': 6, 'type': 'general'}, {'name': ' CCU                                ', 'cost_per_tonne': 4900000000.0, 'abatement_potential': 207805.0, 'implementation_time': 6, 'type': 'general'}, {'name': ' Offset                             ', 'cost_per_tonne': 4910000000.0, 'abatement_potential': 10390.25, 'implementation_time': 6, 'type': 'general'}]"
2,AL_F3  , ALUMINIUM,591844,15.71,14.81,14.81,0.8388828,25786414000,169.8858136,True,0.1,200, ,25786400000000.0,25786414000,"[{'name': ' Alumina energy efficiency          ', 'cost_per_tonne': -700000000.0, 'abatement_potential': 822005.56, 'implementation_time': 6, 'type': 'general'}, {'name': ' Aluminium energy efficiency        ', 'cost_per_tonne': -150000000.0, 'abatement_potential': 328802.22, 'implementation_time': 6, 'type': 'general'}, {'name': ' Electrolysis off gas WHR           ', 'cost_per_tonne': -20000000.0, 'abatement_potential': 82200.56, 'implementation_time': 6, 'type': 'general'}, {'name': ' Fuel switch: Biomass               ', 'cost_per_tonne': 200000000.0, 'abatement_potential': 328802.22, 'implementation_time': 6, 'type': 'general'}, {'name': ' Retrofit with inert anodes         ', 'cost_per_tonne': 220000000.0, 'abatement_potential': 822005.56, 'implementation_time': 6, 'type': 'general'}, {'name': ' Cell operation optimisation        ', 'cost_per_tonne': 400000000.0, 'abatement_potential': 328802.22, 'implementation_time': 6, 'type': 'general'}, {'name': ' Renewable electricity use          ', 'cost_per_tonne': 600000000.0, 'abatement_potential': 6247242.22, 'implementation_time': 6, 'type': 'general'}, {'name': ' CCS                                ', 'cost_per_tonne': 950000000.0, 'abatement_potential': 1315208.89, 'implementation_time': 6, 'type': 'general'}, {'name': ' Fuel switching to NG               ', 'cost_per_tonne': 2150000000.0, 'abatement_potential': 657604.44, 'implementation_time': 6, 'type': 'general'}, {'name': ' CCU                                ', 'cost_per_tonne': 4900000000.0, 'abatement_potential': 1644011.11, 'implementation_time': 6, 'type': 'general'}, {'name': ' Offset                             ', 'cost_per_tonne': 4910000000.0, 'abatement_potential': 82200.56, 'implementation_time': 6, 'type': 'general'}]"
3,AL_F4  , ALUMINIUM,372000,16.7,15.68,15.68,0.712004942,31622310000,202.6589987,True,0.1,200, ,31622300000000.0,31622310000,"[{'name': ' Alumina energy efficiency          ', 'cost_per_tonne': -700000000.0, 'abatement_potential': 620000.0, 'implementation_time': 6, 'type': 'general'}, {'name': ' Aluminium energy efficiency        ', 'cost_per_tonne': -150000000.0, 'abatement_potential': 248000.0, 'implementation_time': 6, 'type': 'general'}, {'name': ' Electrolysis off gas WHR           ', 'cost_per_tonne': -20000000.0, 'abatement_potential': 62000.0, 'implementation_time': 6, 'type': 'general'}, {'name': ' Fuel switch: Biomass               ', 'cost_per_tonne': 200000000.0, 'abatement_potential': 206666.67, 'implementation_time': 6, 'type': 'general'}, {'name': ' Retrofit with inert anodes         ', 'cost_per_tonne': 220000000.0, 'abatement_potential': 516666.67, 'implementation_time': 6, 'type': 'general'}, {'name': ' Cell operation optimisation        ', 'cost_per_tonne': 400000000.0, 'abatement_potential': 206666.67, 'implementation_time': 6, 'type': 'general'}, {'name': ' Renewable electricity use          ', 'cost_per_tonne': 600000000.0, 'abatement_potential': 3926666.67, 'implementation_time': 6, 'type': 'general'}, {'name': ' CCS                                ', 'cost_per_tonne': 950000000.0, 'abatement_potential': 826666.67, 'implementation_time': 6, 'type': 'general'}, {'name': ' Fuel switching to NG               ', 'cost_per_tonne': 2150000000.0, 'abatement_potential': 82666.67, 'implementation_time': 6, 'type': 'general'}, {'name': ' CCU                                ', 'cost_per_tonne': 4900000000.0, 'abatement_potential': 206666.67, 'implementation_time': 6, 'type': 'general'}, {'name': ' Offset                             ', 'cost_per_tonne': 4910000000.0, 'abatement_potential': 10333.33, 'implementation_time': 6, 'type': 'general'}]"
4,AL_F5  , ALUMINIUM,555854,17.08,16.01,16.01,0.57663189,49201782000,175.4679696,True,0.1,200, ,49201800000000.0,49201782000,"[{'name': ' Alumina energy efficiency          ', 'cost_per_tonne': -700000000.0, 'abatement_potential': 772019.44, 'implementation_time': 6, 'type': 'general'}, {'name': ' Aluminium energy efficiency        ', 'cost_per_tonne': -150000000.0, 'abatement_potential': 308807.78, 'implementation_time': 6, 'type': 'general'}, {'name': ' Electrolysis off gas WHR           ', 'cost_per_tonne': -20000000.0, 'abatement_potential': 77201.94, 'implementation_time': 6, 'type': 'general'}, {'name': ' Fuel switch: Biomass               ', 'cost_per_tonne': 200000000.0, 'abatement_potential': 308807.78, 'implementation_time': 6, 'type': 'general'}, {'name': ' Retrofit with inert anodes         ', 'cost_per_tonne': 220000000.0, 'abatement_potential': 772019.44, 'implementation_time': 6, 'type': 'general'}, {'name': ' Cell operation optimisation        ', 'cost_per_tonne': 400000000.0, 'abatement_potential': 308807.78, 'implementation_time': 6, 'type': 'general'}, {'name': ' Renewable electricity use          ', 'cost_per_tonne': 600000000.0, 'abatement_potential': 5867347.78, 'implementation_time': 6, 'type': 'general'}, {'name': ' CCS                                ', 'cost_per_tonne': 950000000.0, 'abatement_potential': 1235231.11, 'implementation_time': 6, 'type': 'general'}, {'name': ' Fuel switching to NG               ', 'cost_per_tonne': 2150000000.0, 'abatement_potential': 617615.56, 'implementation_time': 6, 'type': 'general'}, {'name': ' CCU                                ', 'cost_per_tonne': 4900000000.0, 'abatement_potential': 1544038.89, 'implementation_time': 6, 'type': 'general'}, {'name': ' Offset                             ', 'cost_per_tonne': 4910000000.0, 'abatement_potential': 77201.94, 'implementation_time': 6, 'type': 'general'}]"
5,AL_F6  , ALUMINIUM,473457,17.35,16.25,16.25,0.803265391,20175337000,179.7337745,True,0.1,200, ,20175300000000.0,20175337000,"[{'name': ' Alumina energy efficiency          ', 'cost_per_tonne': -700000000.0, 'abatement_potential': 789095.0, 'implementation_time': 6, 'type': 'general'}, {'name': ' Aluminium energy efficiency        ', 'cost_per_tonne': -150000000.0, 'abatement_potential': 315638.0, 'implementation_time': 6, 'type': 'general'}, {'name': ' Electrolysis off gas WHR           ', 'cost_per_tonne': -20000000.0, 'abatement_potential': 78909.5, 'implementation_time': 6, 'type': 'general'}, {'name': ' Fuel switch: Biomass               ', 'cost_per_tonne': 200000000.0, 'abatement_potential': 263031.67, 'implementation_time': 6, 'type': 'general'}, {'name': ' Retrofit with inert anodes         ', 'cost_per_tonne': 220000000.0, 'abatement_potential': 657579.17, 'implementation_time': 6, 'type': 'general'}, {'name': ' Cell operation optimisation        ', 'cost_per_tonne': 400000000.0, 'abatement_potential': 263031.67, 'implementation_time': 6, 'type': 'general'}, {'name': ' Renewable electricity use          ', 'cost_per_tonne': 600000000.0, 'abatement_potential': 4997601.67, 'implementation_time': 6, 'type': 'general'}, {'name': ' CCS                                ', 'cost_per_tonne': 950000000.0, 'abatement_potential': 1052126.67, 'implementation_time': 6, 'type': 'general'}, {'name': ' Fuel switching to NG               ', 'cost_per_tonne': 2150000000.0, 'abatement_potential': 105212.67, 'implementation_time': 6, 'type': 'general'}, {'name': ' CCU                                ', 'cost_per_tonne': 4900000000.0, 'abatement_potential': 263031.67, 'implementation_time': 6, 'type': 'general'}, {'name': ' Offset                             ', 'cost_per_tonne': 4910000000.0, 'abatement_potential': 13151.58, 'implementation_time': 6, 'type': 'general'}]"
6,AL_F7  , ALUMINIUM,178830,19.28,17.92,17.92,0.381747304,13814530000,149.433548,True,0.1,200, ,13814500000000.0,13814530000,"[{'name': ' Alumina energy efficiency          ', 'cost_per_tonne': -700000000.0, 'abatement_potential': 298050.0, 'implementation_time': 6, 'type': 'general'}, {'name': ' Aluminium energy efficiency        ', 'cost_per_tonne': -150000000.0, 'abatement_potential': 119220.0, 'implementation_time': 6, 'type': 'general'}, {'name': ' Electrolysis off gas WHR           ', 'cost_per_tonne': -20000000.0, 'abatement_potential': 29805.0, 'implementation_time': 6, 'type': 'general'}, {'name': ' Fuel switch: Biomass               ', 'cost_per_tonne': 200000000.0, 'abatement_potential': 99350.0, 'implementation_time': 6, 'type': 'general'}, {'name': ' Retrofit with inert anodes         ', 'cost_per_tonne': 220000000.0, 'abatement_potential': 248375.0, 'implementation_time': 6, 'type': 'general'}, {'name': ' Cell operation optimisation        ', 'cost_per_tonne': 400000000.0, 'abatement_potential': 99350.0, 'implementation_time': 6, 'type': 'general'}, {'name': ' Renewable electricity use          ', 'cost_per_tonne': 600000000.0, 'abatement_potential': 1887650.0, 'implementation_time': 6, 'type': 'general'}, {'name': ' CCS                                ', 'cost_per_tonne': 950000000.0, 'abatement_potential': 397400.0, 'implementation_time': 6, 'type': 'general'}, {'name': ' Fuel switching to NG               ', 'cost_per_tonne': 2150000000.0, 'abatement_potential': 39740.0, 'implementation_time': 6, 'type': 'general'}, {'name': ' CCU                                ', 'cost_per_tonne': 4900000000.0, 'abatement_potential': 99350.0, 'implementation_time': 6, 'type': 'general'}, {'name': ' Offset                             ', 'cost_per_tonne': 4910000000.0, 'abatement_potential': 4967.5, 'implementation_time': 6, 'type': 'general'}]"
7,AL_F8  , ALUMINIUM,423704,20.55,19.36,19.36,0.372063534,38975402000,131.5134064,True,0.1,200, ,38975400000000.0,38975402000,"[{'name': ' Alumina energy efficiency          ', 'cost_per_tonne': -700000000.0, 'abatement_potential': 706173.33, 'implementation_time': 6, 'type': 'general'}, {'name': ' Aluminium energy efficiency        ', 'cost_per_tonne': -150000000.0, 'abatement_potential': 282469.33, 'implementation_time': 6, 'type': 'general'}, {'name': ' Electrolysis off gas WHR           ', 'cost_per_tonne': -20000000.0, 'abatement_potential': 70617.33, 'implementation_time': 6, 'type': 'general'}, {'name': ' Fuel switch: Biomass               ', 'cost_per_tonne': 200000000.0, 'abatement_potential': 235391.11, 'implementation_time': 6, 'type': 'general'}, {'name': ' Retrofit with inert anodes         ', 'cost_per_tonne': 220000000.0, 'abatement_potential': 588477.78, 'implementation_time': 6, 'type': 'general'}, {'name': ' Cell operation optimisation        ', 'cost_per_tonne': 400000000.0, 'abatement_potential': 235391.11, 'implementation_time': 6, 'type': 'general'}, {'name': ' Renewable electricity use          ', 'cost_per_tonne': 600000000.0, 'abatement_potential': 4472431.11, 'implementation_time': 6, 'type': 'general'}, {'name': ' CCS                                ', 'cost_per_tonne': 950000000.0, 'abatement_potential': 941564.44, 'implementation_time': 6, 'type': 'general'}, {'name': ' Fuel switching to NG               ', 'cost_per_tonne': 2150000000.0, 'abatement_potential': 94156.44, 'implementation_time': 6, 'type': 'general'}, {'name': ' CCU                                ', 'cost_per_tonne': 4900000000.0, 'abatement_potential': 235391.11, 'implementation_time': 6, 'type': 'general'}, {'name': ' Offset                             ', 'cost_per_tonne': 4910000000.0, 'abatement_potential': 11769.56, 'implementation_time': 6, 'type': 'general'}]"
8,AL_F9  , ALUMINIUM,289121,0.55,0.52,0.52,0.205878234,11899315000,157.0151923,True,0.1,200, ,11899300000000.0,11899315000,"[{'name': ' Alumina energy efficiency          ', 'cost_per_tonne': -700000000.0, 'abatement_potential': 481868.33, 'implementation_time': 6, 'type': 'general'}, {'name': ' Aluminium energy efficiency        ', 'cost_per_tonne': -150000000.0, 'abatement_potential': 192747.33, 'implementation_time': 6, 'type': 'general'}, {'name': ' Electrolysis off gas WHR           ', 'cost_per_tonne': -20000000.0, 'abatement_potential': 48186.83, 'implementation_time': 6, 'type': 'general'}, {'name': ' Fuel switch: Biomass               ', 'cost_per_tonne': 200000000.0, 'abatement_potential': 160622.78, 'implementation_time': 6, 'type': 'general'}, {'name': ' Retrofit with inert anodes         ', 'cost_per_tonne': 220000000.0, 'abatement_potential': 401556.94, 'implementation_time': 6, 'type': 'general'}, {'name': ' Cell operation optimisation        ', 'cost_per_tonne': 400000000.0, 'abatement_potential': 160622.78, 'implementation_time': 6, 'type': 'general'}, {'name': ' Renewable electricity use          ', 'cost_per_tonne': 600000000.0, 'abatement_potential': 3051832.78, 'implementation_time': 6, 'type': 'general'}, {'name': ' CCS                                ', 'cost_per_tonne': 950000000.0, 'abatement_potential': 642491.11, 'implementation_time': 6, 'type': 'general'}, {'name': ' Fuel switching to NG               ', 'cost_per_tonne': 2150000000.0, 'abatement_potential': 64249.11, 'implementation_time': 6, 'type': 'general'}, {'name': ' CCU                                ', 'cost_per_tonne': 4900000000.0, 'abatement_potential': 160622.78, 'implementation_time': 6, 'type': 'general'}, {'name': ' Offset                             ', 'cost_per_tonne': 4910000000.0, 'abatement_potential': 8031.14, 'implementation_time': 6, 'type': 'general'}]"
9,AL_F10 , ALUMINIUM,2445383,0.84,0.8,0.8,0.218117066,27986207000,185.7480654,True,0.1,200, ,27986200000000.0,27986207000,"[{'name': ' Alumina energy efficiency          ', 'cost_per_tonne': -700000000.0, 'abatement_potential': 3396365.28, 'implementation_time': 6, 'type': 'general'}, {'name': ' Aluminium energy efficiency        ', 'cost_per_tonne': -150000000.0, 'abatement_potential': 1358546.11, 'implementation_time': 6, 'type': 'general'}, {'name': ' Electrolysis off gas WHR           ', 'cost_per_tonne': -20000000.0, 'abatement_potential': 339636.53, 'implementation_time': 6, 'type': 'general'}, {'name': ' Fuel switch: Biomass               ', 'cost_per_tonne': 200000000.0, 'abatement_potential': 1358546.11, 'implementation_time': 6, 'type': 'general'}, {'name': ' Retrofit with inert anodes         ', 'cost_per_tonne': 220000000.0, 'abatement_potential': 3396365.28, 'implementation_time': 6, 'type': 'general'}, {'name': ' Cell operation optimisation        ', 'cost_per_tonne': 400000000.0, 'abatement_potential': 1358546.11, 'implementation_time': 6, 'type': 'general'}, {'name': ' Renewable electricity use          ', 'cost_per_tonne': 600000000.0, 'abatement_potential': 25812376.11, 'implementation_time': 6, 'type': 'general'}, {'name': ' CCS                                ', 'cost_per_tonne': 950000000.0, 'abatement_potential': 5434184.44, 'implementation_time': 6, 'type': 'general'}, {'name': ' Fuel switching to NG               ', 'cost_per_tonne': 2150000000.0, 'abatement_potential': 2717092.22, 'implementation_time': 6, 'type': 'general'}, {'name': ' CCU                                ', 'cost_per_tonne': 4900000000.0, 'abatement_potential': 6792730.56, 'implementation_time': 6, 'type': 'general'}, {'name': ' Offset                             ', 'cost_per_tonne': 4910000000.0, 'abatement_potential': 339636.53, 'implementation_time': 6, 'type': 'general'}]"
10,AL_F11 , ALUMINIUM,1813703,0.94,0.89,0.89,0.403772242,41133165000,166.1179971,True,0.1,200, ,41133200000000.0,41133165000,"[{'name': ' Alumina energy efficiency          ', 'cost_per_tonne': -700000000.0, 'abatement_potential': 2519031.94, 'implementation_time': 6, 'type': 'general'}, {'name': ' Aluminium energy efficiency        ', 'cost_per_tonne': -150000000.0, 'abatement_potential': 1007612.78, 'implementation_time': 6, 'type': 'general'}, {'name': ' Electrolysis off gas WHR           ', 'cost_per_tonne': -20000000.0, 'abatement_potential': 251903.19, 'implementation_time': 6, 'type': 'general'}, {'name': ' Fuel switch: Biomass               ', 'cost_per_tonne': 200000000.0, 'abatement_potential': 1007612.78, 'implementation_time': 6, 'type': 'general'}, {'name': ' Retrofit with inert anodes         ', 'cost_per_tonne': 220000000.0, 'abatement_potential': 2519031.94, 'implementation_time': 6, 'type': 'general'}, {'name': ' Cell operation optimisation        ', 'cost_per_tonne': 400000000.0, 'abatement_potential': 1007612.78, 'implementation_time': 6, 'type': 'general'}, {'name': ' Renewable electricity use          ', 'cost_per_tonne': 600000000.0, 'abatement_potential': 19144642.78, 'implementation_time': 6, 'type': 'general'}, {'name': ' CCS                                ', 'cost_per_tonne': 950000000.0, 'abatement_potential': 4030451.11, 'implementation_time': 6, 'type': 'general'}, {'name': ' Fuel switching to NG               ', 'cost_per_tonne': 2150000000.0, 'abatement_potential': 2015225.56, 'implementation_time': 6, 'type': 'general'}, {'name': ' CCU                                ', 'cost_per_tonne': 4900000000.0, 'abatement_potential': 5038063.89, 'implementation_time': 6, 'type': 'general'}, {'name': ' Offset                             ', 'cost_per_tonne': 4910000000.0, 'abatement_potential': 251903.19, 'implementation_time': 6, 'type': 'general'}]"
11,AL_F12 , ALUMINIUM,2095026,1.19,1.11,1.11,0.564569618,47726421000,134.6113858,True,0.1,200, ,47726400000000.0,47726421000,"[{'name': ' Alumina energy efficiency          ', 'cost_per_tonne': -700000000.0, 'abatement_potential': 2909758.33, 'implementation_time': 6, 'type': 'general'}, {'name': ' Aluminium energy efficiency        ', 'cost_per_tonne': -150000000.0, 'abatement_potential': 1163903.33, 'implementation_time': 6, 'type': 'general'}, {'name': ' Electrolysis off gas WHR           ', 'cost_per_tonne': -20000000.0, 'abatement_potential': 290975.83, 'implementation_time': 6, 'type': 'general'}, {'name': ' Fuel switch: Biomass               ', 'cost_per_tonne': 200000000.0, 'abatement_potential': 1163903.33, 'implementation_time': 6, 'type': 'general'}, {'name': ' Retrofit with inert anodes         ', 'cost_per_tonne': 220000000.0, 'abatement_potential': 2909758.33, 'implementation_time': 6, 'type': 'general'}, {'name': ' Cell operation optimisation        ', 'cost_per_tonne': 400000000.0, 'abatement_potential': 1163903.33, 'implementation_time': 6, 'type': 'general'}, {'name': ' Renewable electricity use          ', 'cost_per_tonne': 600000000.0, 'abatement_potential': 22114163.33, 'implementation_time': 6, 'type': 'general'}, {'name': ' CCS                                ', 'cost_per_tonne': 950000000.0, 'abatement_potential': 4655613.33, 'implementation_time': 6, 'type': 'general'}, {'name': ' Fuel switching to NG               ', 'cost_per_tonne': 2150000000.0, 'abatement_potential': 2327806.67, 'implementation_time': 6, 'type': 'general'}, {'name': ' CCU                                ', 'cost_per_tonne': 4900000000.0, 'abatement_potential': 5819516.67, 'implementation_time': 6, 'type': 'general'}, {'name': ' Offset                             ', 'cost_per_tonne': 4910000000.0, 'abatement_potential': 290975.83, 'implementation_time': 6, 'type': 'general'}]"
12,AL_F13 , ALUMINIUM,372507,1.44,1.34,1.34,0.716162647,45426840000,144.2452895,True,0.1,200, ,45426800000000.0,45426840000,"[{'name': ' Alumina energy efficiency          ', 'cost_per_tonne': -700000000.0, 'abatement_potential': 620845.0, 'implementation_time': 6, 'type': 'general'}, {'name': ' Aluminium energy efficiency        ', 'cost_per_tonne': -150000000.0, 'abatement_potential': 248338.0, 'implementation_time': 6, 'type': 'general'}, {'name': ' Electrolysis off gas WHR           ', 'cost_per_tonne': -20000000.0, 'abatement_potential': 62084.5, 'implementation_time': 6, 'type': 'general'}, {'name': ' Fuel switch: Biomass               ', 'cost_per_tonne': 200000000.0, 'abatement_potential': 206948.33, 'implementation_time': 6, 'type': 'general'}, {'name': ' Retrofit with inert anodes         ', 'cost_per_tonne': 220000000.0, 'abatement_potential': 517370.83, 'implementation_time': 6, 'type': 'general'}, {'name': ' Cell operation optimisation        ', 'cost_per_tonne': 400000000.0, 'abatement_potential': 206948.33, 'implementation_time': 6, 'type': 'general'}, {'name': ' Renewable electricity use          ', 'cost_per_tonne': 600000000.0, 'abatement_potential': 3932018.33, 'implementation_time': 6, 'type': 'general'}, {'name': ' CCS                                ', 'cost_per_tonne': 950000000.0, 'abatement_potential': 827793.33, 'implementation_time': 6, 'type': 'general'}, {'name': ' Fuel switching to NG               ', 'cost_per_tonne': 2150000000.0, 'abatement_potential': 82779.33, 'implementation_time': 6, 'type': 'general'}, {'name': ' CCU                                ', 'cost_per_tonne': 4900000000.0, 'abatement_potential': 206948.33, 'implementation_time': 6, 'type': 'general'}, {'name': ' Offset                             ', 'cost_per_tonne': 4910000000.0, 'abatement_potential': 10347.42, 'implementation_time': 6, 'type': 'general'}]"
13,AL_F14 , ALUMINIUM,46845,1.3386,1.2563,1.2563,0.241281456,29563672000,188.1838782,True,0.1,200, ,29563700000000.0,29563672000,"[{'name': ' Alumina energy efficiency          ', 'cost_per_tonne': -700000000.0, 'abatement_potential': 78075.0, 'implementation_time': 6, 'type': 'general'}, {'name': ' Aluminium energy efficiency        ', 'cost_per_tonne': -150000000.0, 'abatement_potential': 31230.0, 'implementation_time': 6, 'type': 'general'}, {'name': ' Electrolysis off gas WHR           ', 'cost_per_tonne': -20000000.0, 'abatement_potential': 7807.5, 'implementation_time': 6, 'type': 'general'}, {'name': ' Fuel switch: Biomass               ', 'cost_per_tonne': 200000000.0, 'abatement_potential': 26025.0, 'implementation_time': 6, 'type': 'general'}, {'name': ' Retrofit with inert anodes         ', 'cost_per_tonne': 220000000.0, 'abatement_potential': 65062.5, 'implementation_time': 6, 'type': 'general'}, {'name': ' Cell operation optimisation        ', 'cost_per_tonne': 400000000.0, 'abatement_potential': 26025.0, 'implementation_time': 6, 'type': 'general'}, {'name': ' Renewable electricity use          ', 'cost_per_tonne': 600000000.0, 'abatement_potential': 494475.0, 'implementation_time': 6, 'type': 'general'}, {'name': ' CCS                                ', 'cost_per_tonne': 950000000.0, 'abatement_potential': 104100.0, 'implementation_time': 6, 'type': 'general'}, {'name': ' Fuel switching to NG               ', 'cost_per_tonne': 2150000000.0, 'abatement_potential': 10410.0, 'implementation_time': 6, 'type': 'general'}, {'name': ' CCU                                ', 'cost_per_tonne': 4900000000.0, 'abatement_potential': 26025.0, 'implementation_time': 6, 'type': 'general'}, {'name': ' Offset                             ', 'cost_per_tonne': 4910000000.0, 'abatement_potential': 1301.25, 'implementation_time': 6, 'type': 'general'}]"
14,AL_F15 , ALUMINIUM,103292,1.165,1.1027,1.1027,0.605434712,47625138000,162.9159898,True,0.1,200, ,47625100000000.0,47625138000,"[{'name': ' Alumina energy efficiency          ', 'cost_per_tonne': -700000000.0, 'abatement_potential': 172153.33, 'implementation_time': 6, 'type': 'general'}, {'name': ' Aluminium energy efficiency        ', 'cost_per_tonne': -150000000.0, 'abatement_potential': 68861.33, 'implementation_time': 6, 'type': 'general'}, {'name': ' Electrolysis off gas WHR           ', 'cost_per_tonne': -20000000.0, 'abatement_potential': 17215.33, 'implementation_time': 6, 'type': 'general'}, {'name': ' Fuel switch: Biomass               ', 'cost_per_tonne': 200000000.0, 'abatement_potential': 57384.44, 'implementation_time': 6, 'type': 'general'}, {'name': ' Retrofit with inert anodes         ', 'cost_per_tonne': 220000000.0, 'abatement_potential': 143461.11, 'implementation_time': 6, 'type': 'general'}, {'name': ' Cell operation optimisation        ', 'cost_per_tonne': 400000000.0, 'abatement_potential': 57384.44, 'implementation_time': 6, 'type': 'general'}, {'name': ' Renewable electricity use          ', 'cost_per_tonne': 600000000.0, 'abatement_potential': 1090304.44, 'implementation_time': 6, 'type': 'general'}, {'name': ' CCS                                ', 'cost_per_tonne': 950000000.0, 'abatement_potential': 229537.78, 'implementation_time': 6, 'type': 'general'}, {'name': ' Fuel switching to NG               ', 'cost_per_tonne': 2150000000.0, 'abatement_potential': 22953.78, 'implementation_time': 6, 'type': 'general'}, {'name': ' CCU                                ', 'cost_per_tonne': 4900000000.0, 'abatement_potential': 57384.44, 'implementation_time': 6, 'type': 'general'}, {'name': ' Offset                             ', 'cost_per_tonne': 4910000000.0, 'abatement_potential': 2869.22, 'implementation_time': 6, 'type': 'general'}]"
15,AL_F16 , ALUMINIUM,27265,1.4372,1.3423,1.3423,0.348860159,31844973000,131.2455374,True,0.1,200, ,31845000000000.0,31844973000,"[{'name': ' Alumina energy efficiency          ', 'cost_per_tonne': -700000000.0, 'abatement_potential': 45441.67, 'implementation_time': 6, 'type': 'general'}, {'name': ' Aluminium energy efficiency        ', 'cost_per_tonne': -150000000.0, 'abatement_potential': 18176.67, 'implementation_time': 6, 'type': 'general'}, {'name': ' Electrolysis off gas WHR           ', 'cost_per_tonne': -20000000.0, 'abatement_potential': 4544.17, 'implementation_time': 6, 'type': 'general'}, {'name': ' Fuel switch: Biomass               ', 'cost_per_tonne': 200000000.0, 'abatement_potential': 15147.22, 'implementation_time': 6, 'type': 'general'}, {'name': ' Retrofit with inert anodes         ', 'cost_per_tonne': 220000000.0, 'abatement_potential': 37868.06, 'implementation_time': 6, 'type': 'general'}, {'name': ' Cell operation optimisation        ', 'cost_per_tonne': 400000000.0, 'abatement_potential': 15147.22, 'implementation_time': 6, 'type': 'general'}, {'name': ' Renewable electricity use          ', 'cost_per_tonne': 600000000.0, 'abatement_potential': 287797.22, 'implementation_time': 6, 'type': 'general'}, {'name': ' CCS                                ', 'cost_per_tonne': 950000000.0, 'abatement_potential': 60588.89, 'implementation_time': 6, 'type': 'general'}, {'name': ' Fuel switching to NG               ', 'cost_per_tonne': 2150000000.0, 'abatement_potential': 6058.89, 'implementation_time': 6, 'type': 'general'}, {'name': ' CCU                                ', 'cost_per_tonne': 4900000000.0, 'abatement_potential': 15147.22, 'implementation_time': 6, 'type': 'general'}, {'name': ' Offset                             ', 'cost_per_tonne': 4910000000.0, 'abatement_potential': 757.36, 'implementation_time': 6, 'type': 'general'}]"
16,CE_F1  , CEMENT   ,3532948,0.45,0.44,0.44,0.481142149,31189547000,206.9054609,True,0.1,200, ,31189500000000.0,31189547000,"[{'name': ' Efficient electrical equipment     ', 'cost_per_tonne': -430000000.0, 'abatement_potential': 20967.05, 'implementation_time': 6, 'type': 'general'}, {'name': ' Waste heat recovery                ', 'cost_per_tonne': -420000000.0, 'abatement_potential': 83868.2, 'implementation_time': 6, 'type': 'general'}, {'name': ' Automation system                  ', 'cost_per_tonne': -410000000.0, 'abatement_potential': 41934.1, 'implementation_time': 6, 'type': 'general'}, {'name': ' Efficient grinding system          ', 'cost_per_tonne': -360000000.0, 'abatement_potential': 52417.63, 'implementation_time': 6, 'type': 'general'}, {'name': ' Optimising auxiliary power         ', 'cost_per_tonne': -340000000.0, 'abatement_potential': 10483.53, 'implementation_time': 6, 'type': 'general'}, {'name': ' Increasing slag to 70% in PSC      ', 'cost_per_tonne': -300000000.0, 'abatement_potential': 52417.63, 'implementation_time': 6, 'type': 'general'}, {'name': ' Enhancement in Kiln                ', 'cost_per_tonne': -280000000.0, 'abatement_potential': 31450.58, 'implementation_time': 6, 'type': 'general'}, {'name': ' Heat rate reduction in CPP         ', 'cost_per_tonne': -260000000.0, 'abatement_potential': 20967.05, 'implementation_time': 6, 'type': 'general'}, {'name': ' Improving burnability of material  ', 'cost_per_tonne': -130000000.0, 'abatement_potential': 73384.68, 'implementation_time': 6, 'type': 'general'}, {'name': ' Burner retrofit                    ', 'cost_per_tonne': -120000000.0, 'abatement_potential': 10483.53, 'implementation_time': 6, 'type': 'general'}, {'name': ' High efficiency clinker coolers    ', 'cost_per_tonne': -100000000.0, 'abatement_potential': 31450.58, 'implementation_time': 6, 'type': 'general'}, {'name': ' Substitute OPC with LC3 cement     ', 'cost_per_tonne': -80000000.0, 'abatement_potential': 41934.1, 'implementation_time': 6, 'type': 'general'}, {'name': ' Increasing fly ash to 35% in PPC   ', 'cost_per_tonne': -70000000.0, 'abatement_potential': 104835.25, 'implementation_time': 6, 'type': 'general'}, {'name': ' Renewable energy use in electricity', 'cost_per_tonne': 180000000.0, 'abatement_potential': 83868.2, 'implementation_time': 6, 'type': 'general'}, {'name': ' Increasing TSR to 30% in kiln fuel ', 'cost_per_tonne': 420000000.0, 'abatement_potential': 188703.45, 'implementation_time': 6, 'type': 'general'}, {'name': ' CCS                                ', 'cost_per_tonne': 900000000.0, 'abatement_potential': 629011.51, 'implementation_time': 6, 'type': 'general'}, {'name': ' Decreasing clinker to 85% in OPC   ', 'cost_per_tonne': 1200000000.0, 'abatement_potential': 52417.63, 'implementation_time': 6, 'type': 'general'}, {'name': ' CCU                                ', 'cost_per_tonne': 1860000000.0, 'abatement_potential': 629011.51, 'implementation_time': 6, 'type': 'general'}, {'name': ' Offset                             ', 'cost_per_tonne': 1880000000.0, 'abatement_potential': 125802.3, 'implementation_time': 6, 'type': 'general'}]"
17,CE_F2  , CEMENT   ,2629151,0.49,0.48,0.48,0.667143894,28202549000,161.5681761,True,0.1,200, ,28202500000000.0,28202549000,"[{'name': ' Efficient electrical equipment     ', 'cost_per_tonne': -430000000.0, 'abatement_potential': 15603.27, 'implementation_time': 6, 'type': 'general'}, {'name': ' Waste heat recovery                ', 'cost_per_tonne': -420000000.0, 'abatement_potential': 62413.08, 'implementation_time': 6, 'type': 'general'}, {'name': ' Automation system                  ', 'cost_per_tonne': -410000000.0, 'abatement_potential': 31206.54, 'implementation_time': 6, 'type': 'general'}, {'name': ' Efficient grinding system          ', 'cost_per_tonne': -360000000.0, 'abatement_potential': 39008.18, 'implementation_time': 6, 'type': 'general'}, {'name': ' Optimising auxiliary power         ', 'cost_per_tonne': -340000000.0, 'abatement_potential': 7801.64, 'implementation_time': 6, 'type': 'general'}, {'name': ' Increasing slag to 70% in PSC      ', 'cost_per_tonne': -300000000.0, 'abatement_potential': 39008.18, 'implementation_time': 6, 'type': 'general'}, {'name': ' Enhancement in Kiln                ', 'cost_per_tonne': -280000000.0, 'abatement_potential': 23404.91, 'implementation_time': 6, 'type': 'general'}, {'name': ' Heat rate reduction in CPP         ', 'cost_per_tonne': -260000000.0, 'abatement_potential': 15603.27, 'implementation_time': 6, 'type': 'general'}, {'name': ' Improving burnability of material  ', 'cost_per_tonne': -130000000.0, 'abatement_potential': 54611.45, 'implementation_time': 6, 'type': 'general'}, {'name': ' Burner retrofit                    ', 'cost_per_tonne': -120000000.0, 'abatement_potential': 7801.64, 'implementation_time': 6, 'type': 'general'}, {'name': ' High efficiency clinker coolers    ', 'cost_per_tonne': -100000000.0, 'abatement_potential': 23404.91, 'implementation_time': 6, 'type': 'general'}, {'name': ' Substitute OPC with LC3 cement     ', 'cost_per_tonne': -80000000.0, 'abatement_potential': 31206.54, 'implementation_time': 6, 'type': 'general'}, {'name': ' Increasing fly ash to 35% in PPC   ', 'cost_per_tonne': -70000000.0, 'abatement_potential': 78016.35, 'implementation_time': 6, 'type': 'general'}, {'name': ' Renewable energy use in electricity', 'cost_per_tonne': 180000000.0, 'abatement_potential': 62413.08, 'implementation_time': 6, 'type': 'general'}, {'name': ' Increasing TSR to 30% in kiln fuel ', 'cost_per_tonne': 420000000.0, 'abatement_potential': 140429.43, 'implementation_time': 6, 'type': 'general'}, {'name': ' CCS                                ', 'cost_per_tonne': 900000000.0, 'abatement_potential': 468098.1, 'implementation_time': 6, 'type': 'general'}, {'name': ' Decreasing clinker to 85% in OPC   ', 'cost_per_tonne': 1200000000.0, 'abatement_potential': 39008.18, 'implementation_time': 6, 'type': 'general'}, {'name': ' CCU                                ', 'cost_per_tonne': 1860000000.0, 'abatement_potential': 468098.1, 'implementation_time': 6, 'type': 'general'}, {'name': ' Offset                             ', 'cost_per_tonne': 1880000000.0, 'abatement_potential': 93619.62, 'implementation_time': 6, 'type': 'general'}]"
18,CE_F3  , CEMENT   ,3166423,0.52,0.51,0.51,0.831635353,46402872000,169.8744586,True,0.1,200, ,46402900000000.0,46402872000,"[{'name': ' Efficient electrical equipment     ', 'cost_per_tonne': -430000000.0, 'abatement_potential': 18791.83, 'implementation_time': 6, 'type': 'general'}, {'name': ' Waste heat recovery                ', 'cost_per_tonne': -420000000.0, 'abatement_potential': 75167.31, 'implementation_time': 6, 'type': 'general'}, {'name': ' Automation system                  ', 'cost_per_tonne': -410000000.0, 'abatement_potential': 37583.66, 'implementation_time': 6, 'type': 'general'}, {'name': ' Efficient grinding system          ', 'cost_per_tonne': -360000000.0, 'abatement_potential': 46979.57, 'implementation_time': 6, 'type': 'general'}, {'name': ' Optimising auxiliary power         ', 'cost_per_tonne': -340000000.0, 'abatement_potential': 9395.91, 'implementation_time': 6, 'type': 'general'}, {'name': ' Increasing slag to 70% in PSC      ', 'cost_per_tonne': -300000000.0, 'abatement_potential': 46979.57, 'implementation_time': 6, 'type': 'general'}, {'name': ' Enhancement in Kiln                ', 'cost_per_tonne': -280000000.0, 'abatement_potential': 28187.74, 'implementation_time': 6, 'type': 'general'}, {'name': ' Heat rate reduction in CPP         ', 'cost_per_tonne': -260000000.0, 'abatement_potential': 18791.83, 'implementation_time': 6, 'type': 'general'}, {'name': ' Improving burnability of material  ', 'cost_per_tonne': -130000000.0, 'abatement_potential': 65771.4, 'implementation_time': 6, 'type': 'general'}, {'name': ' Burner retrofit                    ', 'cost_per_tonne': -120000000.0, 'abatement_potential': 9395.91, 'implementation_time': 6, 'type': 'general'}, {'name': ' High efficiency clinker coolers    ', 'cost_per_tonne': -100000000.0, 'abatement_potential': 28187.74, 'implementation_time': 6, 'type': 'general'}, {'name': ' Substitute OPC with LC3 cement     ', 'cost_per_tonne': -80000000.0, 'abatement_potential': 37583.66, 'implementation_time': 6, 'type': 'general'}, {'name': ' Increasing fly ash to 35% in PPC   ', 'cost_per_tonne': -70000000.0, 'abatement_potential': 93959.14, 'implementation_time': 6, 'type': 'general'}, {'name': ' Renewable energy use in electricity', 'cost_per_tonne': 180000000.0, 'abatement_potential': 75167.31, 'implementation_time': 6, 'type': 'general'}, {'name': ' Increasing TSR to 30% in kiln fuel ', 'cost_per_tonne': 420000000.0, 'abatement_potential': 169126.45, 'implementation_time': 6, 'type': 'general'}, {'name': ' CCS                                ', 'cost_per_tonne': 900000000.0, 'abatement_potential': 563754.84, 'implementation_time': 6, 'type': 'general'}, {'name': ' Decreasing clinker to 85% in OPC   ', 'cost_per_tonne': 1200000000.0, 'abatement_potential': 46979.57, 'implementation_time': 6, 'type': 'general'}, {'name': ' CCU                                ', 'cost_per_tonne': 1860000000.0, 'abatement_potential': 563754.84, 'implementation_time': 6, 'type': 'general'}, {'name': ' Offset                             ', 'cost_per_tonne': 1880000000.0, 'abatement_potential': 112750.97, 'implementation_time': 6, 'type': 'general'}]"
19,CE_F4  , CEMENT   ,1133857,0.51,0.5,0.5,0.279969036,26677840000,143.9800669,True,0.1,200, ,26677800000000.0,26677840000,"[{'name': ' Efficient electrical equipment     ', 'cost_per_tonne': -430000000.0, 'abatement_potential': 6729.12, 'implementation_time': 6, 'type': 'general'}, {'name': ' Waste heat recovery                ', 'cost_per_tonne': -420000000.0, 'abatement_potential': 26916.49, 'implementation_time': 6, 'type': 'general'}, {'name': ' Automation system                  ', 'cost_per_tonne': -410000000.0, 'abatement_potential': 13458.24, 'implementation_time': 6, 'type': 'general'}, {'name': ' Efficient grinding system          ', 'cost_per_tonne': -360000000.0, 'abatement_potential': 16822.8, 'implementation_time': 6, 'type': 'general'}, {'name': ' Optimising auxiliary power         ', 'cost_per_tonne': -340000000.0, 'abatement_potential': 3364.56, 'implementation_time': 6, 'type': 'general'}, {'name': ' Increasing slag to 70% in PSC      ', 'cost_per_tonne': -300000000.0, 'abatement_potential': 16822.8, 'implementation_time': 6, 'type': 'general'}, {'name': ' Enhancement in Kiln                ', 'cost_per_tonne': -280000000.0, 'abatement_potential': 10093.68, 'implementation_time': 6, 'type': 'general'}, {'name': ' Heat rate reduction in CPP         ', 'cost_per_tonne': -260000000.0, 'abatement_potential': 6729.12, 'implementation_time': 6, 'type': 'general'}, {'name': ' Improving burnability of material  ', 'cost_per_tonne': -130000000.0, 'abatement_potential': 23551.93, 'implementation_time': 6, 'type': 'general'}, {'name': ' Burner retrofit                    ', 'cost_per_tonne': -120000000.0, 'abatement_potential': 3364.56, 'implementation_time': 6, 'type': 'general'}, {'name': ' High efficiency clinker coolers    ', 'cost_per_tonne': -100000000.0, 'abatement_potential': 10093.68, 'implementation_time': 6, 'type': 'general'}, {'name': ' Substitute OPC with LC3 cement     ', 'cost_per_tonne': -80000000.0, 'abatement_potential': 13458.24, 'implementation_time': 6, 'type': 'general'}, {'name': ' Increasing fly ash to 35% in PPC   ', 'cost_per_tonne': -70000000.0, 'abatement_potential': 33645.61, 'implementation_time': 6, 'type': 'general'}, {'name': ' Renewable energy use in electricity', 'cost_per_tonne': 180000000.0, 'abatement_potential': 26916.49, 'implementation_time': 6, 'type': 'general'}, {'name': ' Increasing TSR to 30% in kiln fuel ', 'cost_per_tonne': 420000000.0, 'abatement_potential': 60562.09, 'implementation_time': 6, 'type': 'general'}, {'name': ' CCS                                ', 'cost_per_tonne': 900000000.0, 'abatement_potential': 201873.65, 'implementation_time': 6, 'type': 'general'}, {'name': ' Decreasing clinker to 85% in OPC   ', 'cost_per_tonne': 1200000000.0, 'abatement_potential': 16822.8, 'implementation_time': 6, 'type': 'general'}, {'name': ' CCU                                ', 'cost_per_tonne': 1860000000.0, 'abatement_potential': 201873.65, 'implementation_time': 6, 'type': 'general'}, {'name': ' Offset                             ', 'cost_per_tonne': 1880000000.0, 'abatement_potential': 40374.73, 'implementation_time': 6, 'type': 'general'}]"
20,CE_F5  , CEMENT   ,4286776,0.49,0.48,0.48,0.778917869,18086070000,139.7749648,True,0.1,200, ,18086100000000.0,18086070000,"[{'name': ' Efficient electrical equipment     ', 'cost_per_tonne': -430000000.0, 'abatement_potential': 25440.81, 'implementation_time': 6, 'type': 'general'}, {'name': ' Waste heat recovery                ', 'cost_per_tonne': -420000000.0, 'abatement_potential': 101763.23, 'implementation_time': 6, 'type': 'general'}, {'name': ' Automation system                  ', 'cost_per_tonne': -410000000.0, 'abatement_potential': 50881.61, 'implementation_time': 6, 'type': 'general'}, {'name': ' Efficient grinding system          ', 'cost_per_tonne': -360000000.0, 'abatement_potential': 63602.02, 'implementation_time': 6, 'type': 'general'}, {'name': ' Optimising auxiliary power         ', 'cost_per_tonne': -340000000.0, 'abatement_potential': 12720.4, 'implementation_time': 6, 'type': 'general'}, {'name': ' Increasing slag to 70% in PSC      ', 'cost_per_tonne': -300000000.0, 'abatement_potential': 63602.02, 'implementation_time': 6, 'type': 'general'}, {'name': ' Enhancement in Kiln                ', 'cost_per_tonne': -280000000.0, 'abatement_potential': 38161.21, 'implementation_time': 6, 'type': 'general'}, {'name': ' Heat rate reduction in CPP         ', 'cost_per_tonne': -260000000.0, 'abatement_potential': 25440.81, 'implementation_time': 6, 'type': 'general'}, {'name': ' Improving burnability of material  ', 'cost_per_tonne': -130000000.0, 'abatement_potential': 89042.82, 'implementation_time': 6, 'type': 'general'}, {'name': ' Burner retrofit                    ', 'cost_per_tonne': -120000000.0, 'abatement_potential': 12720.4, 'implementation_time': 6, 'type': 'general'}, {'name': ' High efficiency clinker coolers    ', 'cost_per_tonne': -100000000.0, 'abatement_potential': 38161.21, 'implementation_time': 6, 'type': 'general'}, {'name': ' Substitute OPC with LC3 cement     ', 'cost_per_tonne': -80000000.0, 'abatement_potential': 50881.61, 'implementation_time': 6, 'type': 'general'}, {'name': ' Increasing fly ash to 35% in PPC   ', 'cost_per_tonne': -70000000.0, 'abatement_potential': 127204.04, 'implementation_time': 6, 'type': 'general'}, {'name': ' Renewable energy use in electricity', 'cost_per_tonne': 180000000.0, 'abatement_potential': 101763.23, 'implementation_time': 6, 'type': 'general'}, {'name': ' Increasing TSR to 30% in kiln fuel ', 'cost_per_tonne': 420000000.0, 'abatement_potential': 228967.26, 'implementation_time': 6, 'type': 'general'}, {'name': ' CCS                                ', 'cost_per_tonne': 900000000.0, 'abatement_potential': 763224.21, 'implementation_time': 6, 'type': 'general'}, {'name': ' Decreasing clinker to 85% in OPC   ', 'cost_per_tonne': 1200000000.0, 'abatement_potential': 63602.02, 'implementation_time': 6, 'type': 'general'}, {'name': ' CCU                                ', 'cost_per_tonne': 1860000000.0, 'abatement_potential': 763224.21, 'implementation_time': 6, 'type': 'general'}, {'name': ' Offset                             ', 'cost_per_tonne': 1880000000.0, 'abatement_potential': 152644.84, 'implementation_time': 6, 'type': 'general'}]"
21,CE_F6  , CEMENT   ,11435872,0.47,0.46,0.46,0.576311809,17323581000,169.199004,True,0.1,200, ,17323600000000.0,17323581000,"[{'name': ' Efficient electrical equipment     ', 'cost_per_tonne': -430000000.0, 'abatement_potential': 67868.68, 'implementation_time': 6, 'type': 'general'}, {'name': ' Waste heat recovery                ', 'cost_per_tonne': -420000000.0, 'abatement_potential': 271474.71, 'implementation_time': 6, 'type': 'general'}, {'name': ' Automation system                  ', 'cost_per_tonne': -410000000.0, 'abatement_potential': 135737.35, 'implementation_time': 6, 'type': 'general'}, {'name': ' Efficient grinding system          ', 'cost_per_tonne': -360000000.0, 'abatement_potential': 169671.69, 'implementation_time': 6, 'type': 'general'}, {'name': ' Optimising auxiliary power         ', 'cost_per_tonne': -340000000.0, 'abatement_potential': 33934.34, 'implementation_time': 6, 'type': 'general'}, {'name': ' Increasing slag to 70% in PSC      ', 'cost_per_tonne': -300000000.0, 'abatement_potential': 169671.69, 'implementation_time': 6, 'type': 'general'}, {'name': ' Enhancement in Kiln                ', 'cost_per_tonne': -280000000.0, 'abatement_potential': 101803.01, 'implementation_time': 6, 'type': 'general'}, {'name': ' Heat rate reduction in CPP         ', 'cost_per_tonne': -260000000.0, 'abatement_potential': 67868.68, 'implementation_time': 6, 'type': 'general'}, {'name': ' Improving burnability of material  ', 'cost_per_tonne': -130000000.0, 'abatement_potential': 237540.37, 'implementation_time': 6, 'type': 'general'}, {'name': ' Burner retrofit                    ', 'cost_per_tonne': -120000000.0, 'abatement_potential': 33934.34, 'implementation_time': 6, 'type': 'general'}, {'name': ' High efficiency clinker coolers    ', 'cost_per_tonne': -100000000.0, 'abatement_potential': 101803.01, 'implementation_time': 6, 'type': 'general'}, {'name': ' Substitute OPC with LC3 cement     ', 'cost_per_tonne': -80000000.0, 'abatement_potential': 135737.35, 'implementation_time': 6, 'type': 'general'}, {'name': ' Increasing fly ash to 35% in PPC   ', 'cost_per_tonne': -70000000.0, 'abatement_potential': 339343.38, 'implementation_time': 6, 'type': 'general'}, {'name': ' Renewable energy use in electricity', 'cost_per_tonne': 180000000.0, 'abatement_potential': 271474.71, 'implementation_time': 6, 'type': 'general'}, {'name': ' Increasing TSR to 30% in kiln fuel ', 'cost_per_tonne': 420000000.0, 'abatement_potential': 610818.09, 'implementation_time': 6, 'type': 'general'}, {'name': ' CCS                                ', 'cost_per_tonne': 900000000.0, 'abatement_potential': 2036060.3, 'implementation_time': 6, 'type': 'general'}, {'name': ' Decreasing clinker to 85% in OPC   ', 'cost_per_tonne': 1200000000.0, 'abatement_potential': 169671.69, 'implementation_time': 6, 'type': 'general'}, {'name': ' CCU                                ', 'cost_per_tonne': 1860000000.0, 'abatement_potential': 2036060.3, 'implementation_time': 6, 'type': 'general'}, {'name': ' Offset                             ', 'cost_per_tonne': 1880000000.0, 'abatement_potential': 407212.06, 'implementation_time': 6, 'type': 'general'}]"
22,CE_F7  , CEMENT   ,955372,0.53,0.52,0.52,0.183529622,23920387000,147.6710645,True,0.1,200, ,23920400000000.0,23920387000,"[{'name': ' Efficient electrical equipment     ', 'cost_per_tonne': -430000000.0, 'abatement_potential': 5669.86, 'implementation_time': 6, 'type': 'general'}, {'name': ' Waste heat recovery                ', 'cost_per_tonne': -420000000.0, 'abatement_potential': 22679.45, 'implementation_time': 6, 'type': 'general'}, {'name': ' Automation system                  ', 'cost_per_tonne': -410000000.0, 'abatement_potential': 11339.73, 'implementation_time': 6, 'type': 'general'}, {'name': ' Efficient grinding system          ', 'cost_per_tonne': -360000000.0, 'abatement_potential': 14174.66, 'implementation_time': 6, 'type': 'general'}, {'name': ' Optimising auxiliary power         ', 'cost_per_tonne': -340000000.0, 'abatement_potential': 2834.93, 'implementation_time': 6, 'type': 'general'}, {'name': ' Increasing slag to 70% in PSC      ', 'cost_per_tonne': -300000000.0, 'abatement_potential': 14174.66, 'implementation_time': 6, 'type': 'general'}, {'name': ' Enhancement in Kiln                ', 'cost_per_tonne': -280000000.0, 'abatement_potential': 8504.8, 'implementation_time': 6, 'type': 'general'}, {'name': ' Heat rate reduction in CPP         ', 'cost_per_tonne': -260000000.0, 'abatement_potential': 5669.86, 'implementation_time': 6, 'type': 'general'}, {'name': ' Improving burnability of material  ', 'cost_per_tonne': -130000000.0, 'abatement_potential': 19844.52, 'implementation_time': 6, 'type': 'general'}, {'name': ' Burner retrofit                    ', 'cost_per_tonne': -120000000.0, 'abatement_potential': 2834.93, 'implementation_time': 6, 'type': 'general'}, {'name': ' High efficiency clinker coolers    ', 'cost_per_tonne': -100000000.0, 'abatement_potential': 8504.8, 'implementation_time': 6, 'type': 'general'}, {'name': ' Substitute OPC with LC3 cement     ', 'cost_per_tonne': -80000000.0, 'abatement_potential': 11339.73, 'implementation_time': 6, 'type': 'general'}, {'name': ' Increasing fly ash to 35% in PPC   ', 'cost_per_tonne': -70000000.0, 'abatement_potential': 28349.32, 'implementation_time': 6, 'type': 'general'}, {'name': ' Renewable energy use in electricity', 'cost_per_tonne': 180000000.0, 'abatement_potential': 22679.45, 'implementation_time': 6, 'type': 'general'}, {'name': ' Increasing TSR to 30% in kiln fuel ', 'cost_per_tonne': 420000000.0, 'abatement_potential': 51028.77, 'implementation_time': 6, 'type': 'general'}, {'name': ' CCS                                ', 'cost_per_tonne': 900000000.0, 'abatement_potential': 170095.91, 'implementation_time': 6, 'type': 'general'}, {'name': ' Decreasing clinker to 85% in OPC   ', 'cost_per_tonne': 1200000000.0, 'abatement_potential': 14174.66, 'implementation_time': 6, 'type': 'general'}, {'name': ' CCU                                ', 'cost_per_tonne': 1860000000.0, 'abatement_potential': 170095.91, 'implementation_time': 6, 'type': 'general'}, {'name': ' Offset                             ', 'cost_per_tonne': 1880000000.0, 'abatement_potential': 34019.18, 'implementation_time': 6, 'type': 'general'}]"
23,CE_F8  , CEMENT   ,4266298,0.51,0.5,0.5,0.599093409,20106190000,109.7710942,True,0.1,200, ,20106200000000.0,20106190000,"[{'name': ' Efficient electrical equipment     ', 'cost_per_tonne': -430000000.0, 'abatement_potential': 25319.28, 'implementation_time': 6, 'type': 'general'}, {'name': ' Waste heat recovery                ', 'cost_per_tonne': -420000000.0, 'abatement_potential': 101277.1, 'implementation_time': 6, 'type': 'general'}, {'name': ' Automation system                  ', 'cost_per_tonne': -410000000.0, 'abatement_potential': 50638.55, 'implementation_time': 6, 'type': 'general'}, {'name': ' Efficient grinding system          ', 'cost_per_tonne': -360000000.0, 'abatement_potential': 63298.19, 'implementation_time': 6, 'type': 'general'}, {'name': ' Optimising auxiliary power         ', 'cost_per_tonne': -340000000.0, 'abatement_potential': 12659.64, 'implementation_time': 6, 'type': 'general'}, {'name': ' Increasing slag to 70% in PSC      ', 'cost_per_tonne': -300000000.0, 'abatement_potential': 63298.19, 'implementation_time': 6, 'type': 'general'}, {'name': ' Enhancement in Kiln                ', 'cost_per_tonne': -280000000.0, 'abatement_potential': 37978.91, 'implementation_time': 6, 'type': 'general'}, {'name': ' Heat rate reduction in CPP         ', 'cost_per_tonne': -260000000.0, 'abatement_potential': 25319.28, 'implementation_time': 6, 'type': 'general'}, {'name': ' Improving burnability of material  ', 'cost_per_tonne': -130000000.0, 'abatement_potential': 88617.47, 'implementation_time': 6, 'type': 'general'}, {'name': ' Burner retrofit                    ', 'cost_per_tonne': -120000000.0, 'abatement_potential': 12659.64, 'implementation_time': 6, 'type': 'general'}, {'name': ' High efficiency clinker coolers    ', 'cost_per_tonne': -100000000.0, 'abatement_potential': 37978.91, 'implementation_time': 6, 'type': 'general'}, {'name': ' Substitute OPC with LC3 cement     ', 'cost_per_tonne': -80000000.0, 'abatement_potential': 50638.55, 'implementation_time': 6, 'type': 'general'}, {'name': ' Increasing fly ash to 35% in PPC   ', 'cost_per_tonne': -70000000.0, 'abatement_potential': 126596.38, 'implementation_time': 6, 'type': 'general'}, {'name': ' Renewable energy use in electricity', 'cost_per_tonne': 180000000.0, 'abatement_potential': 101277.1, 'implementation_time': 6, 'type': 'general'}, {'name': ' Increasing TSR to 30% in kiln fuel ', 'cost_per_tonne': 420000000.0, 'abatement_potential': 227873.48, 'implementation_time': 6, 'type': 'general'}, {'name': ' CCS                                ', 'cost_per_tonne': 900000000.0, 'abatement_potential': 759578.28, 'implementation_time': 6, 'type': 'general'}, {'name': ' Decreasing clinker to 85% in OPC   ', 'cost_per_tonne': 1200000000.0, 'abatement_potential': 63298.19, 'implementation_time': 6, 'type': 'general'}, {'name': ' CCU                                ', 'cost_per_tonne': 1860000000.0, 'abatement_potential': 759578.28, 'implementation_time': 6, 'type': 'general'}, {'name': ' Offset                             ', 'cost_per_tonne': 1880000000.0, 'abatement_potential': 151915.66, 'implementation_time': 6, 'type': 'general'}]"
24,CE_F9  , CEMENT   ,7253059,0.5,0.49,0.49,0.440208768,28296906000,194.027778,True,0.1,200, ,28296900000000.0,28296906000,"[{'name': ' Efficient electrical equipment     ', 'cost_per_tonne': -430000000.0, 'abatement_potential': 43044.86, 'implementation_time': 6, 'type': 'general'}, {'name': ' Waste heat recovery                ', 'cost_per_tonne': -420000000.0, 'abatement_potential': 172179.44, 'implementation_time': 6, 'type': 'general'}, {'name': ' Automation system                  ', 'cost_per_tonne': -410000000.0, 'abatement_potential': 86089.72, 'implementation_time': 6, 'type': 'general'}, {'name': ' Efficient grinding system          ', 'cost_per_tonne': -360000000.0, 'abatement_potential': 107612.15, 'implementation_time': 6, 'type': 'general'}, {'name': ' Optimising auxiliary power         ', 'cost_per_tonne': -340000000.0, 'abatement_potential': 21522.43, 'implementation_time': 6, 'type': 'general'}, {'name': ' Increasing slag to 70% in PSC      ', 'cost_per_tonne': -300000000.0, 'abatement_potential': 107612.15, 'implementation_time': 6, 'type': 'general'}, {'name': ' Enhancement in Kiln                ', 'cost_per_tonne': -280000000.0, 'abatement_potential': 64567.29, 'implementation_time': 6, 'type': 'general'}, {'name': ' Heat rate reduction in CPP         ', 'cost_per_tonne': -260000000.0, 'abatement_potential': 43044.86, 'implementation_time': 6, 'type': 'general'}, {'name': ' Improving burnability of material  ', 'cost_per_tonne': -130000000.0, 'abatement_potential': 150657.01, 'implementation_time': 6, 'type': 'general'}, {'name': ' Burner retrofit                    ', 'cost_per_tonne': -120000000.0, 'abatement_potential': 21522.43, 'implementation_time': 6, 'type': 'general'}, {'name': ' High efficiency clinker coolers    ', 'cost_per_tonne': -100000000.0, 'abatement_potential': 64567.29, 'implementation_time': 6, 'type': 'general'}, {'name': ' Substitute OPC with LC3 cement     ', 'cost_per_tonne': -80000000.0, 'abatement_potential': 86089.72, 'implementation_time': 6, 'type': 'general'}, {'name': ' Increasing fly ash to 35% in PPC   ', 'cost_per_tonne': -70000000.0, 'abatement_potential': 215224.3, 'implementation_time': 6, 'type': 'general'}, {'name': ' Renewable energy use in electricity', 'cost_per_tonne': 180000000.0, 'abatement_potential': 172179.44, 'implementation_time': 6, 'type': 'general'}, {'name': ' Increasing TSR to 30% in kiln fuel ', 'cost_per_tonne': 420000000.0, 'abatement_potential': 387403.74, 'implementation_time': 6, 'type': 'general'}, {'name': ' CCS                                ', 'cost_per_tonne': 900000000.0, 'abatement_potential': 1291345.82, 'implementation_time': 6, 'type': 'general'}, {'name': ' Decreasing clinker to 85% in OPC   ', 'cost_per_tonne': 1200000000.0, 'abatement_potential': 107612.15, 'implementation_time': 6, 'type': 'general'}, {'name': ' CCU                                ', 'cost_per_tonne': 1860000000.0, 'abatement_potential': 1291345.82, 'implementation_time': 6, 'type': 'general'}, {'name': ' Offset                             ', 'cost_per_tonne': 1880000000.0, 'abatement_potential': 258269.16, 'implementation_time': 6, 'type': 'general'}]"
25,CE_F10 , CEMENT   ,1527557,0.48,0.47,0.47,0.117537165,33219046000,213.1047772,True,0.1,200, ,33219000000000.0,33219046000,"[{'name': ' Efficient electrical equipment     ', 'cost_per_tonne': -430000000.0, 'abatement_potential': 9065.62, 'implementation_time': 6, 'type': 'general'}, {'name': ' Waste heat recovery                ', 'cost_per_tonne': -420000000.0, 'abatement_potential': 36262.48, 'implementation_time': 6, 'type': 'general'}, {'name': ' Automation system                  ', 'cost_per_tonne': -410000000.0, 'abatement_potential': 18131.24, 'implementation_time': 6, 'type': 'general'}, {'name': ' Efficient grinding system          ', 'cost_per_tonne': -360000000.0, 'abatement_potential': 22664.05, 'implementation_time': 6, 'type': 'general'}, {'name': ' Optimising auxiliary power         ', 'cost_per_tonne': -340000000.0, 'abatement_potential': 4532.81, 'implementation_time': 6, 'type': 'general'}, {'name': ' Increasing slag to 70% in PSC      ', 'cost_per_tonne': -300000000.0, 'abatement_potential': 22664.05, 'implementation_time': 6, 'type': 'general'}, {'name': ' Enhancement in Kiln                ', 'cost_per_tonne': -280000000.0, 'abatement_potential': 13598.43, 'implementation_time': 6, 'type': 'general'}, {'name': ' Heat rate reduction in CPP         ', 'cost_per_tonne': -260000000.0, 'abatement_potential': 9065.62, 'implementation_time': 6, 'type': 'general'}, {'name': ' Improving burnability of material  ', 'cost_per_tonne': -130000000.0, 'abatement_potential': 31729.67, 'implementation_time': 6, 'type': 'general'}, {'name': ' Burner retrofit                    ', 'cost_per_tonne': -120000000.0, 'abatement_potential': 4532.81, 'implementation_time': 6, 'type': 'general'}, {'name': ' High efficiency clinker coolers    ', 'cost_per_tonne': -100000000.0, 'abatement_potential': 13598.43, 'implementation_time': 6, 'type': 'general'}, {'name': ' Substitute OPC with LC3 cement     ', 'cost_per_tonne': -80000000.0, 'abatement_potential': 18131.24, 'implementation_time': 6, 'type': 'general'}, {'name': ' Increasing fly ash to 35% in PPC   ', 'cost_per_tonne': -70000000.0, 'abatement_potential': 45328.1, 'implementation_time': 6, 'type': 'general'}, {'name': ' Renewable energy use in electricity', 'cost_per_tonne': 180000000.0, 'abatement_potential': 36262.48, 'implementation_time': 6, 'type': 'general'}, {'name': ' Increasing TSR to 30% in kiln fuel ', 'cost_per_tonne': 420000000.0, 'abatement_potential': 81590.58, 'implementation_time': 6, 'type': 'general'}, {'name': ' CCS                                ', 'cost_per_tonne': 900000000.0, 'abatement_potential': 271968.61, 'implementation_time': 6, 'type': 'general'}, {'name': ' Decreasing clinker to 85% in OPC   ', 'cost_per_tonne': 1200000000.0, 'abatement_potential': 22664.05, 'implementation_time': 6, 'type': 'general'}, {'name': ' CCU                                ', 'cost_per_tonne': 1860000000.0, 'abatement_potential': 271968.61, 'implementation_time': 6, 'type': 'general'}, {'name': ' Offset                             ', 'cost_per_tonne': 1880000000.0, 'abatement_potential': 54393.72, 'implementation_time': 6, 'type': 'general'}]"
26,CE_F11 , CEMENT   ,5723324,0.51,0.5,0.5,0.243092881,36460878000,154.3781272,True,0.1,200, ,36460900000000.0,36460878000,"[{'name': ' Efficient electrical equipment     ', 'cost_per_tonne': -430000000.0, 'abatement_potential': 33966.31, 'implementation_time': 6, 'type': 'general'}, {'name': ' Waste heat recovery                ', 'cost_per_tonne': -420000000.0, 'abatement_potential': 135865.26, 'implementation_time': 6, 'type': 'general'}, {'name': ' Automation system                  ', 'cost_per_tonne': -410000000.0, 'abatement_potential': 67932.63, 'implementation_time': 6, 'type': 'general'}, {'name': ' Efficient grinding system          ', 'cost_per_tonne': -360000000.0, 'abatement_potential': 84915.79, 'implementation_time': 6, 'type': 'general'}, {'name': ' Optimising auxiliary power         ', 'cost_per_tonne': -340000000.0, 'abatement_potential': 16983.16, 'implementation_time': 6, 'type': 'general'}, {'name': ' Increasing slag to 70% in PSC      ', 'cost_per_tonne': -300000000.0, 'abatement_potential': 84915.79, 'implementation_time': 6, 'type': 'general'}, {'name': ' Enhancement in Kiln                ', 'cost_per_tonne': -280000000.0, 'abatement_potential': 50949.47, 'implementation_time': 6, 'type': 'general'}, {'name': ' Heat rate reduction in CPP         ', 'cost_per_tonne': -260000000.0, 'abatement_potential': 33966.31, 'implementation_time': 6, 'type': 'general'}, {'name': ' Improving burnability of material  ', 'cost_per_tonne': -130000000.0, 'abatement_potential': 118882.1, 'implementation_time': 6, 'type': 'general'}, {'name': ' Burner retrofit                    ', 'cost_per_tonne': -120000000.0, 'abatement_potential': 16983.16, 'implementation_time': 6, 'type': 'general'}, {'name': ' High efficiency clinker coolers    ', 'cost_per_tonne': -100000000.0, 'abatement_potential': 50949.47, 'implementation_time': 6, 'type': 'general'}, {'name': ' Substitute OPC with LC3 cement     ', 'cost_per_tonne': -80000000.0, 'abatement_potential': 67932.63, 'implementation_time': 6, 'type': 'general'}, {'name': ' Increasing fly ash to 35% in PPC   ', 'cost_per_tonne': -70000000.0, 'abatement_potential': 169831.57, 'implementation_time': 6, 'type': 'general'}, {'name': ' Renewable energy use in electricity', 'cost_per_tonne': 180000000.0, 'abatement_potential': 135865.26, 'implementation_time': 6, 'type': 'general'}, {'name': ' Increasing TSR to 30% in kiln fuel ', 'cost_per_tonne': 420000000.0, 'abatement_potential': 305696.83, 'implementation_time': 6, 'type': 'general'}, {'name': ' CCS                                ', 'cost_per_tonne': 900000000.0, 'abatement_potential': 1018989.44, 'implementation_time': 6, 'type': 'general'}, {'name': ' Decreasing clinker to 85% in OPC   ', 'cost_per_tonne': 1200000000.0, 'abatement_potential': 84915.79, 'implementation_time': 6, 'type': 'general'}, {'name': ' CCU                                ', 'cost_per_tonne': 1860000000.0, 'abatement_potential': 1018989.44, 'implementation_time': 6, 'type': 'general'}, {'name': ' Offset                             ', 'cost_per_tonne': 1880000000.0, 'abatement_potential': 203797.89, 'implementation_time': 6, 'type': 'general'}]"
27,CE_F12 , CEMENT   ,4378944,0.5,0.49,0.49,0.801683232,40455635000,164.3237273,True,0.1,200, ,40455600000000.0,40455635000,"[{'name': ' Efficient electrical equipment     ', 'cost_per_tonne': -430000000.0, 'abatement_potential': 25987.8, 'implementation_time': 6, 'type': 'general'}, {'name': ' Waste heat recovery                ', 'cost_per_tonne': -420000000.0, 'abatement_potential': 103951.19, 'implementation_time': 6, 'type': 'general'}, {'name': ' Automation system                  ', 'cost_per_tonne': -410000000.0, 'abatement_potential': 51975.6, 'implementation_time': 6, 'type': 'general'}, {'name': ' Efficient grinding system          ', 'cost_per_tonne': -360000000.0, 'abatement_potential': 64969.5, 'implementation_time': 6, 'type': 'general'}, {'name': ' Optimising auxiliary power         ', 'cost_per_tonne': -340000000.0, 'abatement_potential': 12993.9, 'implementation_time': 6, 'type': 'general'}, {'name': ' Increasing slag to 70% in PSC      ', 'cost_per_tonne': -300000000.0, 'abatement_potential': 64969.5, 'implementation_time': 6, 'type': 'general'}, {'name': ' Enhancement in Kiln                ', 'cost_per_tonne': -280000000.0, 'abatement_potential': 38981.7, 'implementation_time': 6, 'type': 'general'}, {'name': ' Heat rate reduction in CPP         ', 'cost_per_tonne': -260000000.0, 'abatement_potential': 25987.8, 'implementation_time': 6, 'type': 'general'}, {'name': ' Improving burnability of material  ', 'cost_per_tonne': -130000000.0, 'abatement_potential': 90957.29, 'implementation_time': 6, 'type': 'general'}, {'name': ' Burner retrofit                    ', 'cost_per_tonne': -120000000.0, 'abatement_potential': 12993.9, 'implementation_time': 6, 'type': 'general'}, {'name': ' High efficiency clinker coolers    ', 'cost_per_tonne': -100000000.0, 'abatement_potential': 38981.7, 'implementation_time': 6, 'type': 'general'}, {'name': ' Substitute OPC with LC3 cement     ', 'cost_per_tonne': -80000000.0, 'abatement_potential': 51975.6, 'implementation_time': 6, 'type': 'general'}, {'name': ' Increasing fly ash to 35% in PPC   ', 'cost_per_tonne': -70000000.0, 'abatement_potential': 129938.99, 'implementation_time': 6, 'type': 'general'}, {'name': ' Renewable energy use in electricity', 'cost_per_tonne': 180000000.0, 'abatement_potential': 103951.19, 'implementation_time': 6, 'type': 'general'}, {'name': ' Increasing TSR to 30% in kiln fuel ', 'cost_per_tonne': 420000000.0, 'abatement_potential': 233890.18, 'implementation_time': 6, 'type': 'general'}, {'name': ' CCS                                ', 'cost_per_tonne': 900000000.0, 'abatement_potential': 779633.95, 'implementation_time': 6, 'type': 'general'}, {'name': ' Decreasing clinker to 85% in OPC   ', 'cost_per_tonne': 1200000000.0, 'abatement_potential': 64969.5, 'implementation_time': 6, 'type': 'general'}, {'name': ' CCU                                ', 'cost_per_tonne': 1860000000.0, 'abatement_potential': 779633.95, 'implementation_time': 6, 'type': 'general'}, {'name': ' Offset                             ', 'cost_per_tonne': 1880000000.0, 'abatement_potential': 155926.79, 'implementation_time': 6, 'type': 'general'}]"
28,CE_F13 , CEMENT   ,7872567,0.54,0.52,0.52,0.803087182,27865565000,123.6007326,True,0.1,200, ,27865600000000.0,27865565000,"[{'name': ' Efficient electrical equipment     ', 'cost_per_tonne': -430000000.0, 'abatement_potential': 46721.47, 'implementation_time': 6, 'type': 'general'}, {'name': ' Waste heat recovery                ', 'cost_per_tonne': -420000000.0, 'abatement_potential': 186885.86, 'implementation_time': 6, 'type': 'general'}, {'name': ' Automation system                  ', 'cost_per_tonne': -410000000.0, 'abatement_potential': 93442.93, 'implementation_time': 6, 'type': 'general'}, {'name': ' Efficient grinding system          ', 'cost_per_tonne': -360000000.0, 'abatement_potential': 116803.66, 'implementation_time': 6, 'type': 'general'}, {'name': ' Optimising auxiliary power         ', 'cost_per_tonne': -340000000.0, 'abatement_potential': 23360.73, 'implementation_time': 6, 'type': 'general'}, {'name': ' Increasing slag to 70% in PSC      ', 'cost_per_tonne': -300000000.0, 'abatement_potential': 116803.66, 'implementation_time': 6, 'type': 'general'}, {'name': ' Enhancement in Kiln                ', 'cost_per_tonne': -280000000.0, 'abatement_potential': 70082.2, 'implementation_time': 6, 'type': 'general'}, {'name': ' Heat rate reduction in CPP         ', 'cost_per_tonne': -260000000.0, 'abatement_potential': 46721.47, 'implementation_time': 6, 'type': 'general'}, {'name': ' Improving burnability of material  ', 'cost_per_tonne': -130000000.0, 'abatement_potential': 163525.13, 'implementation_time': 6, 'type': 'general'}, {'name': ' Burner retrofit                    ', 'cost_per_tonne': -120000000.0, 'abatement_potential': 23360.73, 'implementation_time': 6, 'type': 'general'}, {'name': ' High efficiency clinker coolers    ', 'cost_per_tonne': -100000000.0, 'abatement_potential': 70082.2, 'implementation_time': 6, 'type': 'general'}, {'name': ' Substitute OPC with LC3 cement     ', 'cost_per_tonne': -80000000.0, 'abatement_potential': 93442.93, 'implementation_time': 6, 'type': 'general'}, {'name': ' Increasing fly ash to 35% in PPC   ', 'cost_per_tonne': -70000000.0, 'abatement_potential': 233607.33, 'implementation_time': 6, 'type': 'general'}, {'name': ' Renewable energy use in electricity', 'cost_per_tonne': 180000000.0, 'abatement_potential': 186885.86, 'implementation_time': 6, 'type': 'general'}, {'name': ' Increasing TSR to 30% in kiln fuel ', 'cost_per_tonne': 420000000.0, 'abatement_potential': 420493.19, 'implementation_time': 6, 'type': 'general'}, {'name': ' CCS                                ', 'cost_per_tonne': 900000000.0, 'abatement_potential': 1401643.98, 'implementation_time': 6, 'type': 'general'}, {'name': ' Decreasing clinker to 85% in OPC   ', 'cost_per_tonne': 1200000000.0, 'abatement_potential': 116803.66, 'implementation_time': 6, 'type': 'general'}, {'name': ' CCU                                ', 'cost_per_tonne': 1860000000.0, 'abatement_potential': 1401643.98, 'implementation_time': 6, 'type': 'general'}, {'name': ' Offset                             ', 'cost_per_tonne': 1880000000.0, 'abatement_potential': 280328.8, 'implementation_time': 6, 'type': 'general'}]"
29,CE_F14 , CEMENT   ,1446197,0.58,0.56,0.56,0.500072442,47867448000,173.3953911,True,0.1,200, ,47867400000000.0,47867448000,"[{'name': ' Efficient electrical equipment     ', 'cost_per_tonne': -430000000.0, 'abatement_potential': 8582.77, 'implementation_time': 6, 'type': 'general'}, {'name': ' Waste heat recovery                ', 'cost_per_tonne': -420000000.0, 'abatement_potential': 34331.09, 'implementation_time': 6, 'type': 'general'}, {'name': ' Automation system                  ', 'cost_per_tonne': -410000000.0, 'abatement_potential': 17165.54, 'implementation_time': 6, 'type': 'general'}, {'name': ' Efficient grinding system          ', 'cost_per_tonne': -360000000.0, 'abatement_potential': 21456.93, 'implementation_time': 6, 'type': 'general'}, {'name': ' Optimising auxiliary power         ', 'cost_per_tonne': -340000000.0, 'abatement_potential': 4291.39, 'implementation_time': 6, 'type': 'general'}, {'name': ' Increasing slag to 70% in PSC      ', 'cost_per_tonne': -300000000.0, 'abatement_potential': 21456.93, 'implementation_time': 6, 'type': 'general'}, {'name': ' Enhancement in Kiln                ', 'cost_per_tonne': -280000000.0, 'abatement_potential': 12874.16, 'implementation_time': 6, 'type': 'general'}, {'name': ' Heat rate reduction in CPP         ', 'cost_per_tonne': -260000000.0, 'abatement_potential': 8582.77, 'implementation_time': 6, 'type': 'general'}, {'name': ' Improving burnability of material  ', 'cost_per_tonne': -130000000.0, 'abatement_potential': 30039.7, 'implementation_time': 6, 'type': 'general'}, {'name': ' Burner retrofit                    ', 'cost_per_tonne': -120000000.0, 'abatement_potential': 4291.39, 'implementation_time': 6, 'type': 'general'}, {'name': ' High efficiency clinker coolers    ', 'cost_per_tonne': -100000000.0, 'abatement_potential': 12874.16, 'implementation_time': 6, 'type': 'general'}, {'name': ' Substitute OPC with LC3 cement     ', 'cost_per_tonne': -80000000.0, 'abatement_potential': 17165.54, 'implementation_time': 6, 'type': 'general'}, {'name': ' Increasing fly ash to 35% in PPC   ', 'cost_per_tonne': -70000000.0, 'abatement_potential': 42913.86, 'implementation_time': 6, 'type': 'general'}, {'name': ' Renewable energy use in electricity', 'cost_per_tonne': 180000000.0, 'abatement_potential': 34331.09, 'implementation_time': 6, 'type': 'general'}, {'name': ' Increasing TSR to 30% in kiln fuel ', 'cost_per_tonne': 420000000.0, 'abatement_potential': 77244.94, 'implementation_time': 6, 'type': 'general'}, {'name': ' CCS                                ', 'cost_per_tonne': 900000000.0, 'abatement_potential': 257483.15, 'implementation_time': 6, 'type': 'general'}, {'name': ' Decreasing clinker to 85% in OPC   ', 'cost_per_tonne': 1200000000.0, 'abatement_potential': 21456.93, 'implementation_time': 6, 'type': 'general'}, {'name': ' CCU                                ', 'cost_per_tonne': 1860000000.0, 'abatement_potential': 257483.15, 'implementation_time': 6, 'type': 'general'}, {'name': ' Offset                             ', 'cost_per_tonne': 1880000000.0, 'abatement_potential': 51496.63, 'implementation_time': 6, 'type': 'general'}]"
30,CE_F15 , CEMENT   ,3675964,0.5,0.49,0.49,0.299965032,30976023000,106.4021209,True,0.1,200, ,30976000000000.0,30976023000,"[{'name': ' Efficient electrical equipment     ', 'cost_per_tonne': -430000000.0, 'abatement_potential': 21815.81, 'implementation_time': 6, 'type': 'general'}, {'name': ' Waste heat recovery                ', 'cost_per_tonne': -420000000.0, 'abatement_potential': 87263.24, 'implementation_time': 6, 'type': 'general'}, {'name': ' Automation system                  ', 'cost_per_tonne': -410000000.0, 'abatement_potential': 43631.62, 'implementation_time': 6, 'type': 'general'}, {'name': ' Efficient grinding system          ', 'cost_per_tonne': -360000000.0, 'abatement_potential': 54539.53, 'implementation_time': 6, 'type': 'general'}, {'name': ' Optimising auxiliary power         ', 'cost_per_tonne': -340000000.0, 'abatement_potential': 10907.91, 'implementation_time': 6, 'type': 'general'}, {'name': ' Increasing slag to 70% in PSC      ', 'cost_per_tonne': -300000000.0, 'abatement_potential': 54539.53, 'implementation_time': 6, 'type': 'general'}, {'name': ' Enhancement in Kiln                ', 'cost_per_tonne': -280000000.0, 'abatement_potential': 32723.72, 'implementation_time': 6, 'type': 'general'}, {'name': ' Heat rate reduction in CPP         ', 'cost_per_tonne': -260000000.0, 'abatement_potential': 21815.81, 'implementation_time': 6, 'type': 'general'}, {'name': ' Improving burnability of material  ', 'cost_per_tonne': -130000000.0, 'abatement_potential': 76355.34, 'implementation_time': 6, 'type': 'general'}, {'name': ' Burner retrofit                    ', 'cost_per_tonne': -120000000.0, 'abatement_potential': 10907.91, 'implementation_time': 6, 'type': 'general'}, {'name': ' High efficiency clinker coolers    ', 'cost_per_tonne': -100000000.0, 'abatement_potential': 32723.72, 'implementation_time': 6, 'type': 'general'}, {'name': ' Substitute OPC with LC3 cement     ', 'cost_per_tonne': -80000000.0, 'abatement_potential': 43631.62, 'implementation_time': 6, 'type': 'general'}, {'name': ' Increasing fly ash to 35% in PPC   ', 'cost_per_tonne': -70000000.0, 'abatement_potential': 109079.05, 'implementation_time': 6, 'type': 'general'}, {'name': ' Renewable energy use in electricity', 'cost_per_tonne': 180000000.0, 'abatement_potential': 87263.24, 'implementation_time': 6, 'type': 'general'}, {'name': ' Increasing TSR to 30% in kiln fuel ', 'cost_per_tonne': 420000000.0, 'abatement_potential': 196342.29, 'implementation_time': 6, 'type': 'general'}, {'name': ' CCS                                ', 'cost_per_tonne': 900000000.0, 'abatement_potential': 654474.3, 'implementation_time': 6, 'type': 'general'}, {'name': ' Decreasing clinker to 85% in OPC   ', 'cost_per_tonne': 1200000000.0, 'abatement_potential': 54539.53, 'implementation_time': 6, 'type': 'general'}, {'name': ' CCU                                ', 'cost_per_tonne': 1860000000.0, 'abatement_potential': 654474.3, 'implementation_time': 6, 'type': 'general'}, {'name': ' Offset                             ', 'cost_per_tonne': 1880000000.0, 'abatement_potential': 130894.86, 'implementation_time': 6, 'type': 'general'}]"
31,CE_F16 , CEMENT   ,3506174,0.53,0.52,0.52,0.455410608,35883201000,173.1185188,True,0.1,200, ,35883200000000.0,35883201000,"[{'name': ' Efficient electrical equipment     ', 'cost_per_tonne': -430000000.0, 'abatement_potential': 20808.15, 'implementation_time': 6, 'type': 'general'}, {'name': ' Waste heat recovery                ', 'cost_per_tonne': -420000000.0, 'abatement_potential': 83232.62, 'implementation_time': 6, 'type': 'general'}, {'name': ' Automation system                  ', 'cost_per_tonne': -410000000.0, 'abatement_potential': 41616.31, 'implementation_time': 6, 'type': 'general'}, {'name': ' Efficient grinding system          ', 'cost_per_tonne': -360000000.0, 'abatement_potential': 52020.39, 'implementation_time': 6, 'type': 'general'}, {'name': ' Optimising auxiliary power         ', 'cost_per_tonne': -340000000.0, 'abatement_potential': 10404.08, 'implementation_time': 6, 'type': 'general'}, {'name': ' Increasing slag to 70% in PSC      ', 'cost_per_tonne': -300000000.0, 'abatement_potential': 52020.39, 'implementation_time': 6, 'type': 'general'}, {'name': ' Enhancement in Kiln                ', 'cost_per_tonne': -280000000.0, 'abatement_potential': 31212.23, 'implementation_time': 6, 'type': 'general'}, {'name': ' Heat rate reduction in CPP         ', 'cost_per_tonne': -260000000.0, 'abatement_potential': 20808.15, 'implementation_time': 6, 'type': 'general'}, {'name': ' Improving burnability of material  ', 'cost_per_tonne': -130000000.0, 'abatement_potential': 72828.54, 'implementation_time': 6, 'type': 'general'}, {'name': ' Burner retrofit                    ', 'cost_per_tonne': -120000000.0, 'abatement_potential': 10404.08, 'implementation_time': 6, 'type': 'general'}, {'name': ' High efficiency clinker coolers    ', 'cost_per_tonne': -100000000.0, 'abatement_potential': 31212.23, 'implementation_time': 6, 'type': 'general'}, {'name': ' Substitute OPC with LC3 cement     ', 'cost_per_tonne': -80000000.0, 'abatement_potential': 41616.31, 'implementation_time': 6, 'type': 'general'}, {'name': ' Increasing fly ash to 35% in PPC   ', 'cost_per_tonne': -70000000.0, 'abatement_potential': 104040.77, 'implementation_time': 6, 'type': 'general'}, {'name': ' Renewable energy use in electricity', 'cost_per_tonne': 180000000.0, 'abatement_potential': 83232.62, 'implementation_time': 6, 'type': 'general'}, {'name': ' Increasing TSR to 30% in kiln fuel ', 'cost_per_tonne': 420000000.0, 'abatement_potential': 187273.39, 'implementation_time': 6, 'type': 'general'}, {'name': ' CCS                                ', 'cost_per_tonne': 900000000.0, 'abatement_potential': 624244.63, 'implementation_time': 6, 'type': 'general'}, {'name': ' Decreasing clinker to 85% in OPC   ', 'cost_per_tonne': 1200000000.0, 'abatement_potential': 52020.39, 'implementation_time': 6, 'type': 'general'}, {'name': ' CCU                                ', 'cost_per_tonne': 1860000000.0, 'abatement_potential': 624244.63, 'implementation_time': 6, 'type': 'general'}, {'name': ' Offset                             ', 'cost_per_tonne': 1880000000.0, 'abatement_potential': 124848.93, 'implementation_time': 6, 'type': 'general'}]"
32,CE_F17 , CEMENT   ,1709557,0.53,0.52,0.52,0.312299196,17693947000,181.9707895,True,0.1,200, ,17693900000000.0,17693947000,"[{'name': ' Efficient electrical equipment     ', 'cost_per_tonne': -430000000.0, 'abatement_potential': 10145.74, 'implementation_time': 6, 'type': 'general'}, {'name': ' Waste heat recovery                ', 'cost_per_tonne': -420000000.0, 'abatement_potential': 40582.96, 'implementation_time': 6, 'type': 'general'}, {'name': ' Automation system                  ', 'cost_per_tonne': -410000000.0, 'abatement_potential': 20291.48, 'implementation_time': 6, 'type': 'general'}, {'name': ' Efficient grinding system          ', 'cost_per_tonne': -360000000.0, 'abatement_potential': 25364.35, 'implementation_time': 6, 'type': 'general'}, {'name': ' Optimising auxiliary power         ', 'cost_per_tonne': -340000000.0, 'abatement_potential': 5072.87, 'implementation_time': 6, 'type': 'general'}, {'name': ' Increasing slag to 70% in PSC      ', 'cost_per_tonne': -300000000.0, 'abatement_potential': 25364.35, 'implementation_time': 6, 'type': 'general'}, {'name': ' Enhancement in Kiln                ', 'cost_per_tonne': -280000000.0, 'abatement_potential': 15218.61, 'implementation_time': 6, 'type': 'general'}, {'name': ' Heat rate reduction in CPP         ', 'cost_per_tonne': -260000000.0, 'abatement_potential': 10145.74, 'implementation_time': 6, 'type': 'general'}, {'name': ' Improving burnability of material  ', 'cost_per_tonne': -130000000.0, 'abatement_potential': 35510.09, 'implementation_time': 6, 'type': 'general'}, {'name': ' Burner retrofit                    ', 'cost_per_tonne': -120000000.0, 'abatement_potential': 5072.87, 'implementation_time': 6, 'type': 'general'}, {'name': ' High efficiency clinker coolers    ', 'cost_per_tonne': -100000000.0, 'abatement_potential': 15218.61, 'implementation_time': 6, 'type': 'general'}, {'name': ' Substitute OPC with LC3 cement     ', 'cost_per_tonne': -80000000.0, 'abatement_potential': 20291.48, 'implementation_time': 6, 'type': 'general'}, {'name': ' Increasing fly ash to 35% in PPC   ', 'cost_per_tonne': -70000000.0, 'abatement_potential': 50728.69, 'implementation_time': 6, 'type': 'general'}, {'name': ' Renewable energy use in electricity', 'cost_per_tonne': 180000000.0, 'abatement_potential': 40582.96, 'implementation_time': 6, 'type': 'general'}, {'name': ' Increasing TSR to 30% in kiln fuel ', 'cost_per_tonne': 420000000.0, 'abatement_potential': 91311.65, 'implementation_time': 6, 'type': 'general'}, {'name': ' CCS                                ', 'cost_per_tonne': 900000000.0, 'abatement_potential': 304372.17, 'implementation_time': 6, 'type': 'general'}, {'name': ' Decreasing clinker to 85% in OPC   ', 'cost_per_tonne': 1200000000.0, 'abatement_potential': 25364.35, 'implementation_time': 6, 'type': 'general'}, {'name': ' CCU                                ', 'cost_per_tonne': 1860000000.0, 'abatement_potential': 304372.17, 'implementation_time': 6, 'type': 'general'}, {'name': ' Offset                             ', 'cost_per_tonne': 1880000000.0, 'abatement_potential': 60874.43, 'implementation_time': 6, 'type': 'general'}]"
33,CE_F18 , CEMENT   ,4978370,0.54,0.53,0.53,0.55013807,34278100000,129.6316466,True,0.1,200, ,34278100000000.0,34278100000,"[{'name': ' Efficient electrical equipment     ', 'cost_per_tonne': -430000000.0, 'abatement_potential': 29545.22, 'implementation_time': 6, 'type': 'general'}, {'name': ' Waste heat recovery                ', 'cost_per_tonne': -420000000.0, 'abatement_potential': 118180.89, 'implementation_time': 6, 'type': 'general'}, {'name': ' Automation system                  ', 'cost_per_tonne': -410000000.0, 'abatement_potential': 59090.45, 'implementation_time': 6, 'type': 'general'}, {'name': ' Efficient grinding system          ', 'cost_per_tonne': -360000000.0, 'abatement_potential': 73863.06, 'implementation_time': 6, 'type': 'general'}, {'name': ' Optimising auxiliary power         ', 'cost_per_tonne': -340000000.0, 'abatement_potential': 14772.61, 'implementation_time': 6, 'type': 'general'}, {'name': ' Increasing slag to 70% in PSC      ', 'cost_per_tonne': -300000000.0, 'abatement_potential': 73863.06, 'implementation_time': 6, 'type': 'general'}, {'name': ' Enhancement in Kiln                ', 'cost_per_tonne': -280000000.0, 'abatement_potential': 44317.83, 'implementation_time': 6, 'type': 'general'}, {'name': ' Heat rate reduction in CPP         ', 'cost_per_tonne': -260000000.0, 'abatement_potential': 29545.22, 'implementation_time': 6, 'type': 'general'}, {'name': ' Improving burnability of material  ', 'cost_per_tonne': -130000000.0, 'abatement_potential': 103408.28, 'implementation_time': 6, 'type': 'general'}, {'name': ' Burner retrofit                    ', 'cost_per_tonne': -120000000.0, 'abatement_potential': 14772.61, 'implementation_time': 6, 'type': 'general'}, {'name': ' High efficiency clinker coolers    ', 'cost_per_tonne': -100000000.0, 'abatement_potential': 44317.83, 'implementation_time': 6, 'type': 'general'}, {'name': ' Substitute OPC with LC3 cement     ', 'cost_per_tonne': -80000000.0, 'abatement_potential': 59090.45, 'implementation_time': 6, 'type': 'general'}, {'name': ' Increasing fly ash to 35% in PPC   ', 'cost_per_tonne': -70000000.0, 'abatement_potential': 147726.11, 'implementation_time': 6, 'type': 'general'}, {'name': ' Renewable energy use in electricity', 'cost_per_tonne': 180000000.0, 'abatement_potential': 118180.89, 'implementation_time': 6, 'type': 'general'}, {'name': ' Increasing TSR to 30% in kiln fuel ', 'cost_per_tonne': 420000000.0, 'abatement_potential': 265907.0, 'implementation_time': 6, 'type': 'general'}, {'name': ' CCS                                ', 'cost_per_tonne': 900000000.0, 'abatement_potential': 886356.68, 'implementation_time': 6, 'type': 'general'}, {'name': ' Decreasing clinker to 85% in OPC   ', 'cost_per_tonne': 1200000000.0, 'abatement_potential': 73863.06, 'implementation_time': 6, 'type': 'general'}, {'name': ' CCU                                ', 'cost_per_tonne': 1860000000.0, 'abatement_potential': 886356.68, 'implementation_time': 6, 'type': 'general'}, {'name': ' Offset                             ', 'cost_per_tonne': 1880000000.0, 'abatement_potential': 177271.34, 'implementation_time': 6, 'type': 'general'}]"
34,CE_F19 , CEMENT   ,5390695,0.59,0.57,0.57,0.191415811,47761698000,162.8264164,True,0.1,200, ,47761700000000.0,47761698000,"[{'name': ' Efficient electrical equipment     ', 'cost_per_tonne': -430000000.0, 'abatement_potential': 31992.26, 'implementation_time': 6, 'type': 'general'}, {'name': ' Waste heat recovery                ', 'cost_per_tonne': -420000000.0, 'abatement_potential': 127969.02, 'implementation_time': 6, 'type': 'general'}, {'name': ' Automation system                  ', 'cost_per_tonne': -410000000.0, 'abatement_potential': 63984.51, 'implementation_time': 6, 'type': 'general'}, {'name': ' Efficient grinding system          ', 'cost_per_tonne': -360000000.0, 'abatement_potential': 79980.64, 'implementation_time': 6, 'type': 'general'}, {'name': ' Optimising auxiliary power         ', 'cost_per_tonne': -340000000.0, 'abatement_potential': 15996.13, 'implementation_time': 6, 'type': 'general'}, {'name': ' Increasing slag to 70% in PSC      ', 'cost_per_tonne': -300000000.0, 'abatement_potential': 79980.64, 'implementation_time': 6, 'type': 'general'}, {'name': ' Enhancement in Kiln                ', 'cost_per_tonne': -280000000.0, 'abatement_potential': 47988.38, 'implementation_time': 6, 'type': 'general'}, {'name': ' Heat rate reduction in CPP         ', 'cost_per_tonne': -260000000.0, 'abatement_potential': 31992.26, 'implementation_time': 6, 'type': 'general'}, {'name': ' Improving burnability of material  ', 'cost_per_tonne': -130000000.0, 'abatement_potential': 111972.89, 'implementation_time': 6, 'type': 'general'}, {'name': ' Burner retrofit                    ', 'cost_per_tonne': -120000000.0, 'abatement_potential': 15996.13, 'implementation_time': 6, 'type': 'general'}, {'name': ' High efficiency clinker coolers    ', 'cost_per_tonne': -100000000.0, 'abatement_potential': 47988.38, 'implementation_time': 6, 'type': 'general'}, {'name': ' Substitute OPC with LC3 cement     ', 'cost_per_tonne': -80000000.0, 'abatement_potential': 63984.51, 'implementation_time': 6, 'type': 'general'}, {'name': ' Increasing fly ash to 35% in PPC   ', 'cost_per_tonne': -70000000.0, 'abatement_potential': 159961.28, 'implementation_time': 6, 'type': 'general'}, {'name': ' Renewable energy use in electricity', 'cost_per_tonne': 180000000.0, 'abatement_potential': 127969.02, 'implementation_time': 6, 'type': 'general'}, {'name': ' Increasing TSR to 30% in kiln fuel ', 'cost_per_tonne': 420000000.0, 'abatement_potential': 287930.3, 'implementation_time': 6, 'type': 'general'}, {'name': ' CCS                                ', 'cost_per_tonne': 900000000.0, 'abatement_potential': 959767.66, 'implementation_time': 6, 'type': 'general'}, {'name': ' Decreasing clinker to 85% in OPC   ', 'cost_per_tonne': 1200000000.0, 'abatement_potential': 79980.64, 'implementation_time': 6, 'type': 'general'}, {'name': ' CCU                                ', 'cost_per_tonne': 1860000000.0, 'abatement_potential': 959767.66, 'implementation_time': 6, 'type': 'general'}, {'name': ' Offset                             ', 'cost_per_tonne': 1880000000.0, 'abatement_potential': 191953.53, 'implementation_time': 6, 'type': 'general'}]"
35,CE_F20 , CEMENT   ,3935118,0.54,0.53,0.53,0.487282257,48976294000,208.5225313,True,0.1,200, ,48976300000000.0,48976294000,"[{'name': ' Efficient electrical equipment     ', 'cost_per_tonne': -430000000.0, 'abatement_potential': 23353.82, 'implementation_time': 6, 'type': 'general'}, {'name': ' Waste heat recovery                ', 'cost_per_tonne': -420000000.0, 'abatement_potential': 93415.26, 'implementation_time': 6, 'type': 'general'}, {'name': ' Automation system                  ', 'cost_per_tonne': -410000000.0, 'abatement_potential': 46707.63, 'implementation_time': 6, 'type': 'general'}, {'name': ' Efficient grinding system          ', 'cost_per_tonne': -360000000.0, 'abatement_potential': 58384.54, 'implementation_time': 6, 'type': 'general'}, {'name': ' Optimising auxiliary power         ', 'cost_per_tonne': -340000000.0, 'abatement_potential': 11676.91, 'implementation_time': 6, 'type': 'general'}, {'name': ' Increasing slag to 70% in PSC      ', 'cost_per_tonne': -300000000.0, 'abatement_potential': 58384.54, 'implementation_time': 6, 'type': 'general'}, {'name': ' Enhancement in Kiln                ', 'cost_per_tonne': -280000000.0, 'abatement_potential': 35030.72, 'implementation_time': 6, 'type': 'general'}, {'name': ' Heat rate reduction in CPP         ', 'cost_per_tonne': -260000000.0, 'abatement_potential': 23353.82, 'implementation_time': 6, 'type': 'general'}, {'name': ' Improving burnability of material  ', 'cost_per_tonne': -130000000.0, 'abatement_potential': 81738.36, 'implementation_time': 6, 'type': 'general'}, {'name': ' Burner retrofit                    ', 'cost_per_tonne': -120000000.0, 'abatement_potential': 11676.91, 'implementation_time': 6, 'type': 'general'}, {'name': ' High efficiency clinker coolers    ', 'cost_per_tonne': -100000000.0, 'abatement_potential': 35030.72, 'implementation_time': 6, 'type': 'general'}, {'name': ' Substitute OPC with LC3 cement     ', 'cost_per_tonne': -80000000.0, 'abatement_potential': 46707.63, 'implementation_time': 6, 'type': 'general'}, {'name': ' Increasing fly ash to 35% in PPC   ', 'cost_per_tonne': -70000000.0, 'abatement_potential': 116769.08, 'implementation_time': 6, 'type': 'general'}, {'name': ' Renewable energy use in electricity', 'cost_per_tonne': 180000000.0, 'abatement_potential': 93415.26, 'implementation_time': 6, 'type': 'general'}, {'name': ' Increasing TSR to 30% in kiln fuel ', 'cost_per_tonne': 420000000.0, 'abatement_potential': 210184.34, 'implementation_time': 6, 'type': 'general'}, {'name': ' CCS                                ', 'cost_per_tonne': 900000000.0, 'abatement_potential': 700614.48, 'implementation_time': 6, 'type': 'general'}, {'name': ' Decreasing clinker to 85% in OPC   ', 'cost_per_tonne': 1200000000.0, 'abatement_potential': 58384.54, 'implementation_time': 6, 'type': 'general'}, {'name': ' CCU                                ', 'cost_per_tonne': 1860000000.0, 'abatement_potential': 700614.48, 'implementation_time': 6, 'type': 'general'}, {'name': ' Offset                             ', 'cost_per_tonne': 1880000000.0, 'abatement_potential': 140122.9, 'implementation_time': 6, 'type': 'general'}]"
36,CE_F21 , CEMENT   ,4334256,0.52,0.51,0.51,0.680922905,14690158000,118.8265123,True,0.1,200, ,14690200000000.0,14690158000,"[{'name': ' Efficient electrical equipment     ', 'cost_per_tonne': -430000000.0, 'abatement_potential': 25722.59, 'implementation_time': 6, 'type': 'general'}, {'name': ' Waste heat recovery                ', 'cost_per_tonne': -420000000.0, 'abatement_potential': 102890.35, 'implementation_time': 6, 'type': 'general'}, {'name': ' Automation system                  ', 'cost_per_tonne': -410000000.0, 'abatement_potential': 51445.18, 'implementation_time': 6, 'type': 'general'}, {'name': ' Efficient grinding system          ', 'cost_per_tonne': -360000000.0, 'abatement_potential': 64306.47, 'implementation_time': 6, 'type': 'general'}, {'name': ' Optimising auxiliary power         ', 'cost_per_tonne': -340000000.0, 'abatement_potential': 12861.29, 'implementation_time': 6, 'type': 'general'}, {'name': ' Increasing slag to 70% in PSC      ', 'cost_per_tonne': -300000000.0, 'abatement_potential': 64306.47, 'implementation_time': 6, 'type': 'general'}, {'name': ' Enhancement in Kiln                ', 'cost_per_tonne': -280000000.0, 'abatement_potential': 38583.88, 'implementation_time': 6, 'type': 'general'}, {'name': ' Heat rate reduction in CPP         ', 'cost_per_tonne': -260000000.0, 'abatement_potential': 25722.59, 'implementation_time': 6, 'type': 'general'}, {'name': ' Improving burnability of material  ', 'cost_per_tonne': -130000000.0, 'abatement_potential': 90029.06, 'implementation_time': 6, 'type': 'general'}, {'name': ' Burner retrofit                    ', 'cost_per_tonne': -120000000.0, 'abatement_potential': 12861.29, 'implementation_time': 6, 'type': 'general'}, {'name': ' High efficiency clinker coolers    ', 'cost_per_tonne': -100000000.0, 'abatement_potential': 38583.88, 'implementation_time': 6, 'type': 'general'}, {'name': ' Substitute OPC with LC3 cement     ', 'cost_per_tonne': -80000000.0, 'abatement_potential': 51445.18, 'implementation_time': 6, 'type': 'general'}, {'name': ' Increasing fly ash to 35% in PPC   ', 'cost_per_tonne': -70000000.0, 'abatement_potential': 128612.94, 'implementation_time': 6, 'type': 'general'}, {'name': ' Renewable energy use in electricity', 'cost_per_tonne': 180000000.0, 'abatement_potential': 102890.35, 'implementation_time': 6, 'type': 'general'}, {'name': ' Increasing TSR to 30% in kiln fuel ', 'cost_per_tonne': 420000000.0, 'abatement_potential': 231503.29, 'implementation_time': 6, 'type': 'general'}, {'name': ' CCS                                ', 'cost_per_tonne': 900000000.0, 'abatement_potential': 771677.63, 'implementation_time': 6, 'type': 'general'}, {'name': ' Decreasing clinker to 85% in OPC   ', 'cost_per_tonne': 1200000000.0, 'abatement_potential': 64306.47, 'implementation_time': 6, 'type': 'general'}, {'name': ' CCU                                ', 'cost_per_tonne': 1860000000.0, 'abatement_potential': 771677.63, 'implementation_time': 6, 'type': 'general'}, {'name': ' Offset                             ', 'cost_per_tonne': 1880000000.0, 'abatement_potential': 154335.53, 'implementation_time': 6, 'type': 'general'}]"
37,CE_F22 , CEMENT   ,2324109,0.57,0.55,0.55,0.520227186,32784133000,137.9731853,True,0.1,200, ,32784100000000.0,32784133000,"[{'name': ' Efficient electrical equipment     ', 'cost_per_tonne': -430000000.0, 'abatement_potential': 13792.93, 'implementation_time': 6, 'type': 'general'}, {'name': ' Waste heat recovery                ', 'cost_per_tonne': -420000000.0, 'abatement_potential': 55171.73, 'implementation_time': 6, 'type': 'general'}, {'name': ' Automation system                  ', 'cost_per_tonne': -410000000.0, 'abatement_potential': 27585.86, 'implementation_time': 6, 'type': 'general'}, {'name': ' Efficient grinding system          ', 'cost_per_tonne': -360000000.0, 'abatement_potential': 34482.33, 'implementation_time': 6, 'type': 'general'}, {'name': ' Optimising auxiliary power         ', 'cost_per_tonne': -340000000.0, 'abatement_potential': 6896.47, 'implementation_time': 6, 'type': 'general'}, {'name': ' Increasing slag to 70% in PSC      ', 'cost_per_tonne': -300000000.0, 'abatement_potential': 34482.33, 'implementation_time': 6, 'type': 'general'}, {'name': ' Enhancement in Kiln                ', 'cost_per_tonne': -280000000.0, 'abatement_potential': 20689.4, 'implementation_time': 6, 'type': 'general'}, {'name': ' Heat rate reduction in CPP         ', 'cost_per_tonne': -260000000.0, 'abatement_potential': 13792.93, 'implementation_time': 6, 'type': 'general'}, {'name': ' Improving burnability of material  ', 'cost_per_tonne': -130000000.0, 'abatement_potential': 48275.26, 'implementation_time': 6, 'type': 'general'}, {'name': ' Burner retrofit                    ', 'cost_per_tonne': -120000000.0, 'abatement_potential': 6896.47, 'implementation_time': 6, 'type': 'general'}, {'name': ' High efficiency clinker coolers    ', 'cost_per_tonne': -100000000.0, 'abatement_potential': 20689.4, 'implementation_time': 6, 'type': 'general'}, {'name': ' Substitute OPC with LC3 cement     ', 'cost_per_tonne': -80000000.0, 'abatement_potential': 27585.86, 'implementation_time': 6, 'type': 'general'}, {'name': ' Increasing fly ash to 35% in PPC   ', 'cost_per_tonne': -70000000.0, 'abatement_potential': 68964.66, 'implementation_time': 6, 'type': 'general'}, {'name': ' Renewable energy use in electricity', 'cost_per_tonne': 180000000.0, 'abatement_potential': 55171.73, 'implementation_time': 6, 'type': 'general'}, {'name': ' Increasing TSR to 30% in kiln fuel ', 'cost_per_tonne': 420000000.0, 'abatement_potential': 124136.39, 'implementation_time': 6, 'type': 'general'}, {'name': ' CCS                                ', 'cost_per_tonne': 900000000.0, 'abatement_potential': 413787.95, 'implementation_time': 6, 'type': 'general'}, {'name': ' Decreasing clinker to 85% in OPC   ', 'cost_per_tonne': 1200000000.0, 'abatement_potential': 34482.33, 'implementation_time': 6, 'type': 'general'}, {'name': ' CCU                                ', 'cost_per_tonne': 1860000000.0, 'abatement_potential': 413787.95, 'implementation_time': 6, 'type': 'general'}, {'name': ' Offset                             ', 'cost_per_tonne': 1880000000.0, 'abatement_potential': 82757.59, 'implementation_time': 6, 'type': 'general'}]"
38,CE_F23 , CEMENT   ,688284,0.59,0.57,0.57,0.86599041,44792180000,128.8865557,True,0.1,200, ,44792200000000.0,44792180000,"[{'name': ' Efficient electrical equipment     ', 'cost_per_tonne': -430000000.0, 'abatement_potential': 4084.77, 'implementation_time': 6, 'type': 'general'}, {'name': ' Waste heat recovery                ', 'cost_per_tonne': -420000000.0, 'abatement_potential': 16339.09, 'implementation_time': 6, 'type': 'general'}, {'name': ' Automation system                  ', 'cost_per_tonne': -410000000.0, 'abatement_potential': 8169.54, 'implementation_time': 6, 'type': 'general'}, {'name': ' Efficient grinding system          ', 'cost_per_tonne': -360000000.0, 'abatement_potential': 10211.93, 'implementation_time': 6, 'type': 'general'}, {'name': ' Optimising auxiliary power         ', 'cost_per_tonne': -340000000.0, 'abatement_potential': 2042.39, 'implementation_time': 6, 'type': 'general'}, {'name': ' Increasing slag to 70% in PSC      ', 'cost_per_tonne': -300000000.0, 'abatement_potential': 10211.93, 'implementation_time': 6, 'type': 'general'}, {'name': ' Enhancement in Kiln                ', 'cost_per_tonne': -280000000.0, 'abatement_potential': 6127.16, 'implementation_time': 6, 'type': 'general'}, {'name': ' Heat rate reduction in CPP         ', 'cost_per_tonne': -260000000.0, 'abatement_potential': 4084.77, 'implementation_time': 6, 'type': 'general'}, {'name': ' Improving burnability of material  ', 'cost_per_tonne': -130000000.0, 'abatement_potential': 14296.7, 'implementation_time': 6, 'type': 'general'}, {'name': ' Burner retrofit                    ', 'cost_per_tonne': -120000000.0, 'abatement_potential': 2042.39, 'implementation_time': 6, 'type': 'general'}, {'name': ' High efficiency clinker coolers    ', 'cost_per_tonne': -100000000.0, 'abatement_potential': 6127.16, 'implementation_time': 6, 'type': 'general'}, {'name': ' Substitute OPC with LC3 cement     ', 'cost_per_tonne': -80000000.0, 'abatement_potential': 8169.54, 'implementation_time': 6, 'type': 'general'}, {'name': ' Increasing fly ash to 35% in PPC   ', 'cost_per_tonne': -70000000.0, 'abatement_potential': 20423.86, 'implementation_time': 6, 'type': 'general'}, {'name': ' Renewable energy use in electricity', 'cost_per_tonne': 180000000.0, 'abatement_potential': 16339.09, 'implementation_time': 6, 'type': 'general'}, {'name': ' Increasing TSR to 30% in kiln fuel ', 'cost_per_tonne': 420000000.0, 'abatement_potential': 36762.94, 'implementation_time': 6, 'type': 'general'}, {'name': ' CCS                                ', 'cost_per_tonne': 900000000.0, 'abatement_potential': 122543.15, 'implementation_time': 6, 'type': 'general'}, {'name': ' Decreasing clinker to 85% in OPC   ', 'cost_per_tonne': 1200000000.0, 'abatement_potential': 10211.93, 'implementation_time': 6, 'type': 'general'}, {'name': ' CCU                                ', 'cost_per_tonne': 1860000000.0, 'abatement_potential': 122543.15, 'implementation_time': 6, 'type': 'general'}, {'name': ' Offset                             ', 'cost_per_tonne': 1880000000.0, 'abatement_potential': 24508.63, 'implementation_time': 6, 'type': 'general'}]"
39,CE_F24 , CEMENT   ,2295606,0.54,0.52,0.52,0.132701621,28013128000,220.3567168,True,0.1,200, ,28013100000000.0,28013128000,"[{'name': ' Efficient electrical equipment     ', 'cost_per_tonne': -430000000.0, 'abatement_potential': 13623.77, 'implementation_time': 6, 'type': 'general'}, {'name': ' Waste heat recovery                ', 'cost_per_tonne': -420000000.0, 'abatement_potential': 54495.1, 'implementation_time': 6, 'type': 'general'}, {'name': ' Automation system                  ', 'cost_per_tonne': -410000000.0, 'abatement_potential': 27247.55, 'implementation_time': 6, 'type': 'general'}, {'name': ' Efficient grinding system          ', 'cost_per_tonne': -360000000.0, 'abatement_potential': 34059.44, 'implementation_time': 6, 'type': 'general'}, {'name': ' Optimising auxiliary power         ', 'cost_per_tonne': -340000000.0, 'abatement_potential': 6811.89, 'implementation_time': 6, 'type': 'general'}, {'name': ' Increasing slag to 70% in PSC      ', 'cost_per_tonne': -300000000.0, 'abatement_potential': 34059.44, 'implementation_time': 6, 'type': 'general'}, {'name': ' Enhancement in Kiln                ', 'cost_per_tonne': -280000000.0, 'abatement_potential': 20435.66, 'implementation_time': 6, 'type': 'general'}, {'name': ' Heat rate reduction in CPP         ', 'cost_per_tonne': -260000000.0, 'abatement_potential': 13623.77, 'implementation_time': 6, 'type': 'general'}, {'name': ' Improving burnability of material  ', 'cost_per_tonne': -130000000.0, 'abatement_potential': 47683.21, 'implementation_time': 6, 'type': 'general'}, {'name': ' Burner retrofit                    ', 'cost_per_tonne': -120000000.0, 'abatement_potential': 6811.89, 'implementation_time': 6, 'type': 'general'}, {'name': ' High efficiency clinker coolers    ', 'cost_per_tonne': -100000000.0, 'abatement_potential': 20435.66, 'implementation_time': 6, 'type': 'general'}, {'name': ' Substitute OPC with LC3 cement     ', 'cost_per_tonne': -80000000.0, 'abatement_potential': 27247.55, 'implementation_time': 6, 'type': 'general'}, {'name': ' Increasing fly ash to 35% in PPC   ', 'cost_per_tonne': -70000000.0, 'abatement_potential': 68118.87, 'implementation_time': 6, 'type': 'general'}, {'name': ' Renewable energy use in electricity', 'cost_per_tonne': 180000000.0, 'abatement_potential': 54495.1, 'implementation_time': 6, 'type': 'general'}, {'name': ' Increasing TSR to 30% in kiln fuel ', 'cost_per_tonne': 420000000.0, 'abatement_potential': 122613.97, 'implementation_time': 6, 'type': 'general'}, {'name': ' CCS                                ', 'cost_per_tonne': 900000000.0, 'abatement_potential': 408713.23, 'implementation_time': 6, 'type': 'general'}, {'name': ' Decreasing clinker to 85% in OPC   ', 'cost_per_tonne': 1200000000.0, 'abatement_potential': 34059.44, 'implementation_time': 6, 'type': 'general'}, {'name': ' CCU                                ', 'cost_per_tonne': 1860000000.0, 'abatement_potential': 408713.23, 'implementation_time': 6, 'type': 'general'}, {'name': ' Offset                             ', 'cost_per_tonne': 1880000000.0, 'abatement_potential': 81742.65, 'implementation_time': 6, 'type': 'general'}]"
40,CE_F25 , CEMENT   ,2036938,0.54,0.52,0.52,0.230400481,20209661000,103.4863683,True,0.1,200, ,20209700000000.0,20209661000,"[{'name': ' Efficient electrical equipment     ', 'cost_per_tonne': -430000000.0, 'abatement_potential': 12088.65, 'implementation_time': 6, 'type': 'general'}, {'name': ' Waste heat recovery                ', 'cost_per_tonne': -420000000.0, 'abatement_potential': 48354.61, 'implementation_time': 6, 'type': 'general'}, {'name': ' Automation system                  ', 'cost_per_tonne': -410000000.0, 'abatement_potential': 24177.31, 'implementation_time': 6, 'type': 'general'}, {'name': ' Efficient grinding system          ', 'cost_per_tonne': -360000000.0, 'abatement_potential': 30221.63, 'implementation_time': 6, 'type': 'general'}, {'name': ' Optimising auxiliary power         ', 'cost_per_tonne': -340000000.0, 'abatement_potential': 6044.33, 'implementation_time': 6, 'type': 'general'}, {'name': ' Increasing slag to 70% in PSC      ', 'cost_per_tonne': -300000000.0, 'abatement_potential': 30221.63, 'implementation_time': 6, 'type': 'general'}, {'name': ' Enhancement in Kiln                ', 'cost_per_tonne': -280000000.0, 'abatement_potential': 18132.98, 'implementation_time': 6, 'type': 'general'}, {'name': ' Heat rate reduction in CPP         ', 'cost_per_tonne': -260000000.0, 'abatement_potential': 12088.65, 'implementation_time': 6, 'type': 'general'}, {'name': ' Improving burnability of material  ', 'cost_per_tonne': -130000000.0, 'abatement_potential': 42310.28, 'implementation_time': 6, 'type': 'general'}, {'name': ' Burner retrofit                    ', 'cost_per_tonne': -120000000.0, 'abatement_potential': 6044.33, 'implementation_time': 6, 'type': 'general'}, {'name': ' High efficiency clinker coolers    ', 'cost_per_tonne': -100000000.0, 'abatement_potential': 18132.98, 'implementation_time': 6, 'type': 'general'}, {'name': ' Substitute OPC with LC3 cement     ', 'cost_per_tonne': -80000000.0, 'abatement_potential': 24177.31, 'implementation_time': 6, 'type': 'general'}, {'name': ' Increasing fly ash to 35% in PPC   ', 'cost_per_tonne': -70000000.0, 'abatement_potential': 60443.26, 'implementation_time': 6, 'type': 'general'}, {'name': ' Renewable energy use in electricity', 'cost_per_tonne': 180000000.0, 'abatement_potential': 48354.61, 'implementation_time': 6, 'type': 'general'}, {'name': ' Increasing TSR to 30% in kiln fuel ', 'cost_per_tonne': 420000000.0, 'abatement_potential': 108797.88, 'implementation_time': 6, 'type': 'general'}, {'name': ' CCS                                ', 'cost_per_tonne': 900000000.0, 'abatement_potential': 362659.58, 'implementation_time': 6, 'type': 'general'}, {'name': ' Decreasing clinker to 85% in OPC   ', 'cost_per_tonne': 1200000000.0, 'abatement_potential': 30221.63, 'implementation_time': 6, 'type': 'general'}, {'name': ' CCU                                ', 'cost_per_tonne': 1860000000.0, 'abatement_potential': 362659.58, 'implementation_time': 6, 'type': 'general'}, {'name': ' Offset                             ', 'cost_per_tonne': 1880000000.0, 'abatement_potential': 72531.92, 'implementation_time': 6, 'type': 'general'}]"
41,CE_F26 , CEMENT   ,5447961,0.56,0.54,0.54,0.848129227,19047145000,91.04600298,True,0.1,200, ,19047100000000.0,19047145000,"[{'name': ' Efficient electrical equipment     ', 'cost_per_tonne': -430000000.0, 'abatement_potential': 32332.11, 'implementation_time': 6, 'type': 'general'}, {'name': ' Waste heat recovery                ', 'cost_per_tonne': -420000000.0, 'abatement_potential': 129328.45, 'implementation_time': 6, 'type': 'general'}, {'name': ' Automation system                  ', 'cost_per_tonne': -410000000.0, 'abatement_potential': 64664.23, 'implementation_time': 6, 'type': 'general'}, {'name': ' Efficient grinding system          ', 'cost_per_tonne': -360000000.0, 'abatement_potential': 80830.28, 'implementation_time': 6, 'type': 'general'}, {'name': ' Optimising auxiliary power         ', 'cost_per_tonne': -340000000.0, 'abatement_potential': 16166.06, 'implementation_time': 6, 'type': 'general'}, {'name': ' Increasing slag to 70% in PSC      ', 'cost_per_tonne': -300000000.0, 'abatement_potential': 80830.28, 'implementation_time': 6, 'type': 'general'}, {'name': ' Enhancement in Kiln                ', 'cost_per_tonne': -280000000.0, 'abatement_potential': 48498.17, 'implementation_time': 6, 'type': 'general'}, {'name': ' Heat rate reduction in CPP         ', 'cost_per_tonne': -260000000.0, 'abatement_potential': 32332.11, 'implementation_time': 6, 'type': 'general'}, {'name': ' Improving burnability of material  ', 'cost_per_tonne': -130000000.0, 'abatement_potential': 113162.39, 'implementation_time': 6, 'type': 'general'}, {'name': ' Burner retrofit                    ', 'cost_per_tonne': -120000000.0, 'abatement_potential': 16166.06, 'implementation_time': 6, 'type': 'general'}, {'name': ' High efficiency clinker coolers    ', 'cost_per_tonne': -100000000.0, 'abatement_potential': 48498.17, 'implementation_time': 6, 'type': 'general'}, {'name': ' Substitute OPC with LC3 cement     ', 'cost_per_tonne': -80000000.0, 'abatement_potential': 64664.23, 'implementation_time': 6, 'type': 'general'}, {'name': ' Increasing fly ash to 35% in PPC   ', 'cost_per_tonne': -70000000.0, 'abatement_potential': 161660.56, 'implementation_time': 6, 'type': 'general'}, {'name': ' Renewable energy use in electricity', 'cost_per_tonne': 180000000.0, 'abatement_potential': 129328.45, 'implementation_time': 6, 'type': 'general'}, {'name': ' Increasing TSR to 30% in kiln fuel ', 'cost_per_tonne': 420000000.0, 'abatement_potential': 290989.01, 'implementation_time': 6, 'type': 'general'}, {'name': ' CCS                                ', 'cost_per_tonne': 900000000.0, 'abatement_potential': 969963.38, 'implementation_time': 6, 'type': 'general'}, {'name': ' Decreasing clinker to 85% in OPC   ', 'cost_per_tonne': 1200000000.0, 'abatement_potential': 80830.28, 'implementation_time': 6, 'type': 'general'}, {'name': ' CCU                                ', 'cost_per_tonne': 1860000000.0, 'abatement_potential': 969963.38, 'implementation_time': 6, 'type': 'general'}, {'name': ' Offset                             ', 'cost_per_tonne': 1880000000.0, 'abatement_potential': 193992.68, 'implementation_time': 6, 'type': 'general'}]"
42,CE_F27 , CEMENT   ,3249503,0.57,0.55,0.55,0.400890677,20088187000,140.6979868,True,0.1,200, ,20088200000000.0,20088187000,"[{'name': ' Efficient electrical equipment     ', 'cost_per_tonne': -430000000.0, 'abatement_potential': 19284.88, 'implementation_time': 6, 'type': 'general'}, {'name': ' Waste heat recovery                ', 'cost_per_tonne': -420000000.0, 'abatement_potential': 77139.54, 'implementation_time': 6, 'type': 'general'}, {'name': ' Automation system                  ', 'cost_per_tonne': -410000000.0, 'abatement_potential': 38569.77, 'implementation_time': 6, 'type': 'general'}, {'name': ' Efficient grinding system          ', 'cost_per_tonne': -360000000.0, 'abatement_potential': 48212.21, 'implementation_time': 6, 'type': 'general'}, {'name': ' Optimising auxiliary power         ', 'cost_per_tonne': -340000000.0, 'abatement_potential': 9642.44, 'implementation_time': 6, 'type': 'general'}, {'name': ' Increasing slag to 70% in PSC      ', 'cost_per_tonne': -300000000.0, 'abatement_potential': 48212.21, 'implementation_time': 6, 'type': 'general'}, {'name': ' Enhancement in Kiln                ', 'cost_per_tonne': -280000000.0, 'abatement_potential': 28927.33, 'implementation_time': 6, 'type': 'general'}, {'name': ' Heat rate reduction in CPP         ', 'cost_per_tonne': -260000000.0, 'abatement_potential': 19284.88, 'implementation_time': 6, 'type': 'general'}, {'name': ' Improving burnability of material  ', 'cost_per_tonne': -130000000.0, 'abatement_potential': 67497.09, 'implementation_time': 6, 'type': 'general'}, {'name': ' Burner retrofit                    ', 'cost_per_tonne': -120000000.0, 'abatement_potential': 9642.44, 'implementation_time': 6, 'type': 'general'}, {'name': ' High efficiency clinker coolers    ', 'cost_per_tonne': -100000000.0, 'abatement_potential': 28927.33, 'implementation_time': 6, 'type': 'general'}, {'name': ' Substitute OPC with LC3 cement     ', 'cost_per_tonne': -80000000.0, 'abatement_potential': 38569.77, 'implementation_time': 6, 'type': 'general'}, {'name': ' Increasing fly ash to 35% in PPC   ', 'cost_per_tonne': -70000000.0, 'abatement_potential': 96424.42, 'implementation_time': 6, 'type': 'general'}, {'name': ' Renewable energy use in electricity', 'cost_per_tonne': 180000000.0, 'abatement_potential': 77139.54, 'implementation_time': 6, 'type': 'general'}, {'name': ' Increasing TSR to 30% in kiln fuel ', 'cost_per_tonne': 420000000.0, 'abatement_potential': 173563.96, 'implementation_time': 6, 'type': 'general'}, {'name': ' CCS                                ', 'cost_per_tonne': 900000000.0, 'abatement_potential': 578546.53, 'implementation_time': 6, 'type': 'general'}, {'name': ' Decreasing clinker to 85% in OPC   ', 'cost_per_tonne': 1200000000.0, 'abatement_potential': 48212.21, 'implementation_time': 6, 'type': 'general'}, {'name': ' CCU                                ', 'cost_per_tonne': 1860000000.0, 'abatement_potential': 578546.53, 'implementation_time': 6, 'type': 'general'}, {'name': ' Offset                             ', 'cost_per_tonne': 1880000000.0, 'abatement_potential': 115709.31, 'implementation_time': 6, 'type': 'general'}]"
43,CE_F28 , CEMENT   ,1485350,0.54,0.53,0.53,0.779202288,40618144000,144.0819977,True,0.1,200, ,40618100000000.0,40618144000,"[{'name': ' Efficient electrical equipment     ', 'cost_per_tonne': -430000000.0, 'abatement_potential': 8815.13, 'implementation_time': 6, 'type': 'general'}, {'name': ' Waste heat recovery                ', 'cost_per_tonne': -420000000.0, 'abatement_potential': 35260.53, 'implementation_time': 6, 'type': 'general'}, {'name': ' Automation system                  ', 'cost_per_tonne': -410000000.0, 'abatement_potential': 17630.27, 'implementation_time': 6, 'type': 'general'}, {'name': ' Efficient grinding system          ', 'cost_per_tonne': -360000000.0, 'abatement_potential': 22037.83, 'implementation_time': 6, 'type': 'general'}, {'name': ' Optimising auxiliary power         ', 'cost_per_tonne': -340000000.0, 'abatement_potential': 4407.57, 'implementation_time': 6, 'type': 'general'}, {'name': ' Increasing slag to 70% in PSC      ', 'cost_per_tonne': -300000000.0, 'abatement_potential': 22037.83, 'implementation_time': 6, 'type': 'general'}, {'name': ' Enhancement in Kiln                ', 'cost_per_tonne': -280000000.0, 'abatement_potential': 13222.7, 'implementation_time': 6, 'type': 'general'}, {'name': ' Heat rate reduction in CPP         ', 'cost_per_tonne': -260000000.0, 'abatement_potential': 8815.13, 'implementation_time': 6, 'type': 'general'}, {'name': ' Improving burnability of material  ', 'cost_per_tonne': -130000000.0, 'abatement_potential': 30852.97, 'implementation_time': 6, 'type': 'general'}, {'name': ' Burner retrofit                    ', 'cost_per_tonne': -120000000.0, 'abatement_potential': 4407.57, 'implementation_time': 6, 'type': 'general'}, {'name': ' High efficiency clinker coolers    ', 'cost_per_tonne': -100000000.0, 'abatement_potential': 13222.7, 'implementation_time': 6, 'type': 'general'}, {'name': ' Substitute OPC with LC3 cement     ', 'cost_per_tonne': -80000000.0, 'abatement_potential': 17630.27, 'implementation_time': 6, 'type': 'general'}, {'name': ' Increasing fly ash to 35% in PPC   ', 'cost_per_tonne': -70000000.0, 'abatement_potential': 44075.67, 'implementation_time': 6, 'type': 'general'}, {'name': ' Renewable energy use in electricity', 'cost_per_tonne': 180000000.0, 'abatement_potential': 35260.53, 'implementation_time': 6, 'type': 'general'}, {'name': ' Increasing TSR to 30% in kiln fuel ', 'cost_per_tonne': 420000000.0, 'abatement_potential': 79336.2, 'implementation_time': 6, 'type': 'general'}, {'name': ' CCS                                ', 'cost_per_tonne': 900000000.0, 'abatement_potential': 264454.01, 'implementation_time': 6, 'type': 'general'}, {'name': ' Decreasing clinker to 85% in OPC   ', 'cost_per_tonne': 1200000000.0, 'abatement_potential': 22037.83, 'implementation_time': 6, 'type': 'general'}, {'name': ' CCU                                ', 'cost_per_tonne': 1860000000.0, 'abatement_potential': 264454.01, 'implementation_time': 6, 'type': 'general'}, {'name': ' Offset                             ', 'cost_per_tonne': 1880000000.0, 'abatement_potential': 52890.8, 'implementation_time': 6, 'type': 'general'}]"
44,CE_F29 , CEMENT   ,1407631,0.58,0.57,0.57,0.667966493,25733168000,140.3366093,True,0.1,200, ,25733200000000.0,25733168000,"[{'name': ' Efficient electrical equipment     ', 'cost_per_tonne': -430000000.0, 'abatement_potential': 8353.89, 'implementation_time': 6, 'type': 'general'}, {'name': ' Waste heat recovery                ', 'cost_per_tonne': -420000000.0, 'abatement_potential': 33415.57, 'implementation_time': 6, 'type': 'general'}, {'name': ' Automation system                  ', 'cost_per_tonne': -410000000.0, 'abatement_potential': 16707.79, 'implementation_time': 6, 'type': 'general'}, {'name': ' Efficient grinding system          ', 'cost_per_tonne': -360000000.0, 'abatement_potential': 20884.73, 'implementation_time': 6, 'type': 'general'}, {'name': ' Optimising auxiliary power         ', 'cost_per_tonne': -340000000.0, 'abatement_potential': 4176.95, 'implementation_time': 6, 'type': 'general'}, {'name': ' Increasing slag to 70% in PSC      ', 'cost_per_tonne': -300000000.0, 'abatement_potential': 20884.73, 'implementation_time': 6, 'type': 'general'}, {'name': ' Enhancement in Kiln                ', 'cost_per_tonne': -280000000.0, 'abatement_potential': 12530.84, 'implementation_time': 6, 'type': 'general'}, {'name': ' Heat rate reduction in CPP         ', 'cost_per_tonne': -260000000.0, 'abatement_potential': 8353.89, 'implementation_time': 6, 'type': 'general'}, {'name': ' Improving burnability of material  ', 'cost_per_tonne': -130000000.0, 'abatement_potential': 29238.63, 'implementation_time': 6, 'type': 'general'}, {'name': ' Burner retrofit                    ', 'cost_per_tonne': -120000000.0, 'abatement_potential': 4176.95, 'implementation_time': 6, 'type': 'general'}, {'name': ' High efficiency clinker coolers    ', 'cost_per_tonne': -100000000.0, 'abatement_potential': 12530.84, 'implementation_time': 6, 'type': 'general'}, {'name': ' Substitute OPC with LC3 cement     ', 'cost_per_tonne': -80000000.0, 'abatement_potential': 16707.79, 'implementation_time': 6, 'type': 'general'}, {'name': ' Increasing fly ash to 35% in PPC   ', 'cost_per_tonne': -70000000.0, 'abatement_potential': 41769.47, 'implementation_time': 6, 'type': 'general'}, {'name': ' Renewable energy use in electricity', 'cost_per_tonne': 180000000.0, 'abatement_potential': 33415.57, 'implementation_time': 6, 'type': 'general'}, {'name': ' Increasing TSR to 30% in kiln fuel ', 'cost_per_tonne': 420000000.0, 'abatement_potential': 75185.04, 'implementation_time': 6, 'type': 'general'}, {'name': ' CCS                                ', 'cost_per_tonne': 900000000.0, 'abatement_potential': 250616.8, 'implementation_time': 6, 'type': 'general'}, {'name': ' Decreasing clinker to 85% in OPC   ', 'cost_per_tonne': 1200000000.0, 'abatement_potential': 20884.73, 'implementation_time': 6, 'type': 'general'}, {'name': ' CCU                                ', 'cost_per_tonne': 1860000000.0, 'abatement_potential': 250616.8, 'implementation_time': 6, 'type': 'general'}, {'name': ' Offset                             ', 'cost_per_tonne': 1880000000.0, 'abatement_potential': 50123.36, 'implementation_time': 6, 'type': 'general'}]"
45,CE_F30 , CEMENT   ,2577580,0.55,0.53,0.53,0.40513559,46400533000,162.4333578,True,0.1,200, ,46400500000000.0,46400533000,"[{'name': ' Efficient electrical equipment     ', 'cost_per_tonne': -430000000.0, 'abatement_potential': 15297.21, 'implementation_time': 6, 'type': 'general'}, {'name': ' Waste heat recovery                ', 'cost_per_tonne': -420000000.0, 'abatement_potential': 61188.84, 'implementation_time': 6, 'type': 'general'}, {'name': ' Automation system                  ', 'cost_per_tonne': -410000000.0, 'abatement_potential': 30594.42, 'implementation_time': 6, 'type': 'general'}, {'name': ' Efficient grinding system          ', 'cost_per_tonne': -360000000.0, 'abatement_potential': 38243.03, 'implementation_time': 6, 'type': 'general'}, {'name': ' Optimising auxiliary power         ', 'cost_per_tonne': -340000000.0, 'abatement_potential': 7648.61, 'implementation_time': 6, 'type': 'general'}, {'name': ' Increasing slag to 70% in PSC      ', 'cost_per_tonne': -300000000.0, 'abatement_potential': 38243.03, 'implementation_time': 6, 'type': 'general'}, {'name': ' Enhancement in Kiln                ', 'cost_per_tonne': -280000000.0, 'abatement_potential': 22945.82, 'implementation_time': 6, 'type': 'general'}, {'name': ' Heat rate reduction in CPP         ', 'cost_per_tonne': -260000000.0, 'abatement_potential': 15297.21, 'implementation_time': 6, 'type': 'general'}, {'name': ' Improving burnability of material  ', 'cost_per_tonne': -130000000.0, 'abatement_potential': 53540.24, 'implementation_time': 6, 'type': 'general'}, {'name': ' Burner retrofit                    ', 'cost_per_tonne': -120000000.0, 'abatement_potential': 7648.61, 'implementation_time': 6, 'type': 'general'}, {'name': ' High efficiency clinker coolers    ', 'cost_per_tonne': -100000000.0, 'abatement_potential': 22945.82, 'implementation_time': 6, 'type': 'general'}, {'name': ' Substitute OPC with LC3 cement     ', 'cost_per_tonne': -80000000.0, 'abatement_potential': 30594.42, 'implementation_time': 6, 'type': 'general'}, {'name': ' Increasing fly ash to 35% in PPC   ', 'cost_per_tonne': -70000000.0, 'abatement_potential': 76486.05, 'implementation_time': 6, 'type': 'general'}, {'name': ' Renewable energy use in electricity', 'cost_per_tonne': 180000000.0, 'abatement_potential': 61188.84, 'implementation_time': 6, 'type': 'general'}, {'name': ' Increasing TSR to 30% in kiln fuel ', 'cost_per_tonne': 420000000.0, 'abatement_potential': 137674.9, 'implementation_time': 6, 'type': 'general'}, {'name': ' CCS                                ', 'cost_per_tonne': 900000000.0, 'abatement_potential': 458916.32, 'implementation_time': 6, 'type': 'general'}, {'name': ' Decreasing clinker to 85% in OPC   ', 'cost_per_tonne': 1200000000.0, 'abatement_potential': 38243.03, 'implementation_time': 6, 'type': 'general'}, {'name': ' CCU                                ', 'cost_per_tonne': 1860000000.0, 'abatement_potential': 458916.32, 'implementation_time': 6, 'type': 'general'}, {'name': ' Offset                             ', 'cost_per_tonne': 1880000000.0, 'abatement_potential': 91783.26, 'implementation_time': 6, 'type': 'general'}]"
46,CE_F31 , CEMENT   ,8710175,0.56,0.54,0.54,0.676624528,28225049000,144.0353915,True,0.1,200, ,28225000000000.0,28225049000,"[{'name': ' Efficient electrical equipment     ', 'cost_per_tonne': -430000000.0, 'abatement_potential': 51692.43, 'implementation_time': 6, 'type': 'general'}, {'name': ' Waste heat recovery                ', 'cost_per_tonne': -420000000.0, 'abatement_potential': 206769.73, 'implementation_time': 6, 'type': 'general'}, {'name': ' Automation system                  ', 'cost_per_tonne': -410000000.0, 'abatement_potential': 103384.87, 'implementation_time': 6, 'type': 'general'}, {'name': ' Efficient grinding system          ', 'cost_per_tonne': -360000000.0, 'abatement_potential': 129231.08, 'implementation_time': 6, 'type': 'general'}, {'name': ' Optimising auxiliary power         ', 'cost_per_tonne': -340000000.0, 'abatement_potential': 25846.22, 'implementation_time': 6, 'type': 'general'}, {'name': ' Increasing slag to 70% in PSC      ', 'cost_per_tonne': -300000000.0, 'abatement_potential': 129231.08, 'implementation_time': 6, 'type': 'general'}, {'name': ' Enhancement in Kiln                ', 'cost_per_tonne': -280000000.0, 'abatement_potential': 77538.65, 'implementation_time': 6, 'type': 'general'}, {'name': ' Heat rate reduction in CPP         ', 'cost_per_tonne': -260000000.0, 'abatement_potential': 51692.43, 'implementation_time': 6, 'type': 'general'}, {'name': ' Improving burnability of material  ', 'cost_per_tonne': -130000000.0, 'abatement_potential': 180923.52, 'implementation_time': 6, 'type': 'general'}, {'name': ' Burner retrofit                    ', 'cost_per_tonne': -120000000.0, 'abatement_potential': 25846.22, 'implementation_time': 6, 'type': 'general'}, {'name': ' High efficiency clinker coolers    ', 'cost_per_tonne': -100000000.0, 'abatement_potential': 77538.65, 'implementation_time': 6, 'type': 'general'}, {'name': ' Substitute OPC with LC3 cement     ', 'cost_per_tonne': -80000000.0, 'abatement_potential': 103384.87, 'implementation_time': 6, 'type': 'general'}, {'name': ' Increasing fly ash to 35% in PPC   ', 'cost_per_tonne': -70000000.0, 'abatement_potential': 258462.17, 'implementation_time': 6, 'type': 'general'}, {'name': ' Renewable energy use in electricity', 'cost_per_tonne': 180000000.0, 'abatement_potential': 206769.73, 'implementation_time': 6, 'type': 'general'}, {'name': ' Increasing TSR to 30% in kiln fuel ', 'cost_per_tonne': 420000000.0, 'abatement_potential': 465231.9, 'implementation_time': 6, 'type': 'general'}, {'name': ' CCS                                ', 'cost_per_tonne': 900000000.0, 'abatement_potential': 1550773.0, 'implementation_time': 6, 'type': 'general'}, {'name': ' Decreasing clinker to 85% in OPC   ', 'cost_per_tonne': 1200000000.0, 'abatement_potential': 129231.08, 'implementation_time': 6, 'type': 'general'}, {'name': ' CCU                                ', 'cost_per_tonne': 1860000000.0, 'abatement_potential': 1550773.0, 'implementation_time': 6, 'type': 'general'}, {'name': ' Offset                             ', 'cost_per_tonne': 1880000000.0, 'abatement_potential': 310154.6, 'implementation_time': 6, 'type': 'general'}]"
47,CE_F32 , CEMENT   ,4781658,0.57,0.55,0.55,0.811156532,20936555000,112.1188782,True,0.1,200, ,20936600000000.0,20936555000,"[{'name': ' Efficient electrical equipment     ', 'cost_per_tonne': -430000000.0, 'abatement_potential': 28377.79, 'implementation_time': 6, 'type': 'general'}, {'name': ' Waste heat recovery                ', 'cost_per_tonne': -420000000.0, 'abatement_potential': 113511.17, 'implementation_time': 6, 'type': 'general'}, {'name': ' Automation system                  ', 'cost_per_tonne': -410000000.0, 'abatement_potential': 56755.58, 'implementation_time': 6, 'type': 'general'}, {'name': ' Efficient grinding system          ', 'cost_per_tonne': -360000000.0, 'abatement_potential': 70944.48, 'implementation_time': 6, 'type': 'general'}, {'name': ' Optimising auxiliary power         ', 'cost_per_tonne': -340000000.0, 'abatement_potential': 14188.9, 'implementation_time': 6, 'type': 'general'}, {'name': ' Increasing slag to 70% in PSC      ', 'cost_per_tonne': -300000000.0, 'abatement_potential': 70944.48, 'implementation_time': 6, 'type': 'general'}, {'name': ' Enhancement in Kiln                ', 'cost_per_tonne': -280000000.0, 'abatement_potential': 42566.69, 'implementation_time': 6, 'type': 'general'}, {'name': ' Heat rate reduction in CPP         ', 'cost_per_tonne': -260000000.0, 'abatement_potential': 28377.79, 'implementation_time': 6, 'type': 'general'}, {'name': ' Improving burnability of material  ', 'cost_per_tonne': -130000000.0, 'abatement_potential': 99322.27, 'implementation_time': 6, 'type': 'general'}, {'name': ' Burner retrofit                    ', 'cost_per_tonne': -120000000.0, 'abatement_potential': 14188.9, 'implementation_time': 6, 'type': 'general'}, {'name': ' High efficiency clinker coolers    ', 'cost_per_tonne': -100000000.0, 'abatement_potential': 42566.69, 'implementation_time': 6, 'type': 'general'}, {'name': ' Substitute OPC with LC3 cement     ', 'cost_per_tonne': -80000000.0, 'abatement_potential': 56755.58, 'implementation_time': 6, 'type': 'general'}, {'name': ' Increasing fly ash to 35% in PPC   ', 'cost_per_tonne': -70000000.0, 'abatement_potential': 141888.96, 'implementation_time': 6, 'type': 'general'}, {'name': ' Renewable energy use in electricity', 'cost_per_tonne': 180000000.0, 'abatement_potential': 113511.17, 'implementation_time': 6, 'type': 'general'}, {'name': ' Increasing TSR to 30% in kiln fuel ', 'cost_per_tonne': 420000000.0, 'abatement_potential': 255400.13, 'implementation_time': 6, 'type': 'general'}, {'name': ' CCS                                ', 'cost_per_tonne': 900000000.0, 'abatement_potential': 851333.77, 'implementation_time': 6, 'type': 'general'}, {'name': ' Decreasing clinker to 85% in OPC   ', 'cost_per_tonne': 1200000000.0, 'abatement_potential': 70944.48, 'implementation_time': 6, 'type': 'general'}, {'name': ' CCU                                ', 'cost_per_tonne': 1860000000.0, 'abatement_potential': 851333.77, 'implementation_time': 6, 'type': 'general'}, {'name': ' Offset                             ', 'cost_per_tonne': 1880000000.0, 'abatement_potential': 170266.75, 'implementation_time': 6, 'type': 'general'}]"
48,CE_F33 , CEMENT   ,1302776,0.59,0.57,0.57,0.108581256,11276716000,168.4917736,True,0.1,200, ,11276700000000.0,11276716000,"[{'name': ' Efficient electrical equipment     ', 'cost_per_tonne': -430000000.0, 'abatement_potential': 7731.61, 'implementation_time': 6, 'type': 'general'}, {'name': ' Waste heat recovery                ', 'cost_per_tonne': -420000000.0, 'abatement_potential': 30926.43, 'implementation_time': 6, 'type': 'general'}, {'name': ' Automation system                  ', 'cost_per_tonne': -410000000.0, 'abatement_potential': 15463.22, 'implementation_time': 6, 'type': 'general'}, {'name': ' Efficient grinding system          ', 'cost_per_tonne': -360000000.0, 'abatement_potential': 19329.02, 'implementation_time': 6, 'type': 'general'}, {'name': ' Optimising auxiliary power         ', 'cost_per_tonne': -340000000.0, 'abatement_potential': 3865.8, 'implementation_time': 6, 'type': 'general'}, {'name': ' Increasing slag to 70% in PSC      ', 'cost_per_tonne': -300000000.0, 'abatement_potential': 19329.02, 'implementation_time': 6, 'type': 'general'}, {'name': ' Enhancement in Kiln                ', 'cost_per_tonne': -280000000.0, 'abatement_potential': 11597.41, 'implementation_time': 6, 'type': 'general'}, {'name': ' Heat rate reduction in CPP         ', 'cost_per_tonne': -260000000.0, 'abatement_potential': 7731.61, 'implementation_time': 6, 'type': 'general'}, {'name': ' Improving burnability of material  ', 'cost_per_tonne': -130000000.0, 'abatement_potential': 27060.63, 'implementation_time': 6, 'type': 'general'}, {'name': ' Burner retrofit                    ', 'cost_per_tonne': -120000000.0, 'abatement_potential': 3865.8, 'implementation_time': 6, 'type': 'general'}, {'name': ' High efficiency clinker coolers    ', 'cost_per_tonne': -100000000.0, 'abatement_potential': 11597.41, 'implementation_time': 6, 'type': 'general'}, {'name': ' Substitute OPC with LC3 cement     ', 'cost_per_tonne': -80000000.0, 'abatement_potential': 15463.22, 'implementation_time': 6, 'type': 'general'}, {'name': ' Increasing fly ash to 35% in PPC   ', 'cost_per_tonne': -70000000.0, 'abatement_potential': 38658.04, 'implementation_time': 6, 'type': 'general'}, {'name': ' Renewable energy use in electricity', 'cost_per_tonne': 180000000.0, 'abatement_potential': 30926.43, 'implementation_time': 6, 'type': 'general'}, {'name': ' Increasing TSR to 30% in kiln fuel ', 'cost_per_tonne': 420000000.0, 'abatement_potential': 69584.47, 'implementation_time': 6, 'type': 'general'}, {'name': ' CCS                                ', 'cost_per_tonne': 900000000.0, 'abatement_potential': 231948.25, 'implementation_time': 6, 'type': 'general'}, {'name': ' Decreasing clinker to 85% in OPC   ', 'cost_per_tonne': 1200000000.0, 'abatement_potential': 19329.02, 'implementation_time': 6, 'type': 'general'}, {'name': ' CCU                                ', 'cost_per_tonne': 1860000000.0, 'abatement_potential': 231948.25, 'implementation_time': 6, 'type': 'general'}, {'name': ' Offset                             ', 'cost_per_tonne': 1880000000.0, 'abatement_potential': 46389.65, 'implementation_time': 6, 'type': 'general'}]"
49,CE_F34 , CEMENT   ,3892366,0.57,0.55,0.55,0.33224385,21588272000,180.9173828,True,0.1,200, ,21588300000000.0,21588272000,"[{'name': ' Efficient electrical equipment     ', 'cost_per_tonne': -430000000.0, 'abatement_potential': 23100.09, 'implementation_time': 6, 'type': 'general'}, {'name': ' Waste heat recovery                ', 'cost_per_tonne': -420000000.0, 'abatement_potential': 92400.38, 'implementation_time': 6, 'type': 'general'}, {'name': ' Automation system                  ', 'cost_per_tonne': -410000000.0, 'abatement_potential': 46200.19, 'implementation_time': 6, 'type': 'general'}, {'name': ' Efficient grinding system          ', 'cost_per_tonne': -360000000.0, 'abatement_potential': 57750.24, 'implementation_time': 6, 'type': 'general'}, {'name': ' Optimising auxiliary power         ', 'cost_per_tonne': -340000000.0, 'abatement_potential': 11550.05, 'implementation_time': 6, 'type': 'general'}, {'name': ' Increasing slag to 70% in PSC      ', 'cost_per_tonne': -300000000.0, 'abatement_potential': 57750.24, 'implementation_time': 6, 'type': 'general'}, {'name': ' Enhancement in Kiln                ', 'cost_per_tonne': -280000000.0, 'abatement_potential': 34650.14, 'implementation_time': 6, 'type': 'general'}, {'name': ' Heat rate reduction in CPP         ', 'cost_per_tonne': -260000000.0, 'abatement_potential': 23100.09, 'implementation_time': 6, 'type': 'general'}, {'name': ' Improving burnability of material  ', 'cost_per_tonne': -130000000.0, 'abatement_potential': 80850.33, 'implementation_time': 6, 'type': 'general'}, {'name': ' Burner retrofit                    ', 'cost_per_tonne': -120000000.0, 'abatement_potential': 11550.05, 'implementation_time': 6, 'type': 'general'}, {'name': ' High efficiency clinker coolers    ', 'cost_per_tonne': -100000000.0, 'abatement_potential': 34650.14, 'implementation_time': 6, 'type': 'general'}, {'name': ' Substitute OPC with LC3 cement     ', 'cost_per_tonne': -80000000.0, 'abatement_potential': 46200.19, 'implementation_time': 6, 'type': 'general'}, {'name': ' Increasing fly ash to 35% in PPC   ', 'cost_per_tonne': -70000000.0, 'abatement_potential': 115500.47, 'implementation_time': 6, 'type': 'general'}, {'name': ' Renewable energy use in electricity', 'cost_per_tonne': 180000000.0, 'abatement_potential': 92400.38, 'implementation_time': 6, 'type': 'general'}, {'name': ' Increasing TSR to 30% in kiln fuel ', 'cost_per_tonne': 420000000.0, 'abatement_potential': 207900.85, 'implementation_time': 6, 'type': 'general'}, {'name': ' CCS                                ', 'cost_per_tonne': 900000000.0, 'abatement_potential': 693002.85, 'implementation_time': 6, 'type': 'general'}, {'name': ' Decreasing clinker to 85% in OPC   ', 'cost_per_tonne': 1200000000.0, 'abatement_potential': 57750.24, 'implementation_time': 6, 'type': 'general'}, {'name': ' CCU                                ', 'cost_per_tonne': 1860000000.0, 'abatement_potential': 693002.85, 'implementation_time': 6, 'type': 'general'}, {'name': ' Offset                             ', 'cost_per_tonne': 1880000000.0, 'abatement_potential': 138600.57, 'implementation_time': 6, 'type': 'general'}]"
50,CE_F35 , CEMENT   ,3111156,0.58,0.56,0.56,0.100302273,30255865000,186.0399486,True,0.1,200, ,30255900000000.0,30255865000,"[{'name': ' Efficient electrical equipment     ', 'cost_per_tonne': -430000000.0, 'abatement_potential': 18463.83, 'implementation_time': 6, 'type': 'general'}, {'name': ' Waste heat recovery                ', 'cost_per_tonne': -420000000.0, 'abatement_potential': 73855.34, 'implementation_time': 6, 'type': 'general'}, {'name': ' Automation system                  ', 'cost_per_tonne': -410000000.0, 'abatement_potential': 36927.67, 'implementation_time': 6, 'type': 'general'}, {'name': ' Efficient grinding system          ', 'cost_per_tonne': -360000000.0, 'abatement_potential': 46159.58, 'implementation_time': 6, 'type': 'general'}, {'name': ' Optimising auxiliary power         ', 'cost_per_tonne': -340000000.0, 'abatement_potential': 9231.92, 'implementation_time': 6, 'type': 'general'}, {'name': ' Increasing slag to 70% in PSC      ', 'cost_per_tonne': -300000000.0, 'abatement_potential': 46159.58, 'implementation_time': 6, 'type': 'general'}, {'name': ' Enhancement in Kiln                ', 'cost_per_tonne': -280000000.0, 'abatement_potential': 27695.75, 'implementation_time': 6, 'type': 'general'}, {'name': ' Heat rate reduction in CPP         ', 'cost_per_tonne': -260000000.0, 'abatement_potential': 18463.83, 'implementation_time': 6, 'type': 'general'}, {'name': ' Improving burnability of material  ', 'cost_per_tonne': -130000000.0, 'abatement_potential': 64623.42, 'implementation_time': 6, 'type': 'general'}, {'name': ' Burner retrofit                    ', 'cost_per_tonne': -120000000.0, 'abatement_potential': 9231.92, 'implementation_time': 6, 'type': 'general'}, {'name': ' High efficiency clinker coolers    ', 'cost_per_tonne': -100000000.0, 'abatement_potential': 27695.75, 'implementation_time': 6, 'type': 'general'}, {'name': ' Substitute OPC with LC3 cement     ', 'cost_per_tonne': -80000000.0, 'abatement_potential': 36927.67, 'implementation_time': 6, 'type': 'general'}, {'name': ' Increasing fly ash to 35% in PPC   ', 'cost_per_tonne': -70000000.0, 'abatement_potential': 92319.17, 'implementation_time': 6, 'type': 'general'}, {'name': ' Renewable energy use in electricity', 'cost_per_tonne': 180000000.0, 'abatement_potential': 73855.34, 'implementation_time': 6, 'type': 'general'}, {'name': ' Increasing TSR to 30% in kiln fuel ', 'cost_per_tonne': 420000000.0, 'abatement_potential': 166174.5, 'implementation_time': 6, 'type': 'general'}, {'name': ' CCS                                ', 'cost_per_tonne': 900000000.0, 'abatement_potential': 553915.01, 'implementation_time': 6, 'type': 'general'}, {'name': ' Decreasing clinker to 85% in OPC   ', 'cost_per_tonne': 1200000000.0, 'abatement_potential': 46159.58, 'implementation_time': 6, 'type': 'general'}, {'name': ' CCU                                ', 'cost_per_tonne': 1860000000.0, 'abatement_potential': 553915.01, 'implementation_time': 6, 'type': 'general'}, {'name': ' Offset                             ', 'cost_per_tonne': 1880000000.0, 'abatement_potential': 110783.0, 'implementation_time': 6, 'type': 'general'}]"
51,CE_F36 , CEMENT   ,6133197,0.55,0.53,0.53,0.625335316,46598462000,127.749529,True,0.1,200, ,46598500000000.0,46598462000,"[{'name': ' Efficient electrical equipment     ', 'cost_per_tonne': -430000000.0, 'abatement_potential': 36398.8, 'implementation_time': 6, 'type': 'general'}, {'name': ' Waste heat recovery                ', 'cost_per_tonne': -420000000.0, 'abatement_potential': 145595.18, 'implementation_time': 6, 'type': 'general'}, {'name': ' Automation system                  ', 'cost_per_tonne': -410000000.0, 'abatement_potential': 72797.59, 'implementation_time': 6, 'type': 'general'}, {'name': ' Efficient grinding system          ', 'cost_per_tonne': -360000000.0, 'abatement_potential': 90996.99, 'implementation_time': 6, 'type': 'general'}, {'name': ' Optimising auxiliary power         ', 'cost_per_tonne': -340000000.0, 'abatement_potential': 18199.4, 'implementation_time': 6, 'type': 'general'}, {'name': ' Increasing slag to 70% in PSC      ', 'cost_per_tonne': -300000000.0, 'abatement_potential': 90996.99, 'implementation_time': 6, 'type': 'general'}, {'name': ' Enhancement in Kiln                ', 'cost_per_tonne': -280000000.0, 'abatement_potential': 54598.19, 'implementation_time': 6, 'type': 'general'}, {'name': ' Heat rate reduction in CPP         ', 'cost_per_tonne': -260000000.0, 'abatement_potential': 36398.8, 'implementation_time': 6, 'type': 'general'}, {'name': ' Improving burnability of material  ', 'cost_per_tonne': -130000000.0, 'abatement_potential': 127395.78, 'implementation_time': 6, 'type': 'general'}, {'name': ' Burner retrofit                    ', 'cost_per_tonne': -120000000.0, 'abatement_potential': 18199.4, 'implementation_time': 6, 'type': 'general'}, {'name': ' High efficiency clinker coolers    ', 'cost_per_tonne': -100000000.0, 'abatement_potential': 54598.19, 'implementation_time': 6, 'type': 'general'}, {'name': ' Substitute OPC with LC3 cement     ', 'cost_per_tonne': -80000000.0, 'abatement_potential': 72797.59, 'implementation_time': 6, 'type': 'general'}, {'name': ' Increasing fly ash to 35% in PPC   ', 'cost_per_tonne': -70000000.0, 'abatement_potential': 181993.98, 'implementation_time': 6, 'type': 'general'}, {'name': ' Renewable energy use in electricity', 'cost_per_tonne': 180000000.0, 'abatement_potential': 145595.18, 'implementation_time': 6, 'type': 'general'}, {'name': ' Increasing TSR to 30% in kiln fuel ', 'cost_per_tonne': 420000000.0, 'abatement_potential': 327589.16, 'implementation_time': 6, 'type': 'general'}, {'name': ' CCS                                ', 'cost_per_tonne': 900000000.0, 'abatement_potential': 1091963.86, 'implementation_time': 6, 'type': 'general'}, {'name': ' Decreasing clinker to 85% in OPC   ', 'cost_per_tonne': 1200000000.0, 'abatement_potential': 90996.99, 'implementation_time': 6, 'type': 'general'}, {'name': ' CCU                                ', 'cost_per_tonne': 1860000000.0, 'abatement_potential': 1091963.86, 'implementation_time': 6, 'type': 'general'}, {'name': ' Offset                             ', 'cost_per_tonne': 1880000000.0, 'abatement_potential': 218392.77, 'implementation_time': 6, 'type': 'general'}]"
52,CE_F37 , CEMENT   ,2863675,0.59,0.58,0.58,0.810840454,27101444000,185.8560279,True,0.1,200, ,27101400000000.0,27101444000,"[{'name': ' Efficient electrical equipment     ', 'cost_per_tonne': -430000000.0, 'abatement_potential': 16995.1, 'implementation_time': 6, 'type': 'general'}, {'name': ' Waste heat recovery                ', 'cost_per_tonne': -420000000.0, 'abatement_potential': 67980.42, 'implementation_time': 6, 'type': 'general'}, {'name': ' Automation system                  ', 'cost_per_tonne': -410000000.0, 'abatement_potential': 33990.21, 'implementation_time': 6, 'type': 'general'}, {'name': ' Efficient grinding system          ', 'cost_per_tonne': -360000000.0, 'abatement_potential': 42487.76, 'implementation_time': 6, 'type': 'general'}, {'name': ' Optimising auxiliary power         ', 'cost_per_tonne': -340000000.0, 'abatement_potential': 8497.55, 'implementation_time': 6, 'type': 'general'}, {'name': ' Increasing slag to 70% in PSC      ', 'cost_per_tonne': -300000000.0, 'abatement_potential': 42487.76, 'implementation_time': 6, 'type': 'general'}, {'name': ' Enhancement in Kiln                ', 'cost_per_tonne': -280000000.0, 'abatement_potential': 25492.66, 'implementation_time': 6, 'type': 'general'}, {'name': ' Heat rate reduction in CPP         ', 'cost_per_tonne': -260000000.0, 'abatement_potential': 16995.1, 'implementation_time': 6, 'type': 'general'}, {'name': ' Improving burnability of material  ', 'cost_per_tonne': -130000000.0, 'abatement_potential': 59482.86, 'implementation_time': 6, 'type': 'general'}, {'name': ' Burner retrofit                    ', 'cost_per_tonne': -120000000.0, 'abatement_potential': 8497.55, 'implementation_time': 6, 'type': 'general'}, {'name': ' High efficiency clinker coolers    ', 'cost_per_tonne': -100000000.0, 'abatement_potential': 25492.66, 'implementation_time': 6, 'type': 'general'}, {'name': ' Substitute OPC with LC3 cement     ', 'cost_per_tonne': -80000000.0, 'abatement_potential': 33990.21, 'implementation_time': 6, 'type': 'general'}, {'name': ' Increasing fly ash to 35% in PPC   ', 'cost_per_tonne': -70000000.0, 'abatement_potential': 84975.52, 'implementation_time': 6, 'type': 'general'}, {'name': ' Renewable energy use in electricity', 'cost_per_tonne': 180000000.0, 'abatement_potential': 67980.42, 'implementation_time': 6, 'type': 'general'}, {'name': ' Increasing TSR to 30% in kiln fuel ', 'cost_per_tonne': 420000000.0, 'abatement_potential': 152955.93, 'implementation_time': 6, 'type': 'general'}, {'name': ' CCS                                ', 'cost_per_tonne': 900000000.0, 'abatement_potential': 509853.12, 'implementation_time': 6, 'type': 'general'}, {'name': ' Decreasing clinker to 85% in OPC   ', 'cost_per_tonne': 1200000000.0, 'abatement_potential': 42487.76, 'implementation_time': 6, 'type': 'general'}, {'name': ' CCU                                ', 'cost_per_tonne': 1860000000.0, 'abatement_potential': 509853.12, 'implementation_time': 6, 'type': 'general'}, {'name': ' Offset                             ', 'cost_per_tonne': 1880000000.0, 'abatement_potential': 101970.62, 'implementation_time': 6, 'type': 'general'}]"
53,CE_F38 , CEMENT   ,4608658,0.57,0.55,0.55,0.696426013,22850195000,150.6531282,True,0.1,200, ,22850200000000.0,22850195000,"[{'name': ' Efficient electrical equipment     ', 'cost_per_tonne': -430000000.0, 'abatement_potential': 27351.09, 'implementation_time': 6, 'type': 'general'}, {'name': ' Waste heat recovery                ', 'cost_per_tonne': -420000000.0, 'abatement_potential': 109404.34, 'implementation_time': 6, 'type': 'general'}, {'name': ' Automation system                  ', 'cost_per_tonne': -410000000.0, 'abatement_potential': 54702.17, 'implementation_time': 6, 'type': 'general'}, {'name': ' Efficient grinding system          ', 'cost_per_tonne': -360000000.0, 'abatement_potential': 68377.72, 'implementation_time': 6, 'type': 'general'}, {'name': ' Optimising auxiliary power         ', 'cost_per_tonne': -340000000.0, 'abatement_potential': 13675.54, 'implementation_time': 6, 'type': 'general'}, {'name': ' Increasing slag to 70% in PSC      ', 'cost_per_tonne': -300000000.0, 'abatement_potential': 68377.72, 'implementation_time': 6, 'type': 'general'}, {'name': ' Enhancement in Kiln                ', 'cost_per_tonne': -280000000.0, 'abatement_potential': 41026.63, 'implementation_time': 6, 'type': 'general'}, {'name': ' Heat rate reduction in CPP         ', 'cost_per_tonne': -260000000.0, 'abatement_potential': 27351.09, 'implementation_time': 6, 'type': 'general'}, {'name': ' Improving burnability of material  ', 'cost_per_tonne': -130000000.0, 'abatement_potential': 95728.8, 'implementation_time': 6, 'type': 'general'}, {'name': ' Burner retrofit                    ', 'cost_per_tonne': -120000000.0, 'abatement_potential': 13675.54, 'implementation_time': 6, 'type': 'general'}, {'name': ' High efficiency clinker coolers    ', 'cost_per_tonne': -100000000.0, 'abatement_potential': 41026.63, 'implementation_time': 6, 'type': 'general'}, {'name': ' Substitute OPC with LC3 cement     ', 'cost_per_tonne': -80000000.0, 'abatement_potential': 54702.17, 'implementation_time': 6, 'type': 'general'}, {'name': ' Increasing fly ash to 35% in PPC   ', 'cost_per_tonne': -70000000.0, 'abatement_potential': 136755.43, 'implementation_time': 6, 'type': 'general'}, {'name': ' Renewable energy use in electricity', 'cost_per_tonne': 180000000.0, 'abatement_potential': 109404.34, 'implementation_time': 6, 'type': 'general'}, {'name': ' Increasing TSR to 30% in kiln fuel ', 'cost_per_tonne': 420000000.0, 'abatement_potential': 246159.77, 'implementation_time': 6, 'type': 'general'}, {'name': ' CCS                                ', 'cost_per_tonne': 900000000.0, 'abatement_potential': 820532.58, 'implementation_time': 6, 'type': 'general'}, {'name': ' Decreasing clinker to 85% in OPC   ', 'cost_per_tonne': 1200000000.0, 'abatement_potential': 68377.72, 'implementation_time': 6, 'type': 'general'}, {'name': ' CCU                                ', 'cost_per_tonne': 1860000000.0, 'abatement_potential': 820532.58, 'implementation_time': 6, 'type': 'general'}, {'name': ' Offset                             ', 'cost_per_tonne': 1880000000.0, 'abatement_potential': 164106.52, 'implementation_time': 6, 'type': 'general'}]"
54,CE_F39 , CEMENT   ,7605814,0.57,0.55,0.55,0.585445925,37633167000,140.9473364,True,0.1,200, ,37633200000000.0,37633167000,"[{'name': ' Efficient electrical equipment     ', 'cost_per_tonne': -430000000.0, 'abatement_potential': 45138.36, 'implementation_time': 6, 'type': 'general'}, {'name': ' Waste heat recovery                ', 'cost_per_tonne': -420000000.0, 'abatement_potential': 180553.45, 'implementation_time': 6, 'type': 'general'}, {'name': ' Automation system                  ', 'cost_per_tonne': -410000000.0, 'abatement_potential': 90276.72, 'implementation_time': 6, 'type': 'general'}, {'name': ' Efficient grinding system          ', 'cost_per_tonne': -360000000.0, 'abatement_potential': 112845.91, 'implementation_time': 6, 'type': 'general'}, {'name': ' Optimising auxiliary power         ', 'cost_per_tonne': -340000000.0, 'abatement_potential': 22569.18, 'implementation_time': 6, 'type': 'general'}, {'name': ' Increasing slag to 70% in PSC      ', 'cost_per_tonne': -300000000.0, 'abatement_potential': 112845.91, 'implementation_time': 6, 'type': 'general'}, {'name': ' Enhancement in Kiln                ', 'cost_per_tonne': -280000000.0, 'abatement_potential': 67707.54, 'implementation_time': 6, 'type': 'general'}, {'name': ' Heat rate reduction in CPP         ', 'cost_per_tonne': -260000000.0, 'abatement_potential': 45138.36, 'implementation_time': 6, 'type': 'general'}, {'name': ' Improving burnability of material  ', 'cost_per_tonne': -130000000.0, 'abatement_potential': 157984.27, 'implementation_time': 6, 'type': 'general'}, {'name': ' Burner retrofit                    ', 'cost_per_tonne': -120000000.0, 'abatement_potential': 22569.18, 'implementation_time': 6, 'type': 'general'}, {'name': ' High efficiency clinker coolers    ', 'cost_per_tonne': -100000000.0, 'abatement_potential': 67707.54, 'implementation_time': 6, 'type': 'general'}, {'name': ' Substitute OPC with LC3 cement     ', 'cost_per_tonne': -80000000.0, 'abatement_potential': 90276.72, 'implementation_time': 6, 'type': 'general'}, {'name': ' Increasing fly ash to 35% in PPC   ', 'cost_per_tonne': -70000000.0, 'abatement_potential': 225691.81, 'implementation_time': 6, 'type': 'general'}, {'name': ' Renewable energy use in electricity', 'cost_per_tonne': 180000000.0, 'abatement_potential': 180553.45, 'implementation_time': 6, 'type': 'general'}, {'name': ' Increasing TSR to 30% in kiln fuel ', 'cost_per_tonne': 420000000.0, 'abatement_potential': 406245.26, 'implementation_time': 6, 'type': 'general'}, {'name': ' CCS                                ', 'cost_per_tonne': 900000000.0, 'abatement_potential': 1354150.86, 'implementation_time': 6, 'type': 'general'}, {'name': ' Decreasing clinker to 85% in OPC   ', 'cost_per_tonne': 1200000000.0, 'abatement_potential': 112845.91, 'implementation_time': 6, 'type': 'general'}, {'name': ' CCU                                ', 'cost_per_tonne': 1860000000.0, 'abatement_potential': 1354150.86, 'implementation_time': 6, 'type': 'general'}, {'name': ' Offset                             ', 'cost_per_tonne': 1880000000.0, 'abatement_potential': 270830.17, 'implementation_time': 6, 'type': 'general'}]"
55,CE_F40 , CEMENT   ,10729705,0.57,0.55,0.55,0.217873528,14087422000,152.6232596,True,0.1,200, ,14087400000000.0,14087422000,"[{'name': ' Efficient electrical equipment     ', 'cost_per_tonne': -430000000.0, 'abatement_potential': 63677.77, 'implementation_time': 6, 'type': 'general'}, {'name': ' Waste heat recovery                ', 'cost_per_tonne': -420000000.0, 'abatement_potential': 254711.1, 'implementation_time': 6, 'type': 'general'}, {'name': ' Automation system                  ', 'cost_per_tonne': -410000000.0, 'abatement_potential': 127355.55, 'implementation_time': 6, 'type': 'general'}, {'name': ' Efficient grinding system          ', 'cost_per_tonne': -360000000.0, 'abatement_potential': 159194.44, 'implementation_time': 6, 'type': 'general'}, {'name': ' Optimising auxiliary power         ', 'cost_per_tonne': -340000000.0, 'abatement_potential': 31838.89, 'implementation_time': 6, 'type': 'general'}, {'name': ' Increasing slag to 70% in PSC      ', 'cost_per_tonne': -300000000.0, 'abatement_potential': 159194.44, 'implementation_time': 6, 'type': 'general'}, {'name': ' Enhancement in Kiln                ', 'cost_per_tonne': -280000000.0, 'abatement_potential': 95516.66, 'implementation_time': 6, 'type': 'general'}, {'name': ' Heat rate reduction in CPP         ', 'cost_per_tonne': -260000000.0, 'abatement_potential': 63677.77, 'implementation_time': 6, 'type': 'general'}, {'name': ' Improving burnability of material  ', 'cost_per_tonne': -130000000.0, 'abatement_potential': 222872.21, 'implementation_time': 6, 'type': 'general'}, {'name': ' Burner retrofit                    ', 'cost_per_tonne': -120000000.0, 'abatement_potential': 31838.89, 'implementation_time': 6, 'type': 'general'}, {'name': ' High efficiency clinker coolers    ', 'cost_per_tonne': -100000000.0, 'abatement_potential': 95516.66, 'implementation_time': 6, 'type': 'general'}, {'name': ' Substitute OPC with LC3 cement     ', 'cost_per_tonne': -80000000.0, 'abatement_potential': 127355.55, 'implementation_time': 6, 'type': 'general'}, {'name': ' Increasing fly ash to 35% in PPC   ', 'cost_per_tonne': -70000000.0, 'abatement_potential': 318388.87, 'implementation_time': 6, 'type': 'general'}, {'name': ' Renewable energy use in electricity', 'cost_per_tonne': 180000000.0, 'abatement_potential': 254711.1, 'implementation_time': 6, 'type': 'general'}, {'name': ' Increasing TSR to 30% in kiln fuel ', 'cost_per_tonne': 420000000.0, 'abatement_potential': 573099.97, 'implementation_time': 6, 'type': 'general'}, {'name': ' CCS                                ', 'cost_per_tonne': 900000000.0, 'abatement_potential': 1910333.23, 'implementation_time': 6, 'type': 'general'}, {'name': ' Decreasing clinker to 85% in OPC   ', 'cost_per_tonne': 1200000000.0, 'abatement_potential': 159194.44, 'implementation_time': 6, 'type': 'general'}, {'name': ' CCU                                ', 'cost_per_tonne': 1860000000.0, 'abatement_potential': 1910333.23, 'implementation_time': 6, 'type': 'general'}, {'name': ' Offset                             ', 'cost_per_tonne': 1880000000.0, 'abatement_potential': 382066.65, 'implementation_time': 6, 'type': 'general'}]"
56,CE_F41 , CEMENT   ,2104796,0.54,0.52,0.52,0.138921931,19521874000,140.5878805,True,0.1,200, ,19521900000000.0,19521874000,"[{'name': ' Efficient electrical equipment     ', 'cost_per_tonne': -430000000.0, 'abatement_potential': 12491.37, 'implementation_time': 6, 'type': 'general'}, {'name': ' Waste heat recovery                ', 'cost_per_tonne': -420000000.0, 'abatement_potential': 49965.48, 'implementation_time': 6, 'type': 'general'}, {'name': ' Automation system                  ', 'cost_per_tonne': -410000000.0, 'abatement_potential': 24982.74, 'implementation_time': 6, 'type': 'general'}, {'name': ' Efficient grinding system          ', 'cost_per_tonne': -360000000.0, 'abatement_potential': 31228.43, 'implementation_time': 6, 'type': 'general'}, {'name': ' Optimising auxiliary power         ', 'cost_per_tonne': -340000000.0, 'abatement_potential': 6245.69, 'implementation_time': 6, 'type': 'general'}, {'name': ' Increasing slag to 70% in PSC      ', 'cost_per_tonne': -300000000.0, 'abatement_potential': 31228.43, 'implementation_time': 6, 'type': 'general'}, {'name': ' Enhancement in Kiln                ', 'cost_per_tonne': -280000000.0, 'abatement_potential': 18737.06, 'implementation_time': 6, 'type': 'general'}, {'name': ' Heat rate reduction in CPP         ', 'cost_per_tonne': -260000000.0, 'abatement_potential': 12491.37, 'implementation_time': 6, 'type': 'general'}, {'name': ' Improving burnability of material  ', 'cost_per_tonne': -130000000.0, 'abatement_potential': 43719.8, 'implementation_time': 6, 'type': 'general'}, {'name': ' Burner retrofit                    ', 'cost_per_tonne': -120000000.0, 'abatement_potential': 6245.69, 'implementation_time': 6, 'type': 'general'}, {'name': ' High efficiency clinker coolers    ', 'cost_per_tonne': -100000000.0, 'abatement_potential': 18737.06, 'implementation_time': 6, 'type': 'general'}, {'name': ' Substitute OPC with LC3 cement     ', 'cost_per_tonne': -80000000.0, 'abatement_potential': 24982.74, 'implementation_time': 6, 'type': 'general'}, {'name': ' Increasing fly ash to 35% in PPC   ', 'cost_per_tonne': -70000000.0, 'abatement_potential': 62456.85, 'implementation_time': 6, 'type': 'general'}, {'name': ' Renewable energy use in electricity', 'cost_per_tonne': 180000000.0, 'abatement_potential': 49965.48, 'implementation_time': 6, 'type': 'general'}, {'name': ' Increasing TSR to 30% in kiln fuel ', 'cost_per_tonne': 420000000.0, 'abatement_potential': 112422.34, 'implementation_time': 6, 'type': 'general'}, {'name': ' CCS                                ', 'cost_per_tonne': 900000000.0, 'abatement_potential': 374741.13, 'implementation_time': 6, 'type': 'general'}, {'name': ' Decreasing clinker to 85% in OPC   ', 'cost_per_tonne': 1200000000.0, 'abatement_potential': 31228.43, 'implementation_time': 6, 'type': 'general'}, {'name': ' CCU                                ', 'cost_per_tonne': 1860000000.0, 'abatement_potential': 374741.13, 'implementation_time': 6, 'type': 'general'}, {'name': ' Offset                             ', 'cost_per_tonne': 1880000000.0, 'abatement_potential': 74948.23, 'implementation_time': 6, 'type': 'general'}]"
57,CE_F42 , CEMENT   ,4941023,0.57,0.55,0.55,0.122905899,46498356000,139.4346862,True,0.1,200, ,46498400000000.0,46498356000,"[{'name': ' Efficient electrical equipment     ', 'cost_per_tonne': -430000000.0, 'abatement_potential': 29323.58, 'implementation_time': 6, 'type': 'general'}, {'name': ' Waste heat recovery                ', 'cost_per_tonne': -420000000.0, 'abatement_potential': 117294.31, 'implementation_time': 6, 'type': 'general'}, {'name': ' Automation system                  ', 'cost_per_tonne': -410000000.0, 'abatement_potential': 58647.16, 'implementation_time': 6, 'type': 'general'}, {'name': ' Efficient grinding system          ', 'cost_per_tonne': -360000000.0, 'abatement_potential': 73308.95, 'implementation_time': 6, 'type': 'general'}, {'name': ' Optimising auxiliary power         ', 'cost_per_tonne': -340000000.0, 'abatement_potential': 14661.79, 'implementation_time': 6, 'type': 'general'}, {'name': ' Increasing slag to 70% in PSC      ', 'cost_per_tonne': -300000000.0, 'abatement_potential': 73308.95, 'implementation_time': 6, 'type': 'general'}, {'name': ' Enhancement in Kiln                ', 'cost_per_tonne': -280000000.0, 'abatement_potential': 43985.37, 'implementation_time': 6, 'type': 'general'}, {'name': ' Heat rate reduction in CPP         ', 'cost_per_tonne': -260000000.0, 'abatement_potential': 29323.58, 'implementation_time': 6, 'type': 'general'}, {'name': ' Improving burnability of material  ', 'cost_per_tonne': -130000000.0, 'abatement_potential': 102632.53, 'implementation_time': 6, 'type': 'general'}, {'name': ' Burner retrofit                    ', 'cost_per_tonne': -120000000.0, 'abatement_potential': 14661.79, 'implementation_time': 6, 'type': 'general'}, {'name': ' High efficiency clinker coolers    ', 'cost_per_tonne': -100000000.0, 'abatement_potential': 43985.37, 'implementation_time': 6, 'type': 'general'}, {'name': ' Substitute OPC with LC3 cement     ', 'cost_per_tonne': -80000000.0, 'abatement_potential': 58647.16, 'implementation_time': 6, 'type': 'general'}, {'name': ' Increasing fly ash to 35% in PPC   ', 'cost_per_tonne': -70000000.0, 'abatement_potential': 146617.89, 'implementation_time': 6, 'type': 'general'}, {'name': ' Renewable energy use in electricity', 'cost_per_tonne': 180000000.0, 'abatement_potential': 117294.31, 'implementation_time': 6, 'type': 'general'}, {'name': ' Increasing TSR to 30% in kiln fuel ', 'cost_per_tonne': 420000000.0, 'abatement_potential': 263912.21, 'implementation_time': 6, 'type': 'general'}, {'name': ' CCS                                ', 'cost_per_tonne': 900000000.0, 'abatement_potential': 879707.36, 'implementation_time': 6, 'type': 'general'}, {'name': ' Decreasing clinker to 85% in OPC   ', 'cost_per_tonne': 1200000000.0, 'abatement_potential': 73308.95, 'implementation_time': 6, 'type': 'general'}, {'name': ' CCU                                ', 'cost_per_tonne': 1860000000.0, 'abatement_potential': 879707.36, 'implementation_time': 6, 'type': 'general'}, {'name': ' Offset                             ', 'cost_per_tonne': 1880000000.0, 'abatement_potential': 175941.47, 'implementation_time': 6, 'type': 'general'}]"
58,CE_F43 , CEMENT   ,4675397,0.55,0.54,0.54,0.546746858,21612562000,142.3325841,True,0.1,200, ,21612600000000.0,21612562000,"[{'name': ' Efficient electrical equipment     ', 'cost_per_tonne': -430000000.0, 'abatement_potential': 27747.16, 'implementation_time': 6, 'type': 'general'}, {'name': ' Waste heat recovery                ', 'cost_per_tonne': -420000000.0, 'abatement_potential': 110988.65, 'implementation_time': 6, 'type': 'general'}, {'name': ' Automation system                  ', 'cost_per_tonne': -410000000.0, 'abatement_potential': 55494.33, 'implementation_time': 6, 'type': 'general'}, {'name': ' Efficient grinding system          ', 'cost_per_tonne': -360000000.0, 'abatement_potential': 69367.91, 'implementation_time': 6, 'type': 'general'}, {'name': ' Optimising auxiliary power         ', 'cost_per_tonne': -340000000.0, 'abatement_potential': 13873.58, 'implementation_time': 6, 'type': 'general'}, {'name': ' Increasing slag to 70% in PSC      ', 'cost_per_tonne': -300000000.0, 'abatement_potential': 69367.91, 'implementation_time': 6, 'type': 'general'}, {'name': ' Enhancement in Kiln                ', 'cost_per_tonne': -280000000.0, 'abatement_potential': 41620.74, 'implementation_time': 6, 'type': 'general'}, {'name': ' Heat rate reduction in CPP         ', 'cost_per_tonne': -260000000.0, 'abatement_potential': 27747.16, 'implementation_time': 6, 'type': 'general'}, {'name': ' Improving burnability of material  ', 'cost_per_tonne': -130000000.0, 'abatement_potential': 97115.07, 'implementation_time': 6, 'type': 'general'}, {'name': ' Burner retrofit                    ', 'cost_per_tonne': -120000000.0, 'abatement_potential': 13873.58, 'implementation_time': 6, 'type': 'general'}, {'name': ' High efficiency clinker coolers    ', 'cost_per_tonne': -100000000.0, 'abatement_potential': 41620.74, 'implementation_time': 6, 'type': 'general'}, {'name': ' Substitute OPC with LC3 cement     ', 'cost_per_tonne': -80000000.0, 'abatement_potential': 55494.33, 'implementation_time': 6, 'type': 'general'}, {'name': ' Increasing fly ash to 35% in PPC   ', 'cost_per_tonne': -70000000.0, 'abatement_potential': 138735.82, 'implementation_time': 6, 'type': 'general'}, {'name': ' Renewable energy use in electricity', 'cost_per_tonne': 180000000.0, 'abatement_potential': 110988.65, 'implementation_time': 6, 'type': 'general'}, {'name': ' Increasing TSR to 30% in kiln fuel ', 'cost_per_tonne': 420000000.0, 'abatement_potential': 249724.47, 'implementation_time': 6, 'type': 'general'}, {'name': ' CCS                                ', 'cost_per_tonne': 900000000.0, 'abatement_potential': 832414.9, 'implementation_time': 6, 'type': 'general'}, {'name': ' Decreasing clinker to 85% in OPC   ', 'cost_per_tonne': 1200000000.0, 'abatement_potential': 69367.91, 'implementation_time': 6, 'type': 'general'}, {'name': ' CCU                                ', 'cost_per_tonne': 1860000000.0, 'abatement_potential': 832414.9, 'implementation_time': 6, 'type': 'general'}, {'name': ' Offset                             ', 'cost_per_tonne': 1880000000.0, 'abatement_potential': 166482.98, 'implementation_time': 6, 'type': 'general'}]"
59,CE_F44 , CEMENT   ,3382400,0.59,0.57,0.57,0.285303985,16143834000,174.236618,True,0.1,200, ,16143800000000.0,16143834000,"[{'name': ' Efficient electrical equipment     ', 'cost_per_tonne': -430000000.0, 'abatement_potential': 20073.59, 'implementation_time': 6, 'type': 'general'}, {'name': ' Waste heat recovery                ', 'cost_per_tonne': -420000000.0, 'abatement_potential': 80294.36, 'implementation_time': 6, 'type': 'general'}, {'name': ' Automation system                  ', 'cost_per_tonne': -410000000.0, 'abatement_potential': 40147.18, 'implementation_time': 6, 'type': 'general'}, {'name': ' Efficient grinding system          ', 'cost_per_tonne': -360000000.0, 'abatement_potential': 50183.98, 'implementation_time': 6, 'type': 'general'}, {'name': ' Optimising auxiliary power         ', 'cost_per_tonne': -340000000.0, 'abatement_potential': 10036.8, 'implementation_time': 6, 'type': 'general'}, {'name': ' Increasing slag to 70% in PSC      ', 'cost_per_tonne': -300000000.0, 'abatement_potential': 50183.98, 'implementation_time': 6, 'type': 'general'}, {'name': ' Enhancement in Kiln                ', 'cost_per_tonne': -280000000.0, 'abatement_potential': 30110.39, 'implementation_time': 6, 'type': 'general'}, {'name': ' Heat rate reduction in CPP         ', 'cost_per_tonne': -260000000.0, 'abatement_potential': 20073.59, 'implementation_time': 6, 'type': 'general'}, {'name': ' Improving burnability of material  ', 'cost_per_tonne': -130000000.0, 'abatement_potential': 70257.57, 'implementation_time': 6, 'type': 'general'}, {'name': ' Burner retrofit                    ', 'cost_per_tonne': -120000000.0, 'abatement_potential': 10036.8, 'implementation_time': 6, 'type': 'general'}, {'name': ' High efficiency clinker coolers    ', 'cost_per_tonne': -100000000.0, 'abatement_potential': 30110.39, 'implementation_time': 6, 'type': 'general'}, {'name': ' Substitute OPC with LC3 cement     ', 'cost_per_tonne': -80000000.0, 'abatement_potential': 40147.18, 'implementation_time': 6, 'type': 'general'}, {'name': ' Increasing fly ash to 35% in PPC   ', 'cost_per_tonne': -70000000.0, 'abatement_potential': 100367.95, 'implementation_time': 6, 'type': 'general'}, {'name': ' Renewable energy use in electricity', 'cost_per_tonne': 180000000.0, 'abatement_potential': 80294.36, 'implementation_time': 6, 'type': 'general'}, {'name': ' Increasing TSR to 30% in kiln fuel ', 'cost_per_tonne': 420000000.0, 'abatement_potential': 180662.31, 'implementation_time': 6, 'type': 'general'}, {'name': ' CCS                                ', 'cost_per_tonne': 900000000.0, 'abatement_potential': 602207.72, 'implementation_time': 6, 'type': 'general'}, {'name': ' Decreasing clinker to 85% in OPC   ', 'cost_per_tonne': 1200000000.0, 'abatement_potential': 50183.98, 'implementation_time': 6, 'type': 'general'}, {'name': ' CCU                                ', 'cost_per_tonne': 1860000000.0, 'abatement_potential': 602207.72, 'implementation_time': 6, 'type': 'general'}, {'name': ' Offset                             ', 'cost_per_tonne': 1880000000.0, 'abatement_potential': 120441.54, 'implementation_time': 6, 'type': 'general'}]"
60,CE_F45 , CEMENT   ,1266649,0.59,0.57,0.57,0.570404029,26243923000,133.0631976,True,0.1,200, ,26243900000000.0,26243923000,"[{'name': ' Efficient electrical equipment     ', 'cost_per_tonne': -430000000.0, 'abatement_potential': 7517.2, 'implementation_time': 6, 'type': 'general'}, {'name': ' Waste heat recovery                ', 'cost_per_tonne': -420000000.0, 'abatement_potential': 30068.82, 'implementation_time': 6, 'type': 'general'}, {'name': ' Automation system                  ', 'cost_per_tonne': -410000000.0, 'abatement_potential': 15034.41, 'implementation_time': 6, 'type': 'general'}, {'name': ' Efficient grinding system          ', 'cost_per_tonne': -360000000.0, 'abatement_potential': 18793.01, 'implementation_time': 6, 'type': 'general'}, {'name': ' Optimising auxiliary power         ', 'cost_per_tonne': -340000000.0, 'abatement_potential': 3758.6, 'implementation_time': 6, 'type': 'general'}, {'name': ' Increasing slag to 70% in PSC      ', 'cost_per_tonne': -300000000.0, 'abatement_potential': 18793.01, 'implementation_time': 6, 'type': 'general'}, {'name': ' Enhancement in Kiln                ', 'cost_per_tonne': -280000000.0, 'abatement_potential': 11275.81, 'implementation_time': 6, 'type': 'general'}, {'name': ' Heat rate reduction in CPP         ', 'cost_per_tonne': -260000000.0, 'abatement_potential': 7517.2, 'implementation_time': 6, 'type': 'general'}, {'name': ' Improving burnability of material  ', 'cost_per_tonne': -130000000.0, 'abatement_potential': 26310.22, 'implementation_time': 6, 'type': 'general'}, {'name': ' Burner retrofit                    ', 'cost_per_tonne': -120000000.0, 'abatement_potential': 3758.6, 'implementation_time': 6, 'type': 'general'}, {'name': ' High efficiency clinker coolers    ', 'cost_per_tonne': -100000000.0, 'abatement_potential': 11275.81, 'implementation_time': 6, 'type': 'general'}, {'name': ' Substitute OPC with LC3 cement     ', 'cost_per_tonne': -80000000.0, 'abatement_potential': 15034.41, 'implementation_time': 6, 'type': 'general'}, {'name': ' Increasing fly ash to 35% in PPC   ', 'cost_per_tonne': -70000000.0, 'abatement_potential': 37586.02, 'implementation_time': 6, 'type': 'general'}, {'name': ' Renewable energy use in electricity', 'cost_per_tonne': 180000000.0, 'abatement_potential': 30068.82, 'implementation_time': 6, 'type': 'general'}, {'name': ' Increasing TSR to 30% in kiln fuel ', 'cost_per_tonne': 420000000.0, 'abatement_potential': 67654.84, 'implementation_time': 6, 'type': 'general'}, {'name': ' CCS                                ', 'cost_per_tonne': 900000000.0, 'abatement_potential': 225516.14, 'implementation_time': 6, 'type': 'general'}, {'name': ' Decreasing clinker to 85% in OPC   ', 'cost_per_tonne': 1200000000.0, 'abatement_potential': 18793.01, 'implementation_time': 6, 'type': 'general'}, {'name': ' CCU                                ', 'cost_per_tonne': 1860000000.0, 'abatement_potential': 225516.14, 'implementation_time': 6, 'type': 'general'}, {'name': ' Offset                             ', 'cost_per_tonne': 1880000000.0, 'abatement_potential': 45103.23, 'implementation_time': 6, 'type': 'general'}]"
61,CE_F46 , CEMENT   ,4015601,0.59,0.57,0.57,0.29034265,17166271000,174.4256861,True,0.1,200, ,17166300000000.0,17166271000,"[{'name': ' Efficient electrical equipment     ', 'cost_per_tonne': -430000000.0, 'abatement_potential': 23831.46, 'implementation_time': 6, 'type': 'general'}, {'name': ' Waste heat recovery                ', 'cost_per_tonne': -420000000.0, 'abatement_potential': 95325.84, 'implementation_time': 6, 'type': 'general'}, {'name': ' Automation system                  ', 'cost_per_tonne': -410000000.0, 'abatement_potential': 47662.92, 'implementation_time': 6, 'type': 'general'}, {'name': ' Efficient grinding system          ', 'cost_per_tonne': -360000000.0, 'abatement_potential': 59578.65, 'implementation_time': 6, 'type': 'general'}, {'name': ' Optimising auxiliary power         ', 'cost_per_tonne': -340000000.0, 'abatement_potential': 11915.73, 'implementation_time': 6, 'type': 'general'}, {'name': ' Increasing slag to 70% in PSC      ', 'cost_per_tonne': -300000000.0, 'abatement_potential': 59578.65, 'implementation_time': 6, 'type': 'general'}, {'name': ' Enhancement in Kiln                ', 'cost_per_tonne': -280000000.0, 'abatement_potential': 35747.19, 'implementation_time': 6, 'type': 'general'}, {'name': ' Heat rate reduction in CPP         ', 'cost_per_tonne': -260000000.0, 'abatement_potential': 23831.46, 'implementation_time': 6, 'type': 'general'}, {'name': ' Improving burnability of material  ', 'cost_per_tonne': -130000000.0, 'abatement_potential': 83410.11, 'implementation_time': 6, 'type': 'general'}, {'name': ' Burner retrofit                    ', 'cost_per_tonne': -120000000.0, 'abatement_potential': 11915.73, 'implementation_time': 6, 'type': 'general'}, {'name': ' High efficiency clinker coolers    ', 'cost_per_tonne': -100000000.0, 'abatement_potential': 35747.19, 'implementation_time': 6, 'type': 'general'}, {'name': ' Substitute OPC with LC3 cement     ', 'cost_per_tonne': -80000000.0, 'abatement_potential': 47662.92, 'implementation_time': 6, 'type': 'general'}, {'name': ' Increasing fly ash to 35% in PPC   ', 'cost_per_tonne': -70000000.0, 'abatement_potential': 119157.3, 'implementation_time': 6, 'type': 'general'}, {'name': ' Renewable energy use in electricity', 'cost_per_tonne': 180000000.0, 'abatement_potential': 95325.84, 'implementation_time': 6, 'type': 'general'}, {'name': ' Increasing TSR to 30% in kiln fuel ', 'cost_per_tonne': 420000000.0, 'abatement_potential': 214483.14, 'implementation_time': 6, 'type': 'general'}, {'name': ' CCS                                ', 'cost_per_tonne': 900000000.0, 'abatement_potential': 714943.8, 'implementation_time': 6, 'type': 'general'}, {'name': ' Decreasing clinker to 85% in OPC   ', 'cost_per_tonne': 1200000000.0, 'abatement_potential': 59578.65, 'implementation_time': 6, 'type': 'general'}, {'name': ' CCU                                ', 'cost_per_tonne': 1860000000.0, 'abatement_potential': 714943.8, 'implementation_time': 6, 'type': 'general'}, {'name': ' Offset                             ', 'cost_per_tonne': 1880000000.0, 'abatement_potential': 142988.76, 'implementation_time': 6, 'type': 'general'}]"
62,CE_F47 , CEMENT   ,752289,0.61,0.58,0.58,0.269122401,49862059000,111.8429057,True,0.1,200, ,49862100000000.0,49862059000,"[{'name': ' Efficient electrical equipment     ', 'cost_per_tonne': -430000000.0, 'abatement_potential': 4464.62, 'implementation_time': 6, 'type': 'general'}, {'name': ' Waste heat recovery                ', 'cost_per_tonne': -420000000.0, 'abatement_potential': 17858.49, 'implementation_time': 6, 'type': 'general'}, {'name': ' Automation system                  ', 'cost_per_tonne': -410000000.0, 'abatement_potential': 8929.25, 'implementation_time': 6, 'type': 'general'}, {'name': ' Efficient grinding system          ', 'cost_per_tonne': -360000000.0, 'abatement_potential': 11161.56, 'implementation_time': 6, 'type': 'general'}, {'name': ' Optimising auxiliary power         ', 'cost_per_tonne': -340000000.0, 'abatement_potential': 2232.31, 'implementation_time': 6, 'type': 'general'}, {'name': ' Increasing slag to 70% in PSC      ', 'cost_per_tonne': -300000000.0, 'abatement_potential': 11161.56, 'implementation_time': 6, 'type': 'general'}, {'name': ' Enhancement in Kiln                ', 'cost_per_tonne': -280000000.0, 'abatement_potential': 6696.93, 'implementation_time': 6, 'type': 'general'}, {'name': ' Heat rate reduction in CPP         ', 'cost_per_tonne': -260000000.0, 'abatement_potential': 4464.62, 'implementation_time': 6, 'type': 'general'}, {'name': ' Improving burnability of material  ', 'cost_per_tonne': -130000000.0, 'abatement_potential': 15626.18, 'implementation_time': 6, 'type': 'general'}, {'name': ' Burner retrofit                    ', 'cost_per_tonne': -120000000.0, 'abatement_potential': 2232.31, 'implementation_time': 6, 'type': 'general'}, {'name': ' High efficiency clinker coolers    ', 'cost_per_tonne': -100000000.0, 'abatement_potential': 6696.93, 'implementation_time': 6, 'type': 'general'}, {'name': ' Substitute OPC with LC3 cement     ', 'cost_per_tonne': -80000000.0, 'abatement_potential': 8929.25, 'implementation_time': 6, 'type': 'general'}, {'name': ' Increasing fly ash to 35% in PPC   ', 'cost_per_tonne': -70000000.0, 'abatement_potential': 22323.12, 'implementation_time': 6, 'type': 'general'}, {'name': ' Renewable energy use in electricity', 'cost_per_tonne': 180000000.0, 'abatement_potential': 17858.49, 'implementation_time': 6, 'type': 'general'}, {'name': ' Increasing TSR to 30% in kiln fuel ', 'cost_per_tonne': 420000000.0, 'abatement_potential': 40181.61, 'implementation_time': 6, 'type': 'general'}, {'name': ' CCS                                ', 'cost_per_tonne': 900000000.0, 'abatement_potential': 133938.69, 'implementation_time': 6, 'type': 'general'}, {'name': ' Decreasing clinker to 85% in OPC   ', 'cost_per_tonne': 1200000000.0, 'abatement_potential': 11161.56, 'implementation_time': 6, 'type': 'general'}, {'name': ' CCU                                ', 'cost_per_tonne': 1860000000.0, 'abatement_potential': 133938.69, 'implementation_time': 6, 'type': 'general'}, {'name': ' Offset                             ', 'cost_per_tonne': 1880000000.0, 'abatement_potential': 26787.74, 'implementation_time': 6, 'type': 'general'}]"
63,CE_F48 , CEMENT   ,4770977,0.59,0.57,0.57,0.299173635,45828886000,135.6925861,True,0.1,200, ,45828900000000.0,45828886000,"[{'name': ' Efficient electrical equipment     ', 'cost_per_tonne': -430000000.0, 'abatement_potential': 28314.4, 'implementation_time': 6, 'type': 'general'}, {'name': ' Waste heat recovery                ', 'cost_per_tonne': -420000000.0, 'abatement_potential': 113257.61, 'implementation_time': 6, 'type': 'general'}, {'name': ' Automation system                  ', 'cost_per_tonne': -410000000.0, 'abatement_potential': 56628.81, 'implementation_time': 6, 'type': 'general'}, {'name': ' Efficient grinding system          ', 'cost_per_tonne': -360000000.0, 'abatement_potential': 70786.01, 'implementation_time': 6, 'type': 'general'}, {'name': ' Optimising auxiliary power         ', 'cost_per_tonne': -340000000.0, 'abatement_potential': 14157.2, 'implementation_time': 6, 'type': 'general'}, {'name': ' Increasing slag to 70% in PSC      ', 'cost_per_tonne': -300000000.0, 'abatement_potential': 70786.01, 'implementation_time': 6, 'type': 'general'}, {'name': ' Enhancement in Kiln                ', 'cost_per_tonne': -280000000.0, 'abatement_potential': 42471.61, 'implementation_time': 6, 'type': 'general'}, {'name': ' Heat rate reduction in CPP         ', 'cost_per_tonne': -260000000.0, 'abatement_potential': 28314.4, 'implementation_time': 6, 'type': 'general'}, {'name': ' Improving burnability of material  ', 'cost_per_tonne': -130000000.0, 'abatement_potential': 99100.41, 'implementation_time': 6, 'type': 'general'}, {'name': ' Burner retrofit                    ', 'cost_per_tonne': -120000000.0, 'abatement_potential': 14157.2, 'implementation_time': 6, 'type': 'general'}, {'name': ' High efficiency clinker coolers    ', 'cost_per_tonne': -100000000.0, 'abatement_potential': 42471.61, 'implementation_time': 6, 'type': 'general'}, {'name': ' Substitute OPC with LC3 cement     ', 'cost_per_tonne': -80000000.0, 'abatement_potential': 56628.81, 'implementation_time': 6, 'type': 'general'}, {'name': ' Increasing fly ash to 35% in PPC   ', 'cost_per_tonne': -70000000.0, 'abatement_potential': 141572.02, 'implementation_time': 6, 'type': 'general'}, {'name': ' Renewable energy use in electricity', 'cost_per_tonne': 180000000.0, 'abatement_potential': 113257.61, 'implementation_time': 6, 'type': 'general'}, {'name': ' Increasing TSR to 30% in kiln fuel ', 'cost_per_tonne': 420000000.0, 'abatement_potential': 254829.63, 'implementation_time': 6, 'type': 'general'}, {'name': ' CCS                                ', 'cost_per_tonne': 900000000.0, 'abatement_potential': 849432.11, 'implementation_time': 6, 'type': 'general'}, {'name': ' Decreasing clinker to 85% in OPC   ', 'cost_per_tonne': 1200000000.0, 'abatement_potential': 70786.01, 'implementation_time': 6, 'type': 'general'}, {'name': ' CCU                                ', 'cost_per_tonne': 1860000000.0, 'abatement_potential': 849432.11, 'implementation_time': 6, 'type': 'general'}, {'name': ' Offset                             ', 'cost_per_tonne': 1880000000.0, 'abatement_potential': 169886.42, 'implementation_time': 6, 'type': 'general'}]"
64,CE_F49 , CEMENT   ,1339254,0.59,0.57,0.57,0.544272228,30791603000,115.8549496,True,0.1,200, ,30791600000000.0,30791603000,"[{'name': ' Efficient electrical equipment     ', 'cost_per_tonne': -430000000.0, 'abatement_potential': 7948.09, 'implementation_time': 6, 'type': 'general'}, {'name': ' Waste heat recovery                ', 'cost_per_tonne': -420000000.0, 'abatement_potential': 31792.38, 'implementation_time': 6, 'type': 'general'}, {'name': ' Automation system                  ', 'cost_per_tonne': -410000000.0, 'abatement_potential': 15896.19, 'implementation_time': 6, 'type': 'general'}, {'name': ' Efficient grinding system          ', 'cost_per_tonne': -360000000.0, 'abatement_potential': 19870.24, 'implementation_time': 6, 'type': 'general'}, {'name': ' Optimising auxiliary power         ', 'cost_per_tonne': -340000000.0, 'abatement_potential': 3974.05, 'implementation_time': 6, 'type': 'general'}, {'name': ' Increasing slag to 70% in PSC      ', 'cost_per_tonne': -300000000.0, 'abatement_potential': 19870.24, 'implementation_time': 6, 'type': 'general'}, {'name': ' Enhancement in Kiln                ', 'cost_per_tonne': -280000000.0, 'abatement_potential': 11922.14, 'implementation_time': 6, 'type': 'general'}, {'name': ' Heat rate reduction in CPP         ', 'cost_per_tonne': -260000000.0, 'abatement_potential': 7948.09, 'implementation_time': 6, 'type': 'general'}, {'name': ' Improving burnability of material  ', 'cost_per_tonne': -130000000.0, 'abatement_potential': 27818.33, 'implementation_time': 6, 'type': 'general'}, {'name': ' Burner retrofit                    ', 'cost_per_tonne': -120000000.0, 'abatement_potential': 3974.05, 'implementation_time': 6, 'type': 'general'}, {'name': ' High efficiency clinker coolers    ', 'cost_per_tonne': -100000000.0, 'abatement_potential': 11922.14, 'implementation_time': 6, 'type': 'general'}, {'name': ' Substitute OPC with LC3 cement     ', 'cost_per_tonne': -80000000.0, 'abatement_potential': 15896.19, 'implementation_time': 6, 'type': 'general'}, {'name': ' Increasing fly ash to 35% in PPC   ', 'cost_per_tonne': -70000000.0, 'abatement_potential': 39740.47, 'implementation_time': 6, 'type': 'general'}, {'name': ' Renewable energy use in electricity', 'cost_per_tonne': 180000000.0, 'abatement_potential': 31792.38, 'implementation_time': 6, 'type': 'general'}, {'name': ' Increasing TSR to 30% in kiln fuel ', 'cost_per_tonne': 420000000.0, 'abatement_potential': 71532.85, 'implementation_time': 6, 'type': 'general'}, {'name': ' CCS                                ', 'cost_per_tonne': 900000000.0, 'abatement_potential': 238442.85, 'implementation_time': 6, 'type': 'general'}, {'name': ' Decreasing clinker to 85% in OPC   ', 'cost_per_tonne': 1200000000.0, 'abatement_potential': 19870.24, 'implementation_time': 6, 'type': 'general'}, {'name': ' CCU                                ', 'cost_per_tonne': 1860000000.0, 'abatement_potential': 238442.85, 'implementation_time': 6, 'type': 'general'}, {'name': ' Offset                             ', 'cost_per_tonne': 1880000000.0, 'abatement_potential': 47688.57, 'implementation_time': 6, 'type': 'general'}]"
65,CE_F50 , CEMENT   ,697110,0.61,0.59,0.59,0.813036922,39626220000,110.5718085,True,0.1,200, ,39626200000000.0,39626220000,"[{'name': ' Efficient electrical equipment     ', 'cost_per_tonne': -430000000.0, 'abatement_potential': 4137.15, 'implementation_time': 6, 'type': 'general'}, {'name': ' Waste heat recovery                ', 'cost_per_tonne': -420000000.0, 'abatement_potential': 16548.61, 'implementation_time': 6, 'type': 'general'}, {'name': ' Automation system                  ', 'cost_per_tonne': -410000000.0, 'abatement_potential': 8274.3, 'implementation_time': 6, 'type': 'general'}, {'name': ' Efficient grinding system          ', 'cost_per_tonne': -360000000.0, 'abatement_potential': 10342.88, 'implementation_time': 6, 'type': 'general'}, {'name': ' Optimising auxiliary power         ', 'cost_per_tonne': -340000000.0, 'abatement_potential': 2068.58, 'implementation_time': 6, 'type': 'general'}, {'name': ' Increasing slag to 70% in PSC      ', 'cost_per_tonne': -300000000.0, 'abatement_potential': 10342.88, 'implementation_time': 6, 'type': 'general'}, {'name': ' Enhancement in Kiln                ', 'cost_per_tonne': -280000000.0, 'abatement_potential': 6205.73, 'implementation_time': 6, 'type': 'general'}, {'name': ' Heat rate reduction in CPP         ', 'cost_per_tonne': -260000000.0, 'abatement_potential': 4137.15, 'implementation_time': 6, 'type': 'general'}, {'name': ' Improving burnability of material  ', 'cost_per_tonne': -130000000.0, 'abatement_potential': 14480.03, 'implementation_time': 6, 'type': 'general'}, {'name': ' Burner retrofit                    ', 'cost_per_tonne': -120000000.0, 'abatement_potential': 2068.58, 'implementation_time': 6, 'type': 'general'}, {'name': ' High efficiency clinker coolers    ', 'cost_per_tonne': -100000000.0, 'abatement_potential': 6205.73, 'implementation_time': 6, 'type': 'general'}, {'name': ' Substitute OPC with LC3 cement     ', 'cost_per_tonne': -80000000.0, 'abatement_potential': 8274.3, 'implementation_time': 6, 'type': 'general'}, {'name': ' Increasing fly ash to 35% in PPC   ', 'cost_per_tonne': -70000000.0, 'abatement_potential': 20685.76, 'implementation_time': 6, 'type': 'general'}, {'name': ' Renewable energy use in electricity', 'cost_per_tonne': 180000000.0, 'abatement_potential': 16548.61, 'implementation_time': 6, 'type': 'general'}, {'name': ' Increasing TSR to 30% in kiln fuel ', 'cost_per_tonne': 420000000.0, 'abatement_potential': 37234.36, 'implementation_time': 6, 'type': 'general'}, {'name': ' CCS                                ', 'cost_per_tonne': 900000000.0, 'abatement_potential': 124114.54, 'implementation_time': 6, 'type': 'general'}, {'name': ' Decreasing clinker to 85% in OPC   ', 'cost_per_tonne': 1200000000.0, 'abatement_potential': 10342.88, 'implementation_time': 6, 'type': 'general'}, {'name': ' CCU                                ', 'cost_per_tonne': 1860000000.0, 'abatement_potential': 124114.54, 'implementation_time': 6, 'type': 'general'}, {'name': ' Offset                             ', 'cost_per_tonne': 1880000000.0, 'abatement_potential': 24822.91, 'implementation_time': 6, 'type': 'general'}]"
66,CE_F51 , CEMENT   ,831193,0.56,0.54,0.54,0.364562538,32755568000,200.9990444,True,0.1,200, ,32755600000000.0,32755568000,"[{'name': ' Efficient electrical equipment     ', 'cost_per_tonne': -430000000.0, 'abatement_potential': 4932.9, 'implementation_time': 6, 'type': 'general'}, {'name': ' Waste heat recovery                ', 'cost_per_tonne': -420000000.0, 'abatement_potential': 19731.58, 'implementation_time': 6, 'type': 'general'}, {'name': ' Automation system                  ', 'cost_per_tonne': -410000000.0, 'abatement_potential': 9865.79, 'implementation_time': 6, 'type': 'general'}, {'name': ' Efficient grinding system          ', 'cost_per_tonne': -360000000.0, 'abatement_potential': 12332.24, 'implementation_time': 6, 'type': 'general'}, {'name': ' Optimising auxiliary power         ', 'cost_per_tonne': -340000000.0, 'abatement_potential': 2466.45, 'implementation_time': 6, 'type': 'general'}, {'name': ' Increasing slag to 70% in PSC      ', 'cost_per_tonne': -300000000.0, 'abatement_potential': 12332.24, 'implementation_time': 6, 'type': 'general'}, {'name': ' Enhancement in Kiln                ', 'cost_per_tonne': -280000000.0, 'abatement_potential': 7399.34, 'implementation_time': 6, 'type': 'general'}, {'name': ' Heat rate reduction in CPP         ', 'cost_per_tonne': -260000000.0, 'abatement_potential': 4932.9, 'implementation_time': 6, 'type': 'general'}, {'name': ' Improving burnability of material  ', 'cost_per_tonne': -130000000.0, 'abatement_potential': 17265.14, 'implementation_time': 6, 'type': 'general'}, {'name': ' Burner retrofit                    ', 'cost_per_tonne': -120000000.0, 'abatement_potential': 2466.45, 'implementation_time': 6, 'type': 'general'}, {'name': ' High efficiency clinker coolers    ', 'cost_per_tonne': -100000000.0, 'abatement_potential': 7399.34, 'implementation_time': 6, 'type': 'general'}, {'name': ' Substitute OPC with LC3 cement     ', 'cost_per_tonne': -80000000.0, 'abatement_potential': 9865.79, 'implementation_time': 6, 'type': 'general'}, {'name': ' Increasing fly ash to 35% in PPC   ', 'cost_per_tonne': -70000000.0, 'abatement_potential': 24664.48, 'implementation_time': 6, 'type': 'general'}, {'name': ' Renewable energy use in electricity', 'cost_per_tonne': 180000000.0, 'abatement_potential': 19731.58, 'implementation_time': 6, 'type': 'general'}, {'name': ' Increasing TSR to 30% in kiln fuel ', 'cost_per_tonne': 420000000.0, 'abatement_potential': 44396.07, 'implementation_time': 6, 'type': 'general'}, {'name': ' CCS                                ', 'cost_per_tonne': 900000000.0, 'abatement_potential': 147986.88, 'implementation_time': 6, 'type': 'general'}, {'name': ' Decreasing clinker to 85% in OPC   ', 'cost_per_tonne': 1200000000.0, 'abatement_potential': 12332.24, 'implementation_time': 6, 'type': 'general'}, {'name': ' CCU                                ', 'cost_per_tonne': 1860000000.0, 'abatement_potential': 147986.88, 'implementation_time': 6, 'type': 'general'}, {'name': ' Offset                             ', 'cost_per_tonne': 1880000000.0, 'abatement_potential': 29597.38, 'implementation_time': 6, 'type': 'general'}]"
67,CE_F52 , CEMENT   ,927668,0.58,0.56,0.56,0.678605634,44765344000,157.7334331,True,0.1,200, ,44765300000000.0,44765344000,"[{'name': ' Efficient electrical equipment     ', 'cost_per_tonne': -430000000.0, 'abatement_potential': 5505.45, 'implementation_time': 6, 'type': 'general'}, {'name': ' Waste heat recovery                ', 'cost_per_tonne': -420000000.0, 'abatement_potential': 22021.79, 'implementation_time': 6, 'type': 'general'}, {'name': ' Automation system                  ', 'cost_per_tonne': -410000000.0, 'abatement_potential': 11010.9, 'implementation_time': 6, 'type': 'general'}, {'name': ' Efficient grinding system          ', 'cost_per_tonne': -360000000.0, 'abatement_potential': 13763.62, 'implementation_time': 6, 'type': 'general'}, {'name': ' Optimising auxiliary power         ', 'cost_per_tonne': -340000000.0, 'abatement_potential': 2752.72, 'implementation_time': 6, 'type': 'general'}, {'name': ' Increasing slag to 70% in PSC      ', 'cost_per_tonne': -300000000.0, 'abatement_potential': 13763.62, 'implementation_time': 6, 'type': 'general'}, {'name': ' Enhancement in Kiln                ', 'cost_per_tonne': -280000000.0, 'abatement_potential': 8258.17, 'implementation_time': 6, 'type': 'general'}, {'name': ' Heat rate reduction in CPP         ', 'cost_per_tonne': -260000000.0, 'abatement_potential': 5505.45, 'implementation_time': 6, 'type': 'general'}, {'name': ' Improving burnability of material  ', 'cost_per_tonne': -130000000.0, 'abatement_potential': 19269.07, 'implementation_time': 6, 'type': 'general'}, {'name': ' Burner retrofit                    ', 'cost_per_tonne': -120000000.0, 'abatement_potential': 2752.72, 'implementation_time': 6, 'type': 'general'}, {'name': ' High efficiency clinker coolers    ', 'cost_per_tonne': -100000000.0, 'abatement_potential': 8258.17, 'implementation_time': 6, 'type': 'general'}, {'name': ' Substitute OPC with LC3 cement     ', 'cost_per_tonne': -80000000.0, 'abatement_potential': 11010.9, 'implementation_time': 6, 'type': 'general'}, {'name': ' Increasing fly ash to 35% in PPC   ', 'cost_per_tonne': -70000000.0, 'abatement_potential': 27527.24, 'implementation_time': 6, 'type': 'general'}, {'name': ' Renewable energy use in electricity', 'cost_per_tonne': 180000000.0, 'abatement_potential': 22021.79, 'implementation_time': 6, 'type': 'general'}, {'name': ' Increasing TSR to 30% in kiln fuel ', 'cost_per_tonne': 420000000.0, 'abatement_potential': 49549.03, 'implementation_time': 6, 'type': 'general'}, {'name': ' CCS                                ', 'cost_per_tonne': 900000000.0, 'abatement_potential': 165163.44, 'implementation_time': 6, 'type': 'general'}, {'name': ' Decreasing clinker to 85% in OPC   ', 'cost_per_tonne': 1200000000.0, 'abatement_potential': 13763.62, 'implementation_time': 6, 'type': 'general'}, {'name': ' CCU                                ', 'cost_per_tonne': 1860000000.0, 'abatement_potential': 165163.44, 'implementation_time': 6, 'type': 'general'}, {'name': ' Offset                             ', 'cost_per_tonne': 1880000000.0, 'abatement_potential': 33032.69, 'implementation_time': 6, 'type': 'general'}]"
68,CE_F53 , CEMENT   ,2229771,0.62,0.6,0.6,0.888055455,36824741000,124.4772056,True,0.1,200, ,36824700000000.0,36824741000,"[{'name': ' Efficient electrical equipment     ', 'cost_per_tonne': -430000000.0, 'abatement_potential': 13233.06, 'implementation_time': 6, 'type': 'general'}, {'name': ' Waste heat recovery                ', 'cost_per_tonne': -420000000.0, 'abatement_potential': 52932.25, 'implementation_time': 6, 'type': 'general'}, {'name': ' Automation system                  ', 'cost_per_tonne': -410000000.0, 'abatement_potential': 26466.12, 'implementation_time': 6, 'type': 'general'}, {'name': ' Efficient grinding system          ', 'cost_per_tonne': -360000000.0, 'abatement_potential': 33082.66, 'implementation_time': 6, 'type': 'general'}, {'name': ' Optimising auxiliary power         ', 'cost_per_tonne': -340000000.0, 'abatement_potential': 6616.53, 'implementation_time': 6, 'type': 'general'}, {'name': ' Increasing slag to 70% in PSC      ', 'cost_per_tonne': -300000000.0, 'abatement_potential': 33082.66, 'implementation_time': 6, 'type': 'general'}, {'name': ' Enhancement in Kiln                ', 'cost_per_tonne': -280000000.0, 'abatement_potential': 19849.59, 'implementation_time': 6, 'type': 'general'}, {'name': ' Heat rate reduction in CPP         ', 'cost_per_tonne': -260000000.0, 'abatement_potential': 13233.06, 'implementation_time': 6, 'type': 'general'}, {'name': ' Improving burnability of material  ', 'cost_per_tonne': -130000000.0, 'abatement_potential': 46315.72, 'implementation_time': 6, 'type': 'general'}, {'name': ' Burner retrofit                    ', 'cost_per_tonne': -120000000.0, 'abatement_potential': 6616.53, 'implementation_time': 6, 'type': 'general'}, {'name': ' High efficiency clinker coolers    ', 'cost_per_tonne': -100000000.0, 'abatement_potential': 19849.59, 'implementation_time': 6, 'type': 'general'}, {'name': ' Substitute OPC with LC3 cement     ', 'cost_per_tonne': -80000000.0, 'abatement_potential': 26466.12, 'implementation_time': 6, 'type': 'general'}, {'name': ' Increasing fly ash to 35% in PPC   ', 'cost_per_tonne': -70000000.0, 'abatement_potential': 66165.31, 'implementation_time': 6, 'type': 'general'}, {'name': ' Renewable energy use in electricity', 'cost_per_tonne': 180000000.0, 'abatement_potential': 52932.25, 'implementation_time': 6, 'type': 'general'}, {'name': ' Increasing TSR to 30% in kiln fuel ', 'cost_per_tonne': 420000000.0, 'abatement_potential': 119097.56, 'implementation_time': 6, 'type': 'general'}, {'name': ' CCS                                ', 'cost_per_tonne': 900000000.0, 'abatement_potential': 396991.87, 'implementation_time': 6, 'type': 'general'}, {'name': ' Decreasing clinker to 85% in OPC   ', 'cost_per_tonne': 1200000000.0, 'abatement_potential': 33082.66, 'implementation_time': 6, 'type': 'general'}, {'name': ' CCU                                ', 'cost_per_tonne': 1860000000.0, 'abatement_potential': 396991.87, 'implementation_time': 6, 'type': 'general'}, {'name': ' Offset                             ', 'cost_per_tonne': 1880000000.0, 'abatement_potential': 79398.37, 'implementation_time': 6, 'type': 'general'}]"
69,CE_F54 , CEMENT   ,4473158,0.58,0.56,0.56,0.522551583,40271865000,128.8528473,True,0.1,200, ,40271900000000.0,40271865000,"[{'name': ' Efficient electrical equipment     ', 'cost_per_tonne': -430000000.0, 'abatement_potential': 26546.93, 'implementation_time': 6, 'type': 'general'}, {'name': ' Waste heat recovery                ', 'cost_per_tonne': -420000000.0, 'abatement_potential': 106187.73, 'implementation_time': 6, 'type': 'general'}, {'name': ' Automation system                  ', 'cost_per_tonne': -410000000.0, 'abatement_potential': 53093.86, 'implementation_time': 6, 'type': 'general'}, {'name': ' Efficient grinding system          ', 'cost_per_tonne': -360000000.0, 'abatement_potential': 66367.33, 'implementation_time': 6, 'type': 'general'}, {'name': ' Optimising auxiliary power         ', 'cost_per_tonne': -340000000.0, 'abatement_potential': 13273.47, 'implementation_time': 6, 'type': 'general'}, {'name': ' Increasing slag to 70% in PSC      ', 'cost_per_tonne': -300000000.0, 'abatement_potential': 66367.33, 'implementation_time': 6, 'type': 'general'}, {'name': ' Enhancement in Kiln                ', 'cost_per_tonne': -280000000.0, 'abatement_potential': 39820.4, 'implementation_time': 6, 'type': 'general'}, {'name': ' Heat rate reduction in CPP         ', 'cost_per_tonne': -260000000.0, 'abatement_potential': 26546.93, 'implementation_time': 6, 'type': 'general'}, {'name': ' Improving burnability of material  ', 'cost_per_tonne': -130000000.0, 'abatement_potential': 92914.26, 'implementation_time': 6, 'type': 'general'}, {'name': ' Burner retrofit                    ', 'cost_per_tonne': -120000000.0, 'abatement_potential': 13273.47, 'implementation_time': 6, 'type': 'general'}, {'name': ' High efficiency clinker coolers    ', 'cost_per_tonne': -100000000.0, 'abatement_potential': 39820.4, 'implementation_time': 6, 'type': 'general'}, {'name': ' Substitute OPC with LC3 cement     ', 'cost_per_tonne': -80000000.0, 'abatement_potential': 53093.86, 'implementation_time': 6, 'type': 'general'}, {'name': ' Increasing fly ash to 35% in PPC   ', 'cost_per_tonne': -70000000.0, 'abatement_potential': 132734.66, 'implementation_time': 6, 'type': 'general'}, {'name': ' Renewable energy use in electricity', 'cost_per_tonne': 180000000.0, 'abatement_potential': 106187.73, 'implementation_time': 6, 'type': 'general'}, {'name': ' Increasing TSR to 30% in kiln fuel ', 'cost_per_tonne': 420000000.0, 'abatement_potential': 238922.39, 'implementation_time': 6, 'type': 'general'}, {'name': ' CCS                                ', 'cost_per_tonne': 900000000.0, 'abatement_potential': 796407.95, 'implementation_time': 6, 'type': 'general'}, {'name': ' Decreasing clinker to 85% in OPC   ', 'cost_per_tonne': 1200000000.0, 'abatement_potential': 66367.33, 'implementation_time': 6, 'type': 'general'}, {'name': ' CCU                                ', 'cost_per_tonne': 1860000000.0, 'abatement_potential': 796407.95, 'implementation_time': 6, 'type': 'general'}, {'name': ' Offset                             ', 'cost_per_tonne': 1880000000.0, 'abatement_potential': 159281.59, 'implementation_time': 6, 'type': 'general'}]"
70,CE_F55 , CEMENT   ,2116986,0.6,0.58,0.58,0.780162251,42713725000,145.732179,True,0.1,200, ,42713700000000.0,42713725000,"[{'name': ' Efficient electrical equipment     ', 'cost_per_tonne': -430000000.0, 'abatement_potential': 12563.72, 'implementation_time': 6, 'type': 'general'}, {'name': ' Waste heat recovery                ', 'cost_per_tonne': -420000000.0, 'abatement_potential': 50254.86, 'implementation_time': 6, 'type': 'general'}, {'name': ' Automation system                  ', 'cost_per_tonne': -410000000.0, 'abatement_potential': 25127.43, 'implementation_time': 6, 'type': 'general'}, {'name': ' Efficient grinding system          ', 'cost_per_tonne': -360000000.0, 'abatement_potential': 31409.29, 'implementation_time': 6, 'type': 'general'}, {'name': ' Optimising auxiliary power         ', 'cost_per_tonne': -340000000.0, 'abatement_potential': 6281.86, 'implementation_time': 6, 'type': 'general'}, {'name': ' Increasing slag to 70% in PSC      ', 'cost_per_tonne': -300000000.0, 'abatement_potential': 31409.29, 'implementation_time': 6, 'type': 'general'}, {'name': ' Enhancement in Kiln                ', 'cost_per_tonne': -280000000.0, 'abatement_potential': 18845.57, 'implementation_time': 6, 'type': 'general'}, {'name': ' Heat rate reduction in CPP         ', 'cost_per_tonne': -260000000.0, 'abatement_potential': 12563.72, 'implementation_time': 6, 'type': 'general'}, {'name': ' Improving burnability of material  ', 'cost_per_tonne': -130000000.0, 'abatement_potential': 43973.0, 'implementation_time': 6, 'type': 'general'}, {'name': ' Burner retrofit                    ', 'cost_per_tonne': -120000000.0, 'abatement_potential': 6281.86, 'implementation_time': 6, 'type': 'general'}, {'name': ' High efficiency clinker coolers    ', 'cost_per_tonne': -100000000.0, 'abatement_potential': 18845.57, 'implementation_time': 6, 'type': 'general'}, {'name': ' Substitute OPC with LC3 cement     ', 'cost_per_tonne': -80000000.0, 'abatement_potential': 25127.43, 'implementation_time': 6, 'type': 'general'}, {'name': ' Increasing fly ash to 35% in PPC   ', 'cost_per_tonne': -70000000.0, 'abatement_potential': 62818.58, 'implementation_time': 6, 'type': 'general'}, {'name': ' Renewable energy use in electricity', 'cost_per_tonne': 180000000.0, 'abatement_potential': 50254.86, 'implementation_time': 6, 'type': 'general'}, {'name': ' Increasing TSR to 30% in kiln fuel ', 'cost_per_tonne': 420000000.0, 'abatement_potential': 113073.44, 'implementation_time': 6, 'type': 'general'}, {'name': ' CCS                                ', 'cost_per_tonne': 900000000.0, 'abatement_potential': 376911.45, 'implementation_time': 6, 'type': 'general'}, {'name': ' Decreasing clinker to 85% in OPC   ', 'cost_per_tonne': 1200000000.0, 'abatement_potential': 31409.29, 'implementation_time': 6, 'type': 'general'}, {'name': ' CCU                                ', 'cost_per_tonne': 1860000000.0, 'abatement_potential': 376911.45, 'implementation_time': 6, 'type': 'general'}, {'name': ' Offset                             ', 'cost_per_tonne': 1880000000.0, 'abatement_potential': 75382.29, 'implementation_time': 6, 'type': 'general'}]"
71,CE_F56 , CEMENT   ,4895238,0.6,0.57,0.57,0.829033759,33252272000,195.6487346,True,0.1,200, ,33252300000000.0,33252272000,"[{'name': ' Efficient electrical equipment     ', 'cost_per_tonne': -430000000.0, 'abatement_potential': 29051.86, 'implementation_time': 6, 'type': 'general'}, {'name': ' Waste heat recovery                ', 'cost_per_tonne': -420000000.0, 'abatement_potential': 116207.43, 'implementation_time': 6, 'type': 'general'}, {'name': ' Automation system                  ', 'cost_per_tonne': -410000000.0, 'abatement_potential': 58103.72, 'implementation_time': 6, 'type': 'general'}, {'name': ' Efficient grinding system          ', 'cost_per_tonne': -360000000.0, 'abatement_potential': 72629.64, 'implementation_time': 6, 'type': 'general'}, {'name': ' Optimising auxiliary power         ', 'cost_per_tonne': -340000000.0, 'abatement_potential': 14525.93, 'implementation_time': 6, 'type': 'general'}, {'name': ' Increasing slag to 70% in PSC      ', 'cost_per_tonne': -300000000.0, 'abatement_potential': 72629.64, 'implementation_time': 6, 'type': 'general'}, {'name': ' Enhancement in Kiln                ', 'cost_per_tonne': -280000000.0, 'abatement_potential': 43577.79, 'implementation_time': 6, 'type': 'general'}, {'name': ' Heat rate reduction in CPP         ', 'cost_per_tonne': -260000000.0, 'abatement_potential': 29051.86, 'implementation_time': 6, 'type': 'general'}, {'name': ' Improving burnability of material  ', 'cost_per_tonne': -130000000.0, 'abatement_potential': 101681.5, 'implementation_time': 6, 'type': 'general'}, {'name': ' Burner retrofit                    ', 'cost_per_tonne': -120000000.0, 'abatement_potential': 14525.93, 'implementation_time': 6, 'type': 'general'}, {'name': ' High efficiency clinker coolers    ', 'cost_per_tonne': -100000000.0, 'abatement_potential': 43577.79, 'implementation_time': 6, 'type': 'general'}, {'name': ' Substitute OPC with LC3 cement     ', 'cost_per_tonne': -80000000.0, 'abatement_potential': 58103.72, 'implementation_time': 6, 'type': 'general'}, {'name': ' Increasing fly ash to 35% in PPC   ', 'cost_per_tonne': -70000000.0, 'abatement_potential': 145259.29, 'implementation_time': 6, 'type': 'general'}, {'name': ' Renewable energy use in electricity', 'cost_per_tonne': 180000000.0, 'abatement_potential': 116207.43, 'implementation_time': 6, 'type': 'general'}, {'name': ' Increasing TSR to 30% in kiln fuel ', 'cost_per_tonne': 420000000.0, 'abatement_potential': 261466.72, 'implementation_time': 6, 'type': 'general'}, {'name': ' CCS                                ', 'cost_per_tonne': 900000000.0, 'abatement_potential': 871555.73, 'implementation_time': 6, 'type': 'general'}, {'name': ' Decreasing clinker to 85% in OPC   ', 'cost_per_tonne': 1200000000.0, 'abatement_potential': 72629.64, 'implementation_time': 6, 'type': 'general'}, {'name': ' CCU                                ', 'cost_per_tonne': 1860000000.0, 'abatement_potential': 871555.73, 'implementation_time': 6, 'type': 'general'}, {'name': ' Offset                             ', 'cost_per_tonne': 1880000000.0, 'abatement_potential': 174311.15, 'implementation_time': 6, 'type': 'general'}]"
72,CE_F57 , CEMENT   ,2425569,0.6,0.58,0.58,0.856467736,11319608000,167.8161846,True,0.1,200, ,11319600000000.0,11319608000,"[{'name': ' Efficient electrical equipment     ', 'cost_per_tonne': -430000000.0, 'abatement_potential': 14395.07, 'implementation_time': 6, 'type': 'general'}, {'name': ' Waste heat recovery                ', 'cost_per_tonne': -420000000.0, 'abatement_potential': 57580.27, 'implementation_time': 6, 'type': 'general'}, {'name': ' Automation system                  ', 'cost_per_tonne': -410000000.0, 'abatement_potential': 28790.14, 'implementation_time': 6, 'type': 'general'}, {'name': ' Efficient grinding system          ', 'cost_per_tonne': -360000000.0, 'abatement_potential': 35987.67, 'implementation_time': 6, 'type': 'general'}, {'name': ' Optimising auxiliary power         ', 'cost_per_tonne': -340000000.0, 'abatement_potential': 7197.53, 'implementation_time': 6, 'type': 'general'}, {'name': ' Increasing slag to 70% in PSC      ', 'cost_per_tonne': -300000000.0, 'abatement_potential': 35987.67, 'implementation_time': 6, 'type': 'general'}, {'name': ' Enhancement in Kiln                ', 'cost_per_tonne': -280000000.0, 'abatement_potential': 21592.6, 'implementation_time': 6, 'type': 'general'}, {'name': ' Heat rate reduction in CPP         ', 'cost_per_tonne': -260000000.0, 'abatement_potential': 14395.07, 'implementation_time': 6, 'type': 'general'}, {'name': ' Improving burnability of material  ', 'cost_per_tonne': -130000000.0, 'abatement_potential': 50382.74, 'implementation_time': 6, 'type': 'general'}, {'name': ' Burner retrofit                    ', 'cost_per_tonne': -120000000.0, 'abatement_potential': 7197.53, 'implementation_time': 6, 'type': 'general'}, {'name': ' High efficiency clinker coolers    ', 'cost_per_tonne': -100000000.0, 'abatement_potential': 21592.6, 'implementation_time': 6, 'type': 'general'}, {'name': ' Substitute OPC with LC3 cement     ', 'cost_per_tonne': -80000000.0, 'abatement_potential': 28790.14, 'implementation_time': 6, 'type': 'general'}, {'name': ' Increasing fly ash to 35% in PPC   ', 'cost_per_tonne': -70000000.0, 'abatement_potential': 71975.34, 'implementation_time': 6, 'type': 'general'}, {'name': ' Renewable energy use in electricity', 'cost_per_tonne': 180000000.0, 'abatement_potential': 57580.27, 'implementation_time': 6, 'type': 'general'}, {'name': ' Increasing TSR to 30% in kiln fuel ', 'cost_per_tonne': 420000000.0, 'abatement_potential': 129555.61, 'implementation_time': 6, 'type': 'general'}, {'name': ' CCS                                ', 'cost_per_tonne': 900000000.0, 'abatement_potential': 431852.05, 'implementation_time': 6, 'type': 'general'}, {'name': ' Decreasing clinker to 85% in OPC   ', 'cost_per_tonne': 1200000000.0, 'abatement_potential': 35987.67, 'implementation_time': 6, 'type': 'general'}, {'name': ' CCU                                ', 'cost_per_tonne': 1860000000.0, 'abatement_potential': 431852.05, 'implementation_time': 6, 'type': 'general'}, {'name': ' Offset                             ', 'cost_per_tonne': 1880000000.0, 'abatement_potential': 86370.41, 'implementation_time': 6, 'type': 'general'}]"
73,CE_F58 , CEMENT   ,1688705,0.62,0.6,0.6,0.218128911,35787777000,183.2204745,True,0.1,200, ,35787800000000.0,35787777000,"[{'name': ' Efficient electrical equipment     ', 'cost_per_tonne': -430000000.0, 'abatement_potential': 10021.99, 'implementation_time': 6, 'type': 'general'}, {'name': ' Waste heat recovery                ', 'cost_per_tonne': -420000000.0, 'abatement_potential': 40087.95, 'implementation_time': 6, 'type': 'general'}, {'name': ' Automation system                  ', 'cost_per_tonne': -410000000.0, 'abatement_potential': 20043.98, 'implementation_time': 6, 'type': 'general'}, {'name': ' Efficient grinding system          ', 'cost_per_tonne': -360000000.0, 'abatement_potential': 25054.97, 'implementation_time': 6, 'type': 'general'}, {'name': ' Optimising auxiliary power         ', 'cost_per_tonne': -340000000.0, 'abatement_potential': 5010.99, 'implementation_time': 6, 'type': 'general'}, {'name': ' Increasing slag to 70% in PSC      ', 'cost_per_tonne': -300000000.0, 'abatement_potential': 25054.97, 'implementation_time': 6, 'type': 'general'}, {'name': ' Enhancement in Kiln                ', 'cost_per_tonne': -280000000.0, 'abatement_potential': 15032.98, 'implementation_time': 6, 'type': 'general'}, {'name': ' Heat rate reduction in CPP         ', 'cost_per_tonne': -260000000.0, 'abatement_potential': 10021.99, 'implementation_time': 6, 'type': 'general'}, {'name': ' Improving burnability of material  ', 'cost_per_tonne': -130000000.0, 'abatement_potential': 35076.96, 'implementation_time': 6, 'type': 'general'}, {'name': ' Burner retrofit                    ', 'cost_per_tonne': -120000000.0, 'abatement_potential': 5010.99, 'implementation_time': 6, 'type': 'general'}, {'name': ' High efficiency clinker coolers    ', 'cost_per_tonne': -100000000.0, 'abatement_potential': 15032.98, 'implementation_time': 6, 'type': 'general'}, {'name': ' Substitute OPC with LC3 cement     ', 'cost_per_tonne': -80000000.0, 'abatement_potential': 20043.98, 'implementation_time': 6, 'type': 'general'}, {'name': ' Increasing fly ash to 35% in PPC   ', 'cost_per_tonne': -70000000.0, 'abatement_potential': 50109.94, 'implementation_time': 6, 'type': 'general'}, {'name': ' Renewable energy use in electricity', 'cost_per_tonne': 180000000.0, 'abatement_potential': 40087.95, 'implementation_time': 6, 'type': 'general'}, {'name': ' Increasing TSR to 30% in kiln fuel ', 'cost_per_tonne': 420000000.0, 'abatement_potential': 90197.89, 'implementation_time': 6, 'type': 'general'}, {'name': ' CCS                                ', 'cost_per_tonne': 900000000.0, 'abatement_potential': 300659.64, 'implementation_time': 6, 'type': 'general'}, {'name': ' Decreasing clinker to 85% in OPC   ', 'cost_per_tonne': 1200000000.0, 'abatement_potential': 25054.97, 'implementation_time': 6, 'type': 'general'}, {'name': ' CCU                                ', 'cost_per_tonne': 1860000000.0, 'abatement_potential': 300659.64, 'implementation_time': 6, 'type': 'general'}, {'name': ' Offset                             ', 'cost_per_tonne': 1880000000.0, 'abatement_potential': 60131.93, 'implementation_time': 6, 'type': 'general'}]"
74,CE_F59 , CEMENT   ,6427775,0.6,0.58,0.58,0.165967002,43842963000,119.4727323,True,0.1,200, ,43843000000000.0,43842963000,"[{'name': ' Efficient electrical equipment     ', 'cost_per_tonne': -430000000.0, 'abatement_potential': 38147.03, 'implementation_time': 6, 'type': 'general'}, {'name': ' Waste heat recovery                ', 'cost_per_tonne': -420000000.0, 'abatement_potential': 152588.13, 'implementation_time': 6, 'type': 'general'}, {'name': ' Automation system                  ', 'cost_per_tonne': -410000000.0, 'abatement_potential': 76294.07, 'implementation_time': 6, 'type': 'general'}, {'name': ' Efficient grinding system          ', 'cost_per_tonne': -360000000.0, 'abatement_potential': 95367.58, 'implementation_time': 6, 'type': 'general'}, {'name': ' Optimising auxiliary power         ', 'cost_per_tonne': -340000000.0, 'abatement_potential': 19073.52, 'implementation_time': 6, 'type': 'general'}, {'name': ' Increasing slag to 70% in PSC      ', 'cost_per_tonne': -300000000.0, 'abatement_potential': 95367.58, 'implementation_time': 6, 'type': 'general'}, {'name': ' Enhancement in Kiln                ', 'cost_per_tonne': -280000000.0, 'abatement_potential': 57220.55, 'implementation_time': 6, 'type': 'general'}, {'name': ' Heat rate reduction in CPP         ', 'cost_per_tonne': -260000000.0, 'abatement_potential': 38147.03, 'implementation_time': 6, 'type': 'general'}, {'name': ' Improving burnability of material  ', 'cost_per_tonne': -130000000.0, 'abatement_potential': 133514.61, 'implementation_time': 6, 'type': 'general'}, {'name': ' Burner retrofit                    ', 'cost_per_tonne': -120000000.0, 'abatement_potential': 19073.52, 'implementation_time': 6, 'type': 'general'}, {'name': ' High efficiency clinker coolers    ', 'cost_per_tonne': -100000000.0, 'abatement_potential': 57220.55, 'implementation_time': 6, 'type': 'general'}, {'name': ' Substitute OPC with LC3 cement     ', 'cost_per_tonne': -80000000.0, 'abatement_potential': 76294.07, 'implementation_time': 6, 'type': 'general'}, {'name': ' Increasing fly ash to 35% in PPC   ', 'cost_per_tonne': -70000000.0, 'abatement_potential': 190735.16, 'implementation_time': 6, 'type': 'general'}, {'name': ' Renewable energy use in electricity', 'cost_per_tonne': 180000000.0, 'abatement_potential': 152588.13, 'implementation_time': 6, 'type': 'general'}, {'name': ' Increasing TSR to 30% in kiln fuel ', 'cost_per_tonne': 420000000.0, 'abatement_potential': 343323.29, 'implementation_time': 6, 'type': 'general'}, {'name': ' CCS                                ', 'cost_per_tonne': 900000000.0, 'abatement_potential': 1144410.98, 'implementation_time': 6, 'type': 'general'}, {'name': ' Decreasing clinker to 85% in OPC   ', 'cost_per_tonne': 1200000000.0, 'abatement_potential': 95367.58, 'implementation_time': 6, 'type': 'general'}, {'name': ' CCU                                ', 'cost_per_tonne': 1860000000.0, 'abatement_potential': 1144410.98, 'implementation_time': 6, 'type': 'general'}, {'name': ' Offset                             ', 'cost_per_tonne': 1880000000.0, 'abatement_potential': 228882.2, 'implementation_time': 6, 'type': 'general'}]"
75,CE_F60 , CEMENT   ,596503,0.58,0.55,0.55,0.668670844,40307779000,146.9985638,True,0.1,200, ,40307800000000.0,40307779000,"[{'name': ' Efficient electrical equipment     ', 'cost_per_tonne': -430000000.0, 'abatement_potential': 3540.08, 'implementation_time': 6, 'type': 'general'}, {'name': ' Waste heat recovery                ', 'cost_per_tonne': -420000000.0, 'abatement_potential': 14160.31, 'implementation_time': 6, 'type': 'general'}, {'name': ' Automation system                  ', 'cost_per_tonne': -410000000.0, 'abatement_potential': 7080.15, 'implementation_time': 6, 'type': 'general'}, {'name': ' Efficient grinding system          ', 'cost_per_tonne': -360000000.0, 'abatement_potential': 8850.19, 'implementation_time': 6, 'type': 'general'}, {'name': ' Optimising auxiliary power         ', 'cost_per_tonne': -340000000.0, 'abatement_potential': 1770.04, 'implementation_time': 6, 'type': 'general'}, {'name': ' Increasing slag to 70% in PSC      ', 'cost_per_tonne': -300000000.0, 'abatement_potential': 8850.19, 'implementation_time': 6, 'type': 'general'}, {'name': ' Enhancement in Kiln                ', 'cost_per_tonne': -280000000.0, 'abatement_potential': 5310.12, 'implementation_time': 6, 'type': 'general'}, {'name': ' Heat rate reduction in CPP         ', 'cost_per_tonne': -260000000.0, 'abatement_potential': 3540.08, 'implementation_time': 6, 'type': 'general'}, {'name': ' Improving burnability of material  ', 'cost_per_tonne': -130000000.0, 'abatement_potential': 12390.27, 'implementation_time': 6, 'type': 'general'}, {'name': ' Burner retrofit                    ', 'cost_per_tonne': -120000000.0, 'abatement_potential': 1770.04, 'implementation_time': 6, 'type': 'general'}, {'name': ' High efficiency clinker coolers    ', 'cost_per_tonne': -100000000.0, 'abatement_potential': 5310.12, 'implementation_time': 6, 'type': 'general'}, {'name': ' Substitute OPC with LC3 cement     ', 'cost_per_tonne': -80000000.0, 'abatement_potential': 7080.15, 'implementation_time': 6, 'type': 'general'}, {'name': ' Increasing fly ash to 35% in PPC   ', 'cost_per_tonne': -70000000.0, 'abatement_potential': 17700.39, 'implementation_time': 6, 'type': 'general'}, {'name': ' Renewable energy use in electricity', 'cost_per_tonne': 180000000.0, 'abatement_potential': 14160.31, 'implementation_time': 6, 'type': 'general'}, {'name': ' Increasing TSR to 30% in kiln fuel ', 'cost_per_tonne': 420000000.0, 'abatement_potential': 31860.69, 'implementation_time': 6, 'type': 'general'}, {'name': ' CCS                                ', 'cost_per_tonne': 900000000.0, 'abatement_potential': 106202.31, 'implementation_time': 6, 'type': 'general'}, {'name': ' Decreasing clinker to 85% in OPC   ', 'cost_per_tonne': 1200000000.0, 'abatement_potential': 8850.19, 'implementation_time': 6, 'type': 'general'}, {'name': ' CCU                                ', 'cost_per_tonne': 1860000000.0, 'abatement_potential': 106202.31, 'implementation_time': 6, 'type': 'general'}, {'name': ' Offset                             ', 'cost_per_tonne': 1880000000.0, 'abatement_potential': 21240.46, 'implementation_time': 6, 'type': 'general'}]"
76,CE_F61 , CEMENT   ,3800515,0.59,0.57,0.57,0.390005339,12097561000,165.9630808,True,0.1,200, ,12097600000000.0,12097561000,"[{'name': ' Efficient electrical equipment     ', 'cost_per_tonne': -430000000.0, 'abatement_potential': 22554.99, 'implementation_time': 6, 'type': 'general'}, {'name': ' Waste heat recovery                ', 'cost_per_tonne': -420000000.0, 'abatement_potential': 90219.94, 'implementation_time': 6, 'type': 'general'}, {'name': ' Automation system                  ', 'cost_per_tonne': -410000000.0, 'abatement_potential': 45109.97, 'implementation_time': 6, 'type': 'general'}, {'name': ' Efficient grinding system          ', 'cost_per_tonne': -360000000.0, 'abatement_potential': 56387.46, 'implementation_time': 6, 'type': 'general'}, {'name': ' Optimising auxiliary power         ', 'cost_per_tonne': -340000000.0, 'abatement_potential': 11277.49, 'implementation_time': 6, 'type': 'general'}, {'name': ' Increasing slag to 70% in PSC      ', 'cost_per_tonne': -300000000.0, 'abatement_potential': 56387.46, 'implementation_time': 6, 'type': 'general'}, {'name': ' Enhancement in Kiln                ', 'cost_per_tonne': -280000000.0, 'abatement_potential': 33832.48, 'implementation_time': 6, 'type': 'general'}, {'name': ' Heat rate reduction in CPP         ', 'cost_per_tonne': -260000000.0, 'abatement_potential': 22554.99, 'implementation_time': 6, 'type': 'general'}, {'name': ' Improving burnability of material  ', 'cost_per_tonne': -130000000.0, 'abatement_potential': 78942.45, 'implementation_time': 6, 'type': 'general'}, {'name': ' Burner retrofit                    ', 'cost_per_tonne': -120000000.0, 'abatement_potential': 11277.49, 'implementation_time': 6, 'type': 'general'}, {'name': ' High efficiency clinker coolers    ', 'cost_per_tonne': -100000000.0, 'abatement_potential': 33832.48, 'implementation_time': 6, 'type': 'general'}, {'name': ' Substitute OPC with LC3 cement     ', 'cost_per_tonne': -80000000.0, 'abatement_potential': 45109.97, 'implementation_time': 6, 'type': 'general'}, {'name': ' Increasing fly ash to 35% in PPC   ', 'cost_per_tonne': -70000000.0, 'abatement_potential': 112774.93, 'implementation_time': 6, 'type': 'general'}, {'name': ' Renewable energy use in electricity', 'cost_per_tonne': 180000000.0, 'abatement_potential': 90219.94, 'implementation_time': 6, 'type': 'general'}, {'name': ' Increasing TSR to 30% in kiln fuel ', 'cost_per_tonne': 420000000.0, 'abatement_potential': 202994.87, 'implementation_time': 6, 'type': 'general'}, {'name': ' CCS                                ', 'cost_per_tonne': 900000000.0, 'abatement_potential': 676649.55, 'implementation_time': 6, 'type': 'general'}, {'name': ' Decreasing clinker to 85% in OPC   ', 'cost_per_tonne': 1200000000.0, 'abatement_potential': 56387.46, 'implementation_time': 6, 'type': 'general'}, {'name': ' CCU                                ', 'cost_per_tonne': 1860000000.0, 'abatement_potential': 676649.55, 'implementation_time': 6, 'type': 'general'}, {'name': ' Offset                             ', 'cost_per_tonne': 1880000000.0, 'abatement_potential': 135329.91, 'implementation_time': 6, 'type': 'general'}]"
77,CE_F62 , CEMENT   ,1414107,0.6,0.58,0.58,0.669885179,29484003000,194.8030363,True,0.1,200, ,29484000000000.0,29484003000,"[{'name': ' Efficient electrical equipment     ', 'cost_per_tonne': -430000000.0, 'abatement_potential': 8392.33, 'implementation_time': 6, 'type': 'general'}, {'name': ' Waste heat recovery                ', 'cost_per_tonne': -420000000.0, 'abatement_potential': 33569.31, 'implementation_time': 6, 'type': 'general'}, {'name': ' Automation system                  ', 'cost_per_tonne': -410000000.0, 'abatement_potential': 16784.65, 'implementation_time': 6, 'type': 'general'}, {'name': ' Efficient grinding system          ', 'cost_per_tonne': -360000000.0, 'abatement_potential': 20980.82, 'implementation_time': 6, 'type': 'general'}, {'name': ' Optimising auxiliary power         ', 'cost_per_tonne': -340000000.0, 'abatement_potential': 4196.16, 'implementation_time': 6, 'type': 'general'}, {'name': ' Increasing slag to 70% in PSC      ', 'cost_per_tonne': -300000000.0, 'abatement_potential': 20980.82, 'implementation_time': 6, 'type': 'general'}, {'name': ' Enhancement in Kiln                ', 'cost_per_tonne': -280000000.0, 'abatement_potential': 12588.49, 'implementation_time': 6, 'type': 'general'}, {'name': ' Heat rate reduction in CPP         ', 'cost_per_tonne': -260000000.0, 'abatement_potential': 8392.33, 'implementation_time': 6, 'type': 'general'}, {'name': ' Improving burnability of material  ', 'cost_per_tonne': -130000000.0, 'abatement_potential': 29373.14, 'implementation_time': 6, 'type': 'general'}, {'name': ' Burner retrofit                    ', 'cost_per_tonne': -120000000.0, 'abatement_potential': 4196.16, 'implementation_time': 6, 'type': 'general'}, {'name': ' High efficiency clinker coolers    ', 'cost_per_tonne': -100000000.0, 'abatement_potential': 12588.49, 'implementation_time': 6, 'type': 'general'}, {'name': ' Substitute OPC with LC3 cement     ', 'cost_per_tonne': -80000000.0, 'abatement_potential': 16784.65, 'implementation_time': 6, 'type': 'general'}, {'name': ' Increasing fly ash to 35% in PPC   ', 'cost_per_tonne': -70000000.0, 'abatement_potential': 41961.63, 'implementation_time': 6, 'type': 'general'}, {'name': ' Renewable energy use in electricity', 'cost_per_tonne': 180000000.0, 'abatement_potential': 33569.31, 'implementation_time': 6, 'type': 'general'}, {'name': ' Increasing TSR to 30% in kiln fuel ', 'cost_per_tonne': 420000000.0, 'abatement_potential': 75530.94, 'implementation_time': 6, 'type': 'general'}, {'name': ' CCS                                ', 'cost_per_tonne': 900000000.0, 'abatement_potential': 251769.79, 'implementation_time': 6, 'type': 'general'}, {'name': ' Decreasing clinker to 85% in OPC   ', 'cost_per_tonne': 1200000000.0, 'abatement_potential': 20980.82, 'implementation_time': 6, 'type': 'general'}, {'name': ' CCU                                ', 'cost_per_tonne': 1860000000.0, 'abatement_potential': 251769.79, 'implementation_time': 6, 'type': 'general'}, {'name': ' Offset                             ', 'cost_per_tonne': 1880000000.0, 'abatement_potential': 50353.96, 'implementation_time': 6, 'type': 'general'}]"
78,CE_F63 , CEMENT   ,3454741,0.6,0.57,0.57,0.325515299,22748563000,135.9409092,True,0.1,200, ,22748600000000.0,22748563000,"[{'name': ' Efficient electrical equipment     ', 'cost_per_tonne': -430000000.0, 'abatement_potential': 20502.91, 'implementation_time': 6, 'type': 'general'}, {'name': ' Waste heat recovery                ', 'cost_per_tonne': -420000000.0, 'abatement_potential': 82011.66, 'implementation_time': 6, 'type': 'general'}, {'name': ' Automation system                  ', 'cost_per_tonne': -410000000.0, 'abatement_potential': 41005.83, 'implementation_time': 6, 'type': 'general'}, {'name': ' Efficient grinding system          ', 'cost_per_tonne': -360000000.0, 'abatement_potential': 51257.28, 'implementation_time': 6, 'type': 'general'}, {'name': ' Optimising auxiliary power         ', 'cost_per_tonne': -340000000.0, 'abatement_potential': 10251.46, 'implementation_time': 6, 'type': 'general'}, {'name': ' Increasing slag to 70% in PSC      ', 'cost_per_tonne': -300000000.0, 'abatement_potential': 51257.28, 'implementation_time': 6, 'type': 'general'}, {'name': ' Enhancement in Kiln                ', 'cost_per_tonne': -280000000.0, 'abatement_potential': 30754.37, 'implementation_time': 6, 'type': 'general'}, {'name': ' Heat rate reduction in CPP         ', 'cost_per_tonne': -260000000.0, 'abatement_potential': 20502.91, 'implementation_time': 6, 'type': 'general'}, {'name': ' Improving burnability of material  ', 'cost_per_tonne': -130000000.0, 'abatement_potential': 71760.2, 'implementation_time': 6, 'type': 'general'}, {'name': ' Burner retrofit                    ', 'cost_per_tonne': -120000000.0, 'abatement_potential': 10251.46, 'implementation_time': 6, 'type': 'general'}, {'name': ' High efficiency clinker coolers    ', 'cost_per_tonne': -100000000.0, 'abatement_potential': 30754.37, 'implementation_time': 6, 'type': 'general'}, {'name': ' Substitute OPC with LC3 cement     ', 'cost_per_tonne': -80000000.0, 'abatement_potential': 41005.83, 'implementation_time': 6, 'type': 'general'}, {'name': ' Increasing fly ash to 35% in PPC   ', 'cost_per_tonne': -70000000.0, 'abatement_potential': 102514.57, 'implementation_time': 6, 'type': 'general'}, {'name': ' Renewable energy use in electricity', 'cost_per_tonne': 180000000.0, 'abatement_potential': 82011.66, 'implementation_time': 6, 'type': 'general'}, {'name': ' Increasing TSR to 30% in kiln fuel ', 'cost_per_tonne': 420000000.0, 'abatement_potential': 184526.23, 'implementation_time': 6, 'type': 'general'}, {'name': ' CCS                                ', 'cost_per_tonne': 900000000.0, 'abatement_potential': 615087.42, 'implementation_time': 6, 'type': 'general'}, {'name': ' Decreasing clinker to 85% in OPC   ', 'cost_per_tonne': 1200000000.0, 'abatement_potential': 51257.28, 'implementation_time': 6, 'type': 'general'}, {'name': ' CCU                                ', 'cost_per_tonne': 1860000000.0, 'abatement_potential': 615087.42, 'implementation_time': 6, 'type': 'general'}, {'name': ' Offset                             ', 'cost_per_tonne': 1880000000.0, 'abatement_potential': 123017.48, 'implementation_time': 6, 'type': 'general'}]"
79,CE_F64 , CEMENT   ,2258496,0.65,0.62,0.62,0.548421324,40520913000,107.4518643,True,0.1,200, ,40520900000000.0,40520913000,"[{'name': ' Efficient electrical equipment     ', 'cost_per_tonne': -430000000.0, 'abatement_potential': 13403.54, 'implementation_time': 6, 'type': 'general'}, {'name': ' Waste heat recovery                ', 'cost_per_tonne': -420000000.0, 'abatement_potential': 53614.15, 'implementation_time': 6, 'type': 'general'}, {'name': ' Automation system                  ', 'cost_per_tonne': -410000000.0, 'abatement_potential': 26807.07, 'implementation_time': 6, 'type': 'general'}, {'name': ' Efficient grinding system          ', 'cost_per_tonne': -360000000.0, 'abatement_potential': 33508.84, 'implementation_time': 6, 'type': 'general'}, {'name': ' Optimising auxiliary power         ', 'cost_per_tonne': -340000000.0, 'abatement_potential': 6701.77, 'implementation_time': 6, 'type': 'general'}, {'name': ' Increasing slag to 70% in PSC      ', 'cost_per_tonne': -300000000.0, 'abatement_potential': 33508.84, 'implementation_time': 6, 'type': 'general'}, {'name': ' Enhancement in Kiln                ', 'cost_per_tonne': -280000000.0, 'abatement_potential': 20105.31, 'implementation_time': 6, 'type': 'general'}, {'name': ' Heat rate reduction in CPP         ', 'cost_per_tonne': -260000000.0, 'abatement_potential': 13403.54, 'implementation_time': 6, 'type': 'general'}, {'name': ' Improving burnability of material  ', 'cost_per_tonne': -130000000.0, 'abatement_potential': 46912.38, 'implementation_time': 6, 'type': 'general'}, {'name': ' Burner retrofit                    ', 'cost_per_tonne': -120000000.0, 'abatement_potential': 6701.77, 'implementation_time': 6, 'type': 'general'}, {'name': ' High efficiency clinker coolers    ', 'cost_per_tonne': -100000000.0, 'abatement_potential': 20105.31, 'implementation_time': 6, 'type': 'general'}, {'name': ' Substitute OPC with LC3 cement     ', 'cost_per_tonne': -80000000.0, 'abatement_potential': 26807.07, 'implementation_time': 6, 'type': 'general'}, {'name': ' Increasing fly ash to 35% in PPC   ', 'cost_per_tonne': -70000000.0, 'abatement_potential': 67017.69, 'implementation_time': 6, 'type': 'general'}, {'name': ' Renewable energy use in electricity', 'cost_per_tonne': 180000000.0, 'abatement_potential': 53614.15, 'implementation_time': 6, 'type': 'general'}, {'name': ' Increasing TSR to 30% in kiln fuel ', 'cost_per_tonne': 420000000.0, 'abatement_potential': 120631.83, 'implementation_time': 6, 'type': 'general'}, {'name': ' CCS                                ', 'cost_per_tonne': 900000000.0, 'abatement_potential': 402106.11, 'implementation_time': 6, 'type': 'general'}, {'name': ' Decreasing clinker to 85% in OPC   ', 'cost_per_tonne': 1200000000.0, 'abatement_potential': 33508.84, 'implementation_time': 6, 'type': 'general'}, {'name': ' CCU                                ', 'cost_per_tonne': 1860000000.0, 'abatement_potential': 402106.11, 'implementation_time': 6, 'type': 'general'}, {'name': ' Offset                             ', 'cost_per_tonne': 1880000000.0, 'abatement_potential': 80421.22, 'implementation_time': 6, 'type': 'general'}]"
80,CE_F65 , CEMENT   ,4145715,0.71,0.68,0.68,0.118985614,45867540000,150.3334474,True,0.1,200, ,45867500000000.0,45867540000,"[{'name': ' Efficient electrical equipment     ', 'cost_per_tonne': -430000000.0, 'abatement_potential': 24603.65, 'implementation_time': 6, 'type': 'general'}, {'name': ' Waste heat recovery                ', 'cost_per_tonne': -420000000.0, 'abatement_potential': 98414.6, 'implementation_time': 6, 'type': 'general'}, {'name': ' Automation system                  ', 'cost_per_tonne': -410000000.0, 'abatement_potential': 49207.3, 'implementation_time': 6, 'type': 'general'}, {'name': ' Efficient grinding system          ', 'cost_per_tonne': -360000000.0, 'abatement_potential': 61509.12, 'implementation_time': 6, 'type': 'general'}, {'name': ' Optimising auxiliary power         ', 'cost_per_tonne': -340000000.0, 'abatement_potential': 12301.82, 'implementation_time': 6, 'type': 'general'}, {'name': ' Increasing slag to 70% in PSC      ', 'cost_per_tonne': -300000000.0, 'abatement_potential': 61509.12, 'implementation_time': 6, 'type': 'general'}, {'name': ' Enhancement in Kiln                ', 'cost_per_tonne': -280000000.0, 'abatement_potential': 36905.47, 'implementation_time': 6, 'type': 'general'}, {'name': ' Heat rate reduction in CPP         ', 'cost_per_tonne': -260000000.0, 'abatement_potential': 24603.65, 'implementation_time': 6, 'type': 'general'}, {'name': ' Improving burnability of material  ', 'cost_per_tonne': -130000000.0, 'abatement_potential': 86112.77, 'implementation_time': 6, 'type': 'general'}, {'name': ' Burner retrofit                    ', 'cost_per_tonne': -120000000.0, 'abatement_potential': 12301.82, 'implementation_time': 6, 'type': 'general'}, {'name': ' High efficiency clinker coolers    ', 'cost_per_tonne': -100000000.0, 'abatement_potential': 36905.47, 'implementation_time': 6, 'type': 'general'}, {'name': ' Substitute OPC with LC3 cement     ', 'cost_per_tonne': -80000000.0, 'abatement_potential': 49207.3, 'implementation_time': 6, 'type': 'general'}, {'name': ' Increasing fly ash to 35% in PPC   ', 'cost_per_tonne': -70000000.0, 'abatement_potential': 123018.25, 'implementation_time': 6, 'type': 'general'}, {'name': ' Renewable energy use in electricity', 'cost_per_tonne': 180000000.0, 'abatement_potential': 98414.6, 'implementation_time': 6, 'type': 'general'}, {'name': ' Increasing TSR to 30% in kiln fuel ', 'cost_per_tonne': 420000000.0, 'abatement_potential': 221432.85, 'implementation_time': 6, 'type': 'general'}, {'name': ' CCS                                ', 'cost_per_tonne': 900000000.0, 'abatement_potential': 738109.5, 'implementation_time': 6, 'type': 'general'}, {'name': ' Decreasing clinker to 85% in OPC   ', 'cost_per_tonne': 1200000000.0, 'abatement_potential': 61509.12, 'implementation_time': 6, 'type': 'general'}, {'name': ' CCU                                ', 'cost_per_tonne': 1860000000.0, 'abatement_potential': 738109.5, 'implementation_time': 6, 'type': 'general'}, {'name': ' Offset                             ', 'cost_per_tonne': 1880000000.0, 'abatement_potential': 147621.9, 'implementation_time': 6, 'type': 'general'}]"
81,CE_F66 , CEMENT   ,2540546,0.72,0.69,0.69,0.869350773,10843738000,192.5485213,True,0.1,200, ,10843700000000.0,10843738000,"[{'name': ' Efficient electrical equipment     ', 'cost_per_tonne': -430000000.0, 'abatement_potential': 15077.42, 'implementation_time': 6, 'type': 'general'}, {'name': ' Waste heat recovery                ', 'cost_per_tonne': -420000000.0, 'abatement_potential': 60309.7, 'implementation_time': 6, 'type': 'general'}, {'name': ' Automation system                  ', 'cost_per_tonne': -410000000.0, 'abatement_potential': 30154.85, 'implementation_time': 6, 'type': 'general'}, {'name': ' Efficient grinding system          ', 'cost_per_tonne': -360000000.0, 'abatement_potential': 37693.56, 'implementation_time': 6, 'type': 'general'}, {'name': ' Optimising auxiliary power         ', 'cost_per_tonne': -340000000.0, 'abatement_potential': 7538.71, 'implementation_time': 6, 'type': 'general'}, {'name': ' Increasing slag to 70% in PSC      ', 'cost_per_tonne': -300000000.0, 'abatement_potential': 37693.56, 'implementation_time': 6, 'type': 'general'}, {'name': ' Enhancement in Kiln                ', 'cost_per_tonne': -280000000.0, 'abatement_potential': 22616.14, 'implementation_time': 6, 'type': 'general'}, {'name': ' Heat rate reduction in CPP         ', 'cost_per_tonne': -260000000.0, 'abatement_potential': 15077.42, 'implementation_time': 6, 'type': 'general'}, {'name': ' Improving burnability of material  ', 'cost_per_tonne': -130000000.0, 'abatement_potential': 52770.99, 'implementation_time': 6, 'type': 'general'}, {'name': ' Burner retrofit                    ', 'cost_per_tonne': -120000000.0, 'abatement_potential': 7538.71, 'implementation_time': 6, 'type': 'general'}, {'name': ' High efficiency clinker coolers    ', 'cost_per_tonne': -100000000.0, 'abatement_potential': 22616.14, 'implementation_time': 6, 'type': 'general'}, {'name': ' Substitute OPC with LC3 cement     ', 'cost_per_tonne': -80000000.0, 'abatement_potential': 30154.85, 'implementation_time': 6, 'type': 'general'}, {'name': ' Increasing fly ash to 35% in PPC   ', 'cost_per_tonne': -70000000.0, 'abatement_potential': 75387.12, 'implementation_time': 6, 'type': 'general'}, {'name': ' Renewable energy use in electricity', 'cost_per_tonne': 180000000.0, 'abatement_potential': 60309.7, 'implementation_time': 6, 'type': 'general'}, {'name': ' Increasing TSR to 30% in kiln fuel ', 'cost_per_tonne': 420000000.0, 'abatement_potential': 135696.82, 'implementation_time': 6, 'type': 'general'}, {'name': ' CCS                                ', 'cost_per_tonne': 900000000.0, 'abatement_potential': 452322.73, 'implementation_time': 6, 'type': 'general'}, {'name': ' Decreasing clinker to 85% in OPC   ', 'cost_per_tonne': 1200000000.0, 'abatement_potential': 37693.56, 'implementation_time': 6, 'type': 'general'}, {'name': ' CCU                                ', 'cost_per_tonne': 1860000000.0, 'abatement_potential': 452322.73, 'implementation_time': 6, 'type': 'general'}, {'name': ' Offset                             ', 'cost_per_tonne': 1880000000.0, 'abatement_potential': 90464.55, 'implementation_time': 6, 'type': 'general'}]"
82,CE_F67 , CEMENT   ,419412,0.63,0.6,0.6,0.835314881,34714034000,171.3900039,True,0.1,200, ,34714000000000.0,34714034000,"[{'name': ' Efficient electrical equipment     ', 'cost_per_tonne': -430000000.0, 'abatement_potential': 2986.91, 'implementation_time': 6, 'type': 'general'}, {'name': ' Waste heat recovery                ', 'cost_per_tonne': -420000000.0, 'abatement_potential': 11947.64, 'implementation_time': 6, 'type': 'general'}, {'name': ' Automation system                  ', 'cost_per_tonne': -410000000.0, 'abatement_potential': 5973.82, 'implementation_time': 6, 'type': 'general'}, {'name': ' Efficient grinding system          ', 'cost_per_tonne': -360000000.0, 'abatement_potential': 7467.28, 'implementation_time': 6, 'type': 'general'}, {'name': ' Optimising auxiliary power         ', 'cost_per_tonne': -340000000.0, 'abatement_potential': 1493.46, 'implementation_time': 6, 'type': 'general'}, {'name': ' Increasing slag to 70% in PSC      ', 'cost_per_tonne': -300000000.0, 'abatement_potential': 7467.28, 'implementation_time': 6, 'type': 'general'}, {'name': ' Enhancement in Kiln                ', 'cost_per_tonne': -280000000.0, 'abatement_potential': 4480.37, 'implementation_time': 6, 'type': 'general'}, {'name': ' Heat rate reduction in CPP         ', 'cost_per_tonne': -260000000.0, 'abatement_potential': 2986.91, 'implementation_time': 6, 'type': 'general'}, {'name': ' Improving burnability of material  ', 'cost_per_tonne': -130000000.0, 'abatement_potential': 10454.19, 'implementation_time': 6, 'type': 'general'}, {'name': ' Burner retrofit                    ', 'cost_per_tonne': -120000000.0, 'abatement_potential': 1493.46, 'implementation_time': 6, 'type': 'general'}, {'name': ' High efficiency clinker coolers    ', 'cost_per_tonne': -100000000.0, 'abatement_potential': 4480.37, 'implementation_time': 6, 'type': 'general'}, {'name': ' Substitute OPC with LC3 cement     ', 'cost_per_tonne': -80000000.0, 'abatement_potential': 5973.82, 'implementation_time': 6, 'type': 'general'}, {'name': ' Increasing fly ash to 35% in PPC   ', 'cost_per_tonne': -70000000.0, 'abatement_potential': 14934.55, 'implementation_time': 6, 'type': 'general'}, {'name': ' Renewable energy use in electricity', 'cost_per_tonne': 180000000.0, 'abatement_potential': 9956.37, 'implementation_time': 6, 'type': 'general'}, {'name': ' Increasing TSR to 30% in kiln fuel ', 'cost_per_tonne': 420000000.0, 'abatement_potential': 22401.83, 'implementation_time': 6, 'type': 'general'}, {'name': ' CCS                                ', 'cost_per_tonne': 900000000.0, 'abatement_potential': 74672.76, 'implementation_time': 6, 'type': 'general'}, {'name': ' Decreasing clinker to 85% in OPC   ', 'cost_per_tonne': 1200000000.0, 'abatement_potential': 1244.55, 'implementation_time': 6, 'type': 'general'}, {'name': ' CCU                                ', 'cost_per_tonne': 1860000000.0, 'abatement_potential': 14934.55, 'implementation_time': 6, 'type': 'general'}, {'name': ' Offset                             ', 'cost_per_tonne': 1880000000.0, 'abatement_potential': 2986.91, 'implementation_time': 6, 'type': 'general'}]"
83,CE_F68 , CEMENT   ,2916588,0.71,0.68,0.68,0.441618636,14664736000,137.9607649,True,0.1,200, ,14664700000000.0,14664736000,"[{'name': ' Efficient electrical equipment     ', 'cost_per_tonne': -430000000.0, 'abatement_potential': 17309.13, 'implementation_time': 6, 'type': 'general'}, {'name': ' Waste heat recovery                ', 'cost_per_tonne': -420000000.0, 'abatement_potential': 69236.51, 'implementation_time': 6, 'type': 'general'}, {'name': ' Automation system                  ', 'cost_per_tonne': -410000000.0, 'abatement_potential': 34618.26, 'implementation_time': 6, 'type': 'general'}, {'name': ' Efficient grinding system          ', 'cost_per_tonne': -360000000.0, 'abatement_potential': 43272.82, 'implementation_time': 6, 'type': 'general'}, {'name': ' Optimising auxiliary power         ', 'cost_per_tonne': -340000000.0, 'abatement_potential': 8654.56, 'implementation_time': 6, 'type': 'general'}, {'name': ' Increasing slag to 70% in PSC      ', 'cost_per_tonne': -300000000.0, 'abatement_potential': 43272.82, 'implementation_time': 6, 'type': 'general'}, {'name': ' Enhancement in Kiln                ', 'cost_per_tonne': -280000000.0, 'abatement_potential': 25963.69, 'implementation_time': 6, 'type': 'general'}, {'name': ' Heat rate reduction in CPP         ', 'cost_per_tonne': -260000000.0, 'abatement_potential': 17309.13, 'implementation_time': 6, 'type': 'general'}, {'name': ' Improving burnability of material  ', 'cost_per_tonne': -130000000.0, 'abatement_potential': 60581.95, 'implementation_time': 6, 'type': 'general'}, {'name': ' Burner retrofit                    ', 'cost_per_tonne': -120000000.0, 'abatement_potential': 8654.56, 'implementation_time': 6, 'type': 'general'}, {'name': ' High efficiency clinker coolers    ', 'cost_per_tonne': -100000000.0, 'abatement_potential': 25963.69, 'implementation_time': 6, 'type': 'general'}, {'name': ' Substitute OPC with LC3 cement     ', 'cost_per_tonne': -80000000.0, 'abatement_potential': 34618.26, 'implementation_time': 6, 'type': 'general'}, {'name': ' Increasing fly ash to 35% in PPC   ', 'cost_per_tonne': -70000000.0, 'abatement_potential': 86545.64, 'implementation_time': 6, 'type': 'general'}, {'name': ' Renewable energy use in electricity', 'cost_per_tonne': 180000000.0, 'abatement_potential': 69236.51, 'implementation_time': 6, 'type': 'general'}, {'name': ' Increasing TSR to 30% in kiln fuel ', 'cost_per_tonne': 420000000.0, 'abatement_potential': 155782.15, 'implementation_time': 6, 'type': 'general'}, {'name': ' CCS                                ', 'cost_per_tonne': 900000000.0, 'abatement_potential': 519273.83, 'implementation_time': 6, 'type': 'general'}, {'name': ' Decreasing clinker to 85% in OPC   ', 'cost_per_tonne': 1200000000.0, 'abatement_potential': 43272.82, 'implementation_time': 6, 'type': 'general'}, {'name': ' CCU                                ', 'cost_per_tonne': 1860000000.0, 'abatement_potential': 519273.83, 'implementation_time': 6, 'type': 'general'}, {'name': ' Offset                             ', 'cost_per_tonne': 1880000000.0, 'abatement_potential': 103854.77, 'implementation_time': 6, 'type': 'general'}]"
84,CE_F69 , CEMENT   ,964184,0.63,0.6,0.6,0.76336772,22086033000,112.9735307,True,0.1,200, ,22086000000000.0,22086033000,"[{'name': ' Efficient electrical equipment     ', 'cost_per_tonne': -430000000.0, 'abatement_potential': 5722.16, 'implementation_time': 6, 'type': 'general'}, {'name': ' Waste heat recovery                ', 'cost_per_tonne': -420000000.0, 'abatement_potential': 22888.64, 'implementation_time': 6, 'type': 'general'}, {'name': ' Automation system                  ', 'cost_per_tonne': -410000000.0, 'abatement_potential': 11444.32, 'implementation_time': 6, 'type': 'general'}, {'name': ' Efficient grinding system          ', 'cost_per_tonne': -360000000.0, 'abatement_potential': 14305.4, 'implementation_time': 6, 'type': 'general'}, {'name': ' Optimising auxiliary power         ', 'cost_per_tonne': -340000000.0, 'abatement_potential': 2861.08, 'implementation_time': 6, 'type': 'general'}, {'name': ' Increasing slag to 70% in PSC      ', 'cost_per_tonne': -300000000.0, 'abatement_potential': 14305.4, 'implementation_time': 6, 'type': 'general'}, {'name': ' Enhancement in Kiln                ', 'cost_per_tonne': -280000000.0, 'abatement_potential': 8583.24, 'implementation_time': 6, 'type': 'general'}, {'name': ' Heat rate reduction in CPP         ', 'cost_per_tonne': -260000000.0, 'abatement_potential': 5722.16, 'implementation_time': 6, 'type': 'general'}, {'name': ' Improving burnability of material  ', 'cost_per_tonne': -130000000.0, 'abatement_potential': 20027.56, 'implementation_time': 6, 'type': 'general'}, {'name': ' Burner retrofit                    ', 'cost_per_tonne': -120000000.0, 'abatement_potential': 2861.08, 'implementation_time': 6, 'type': 'general'}, {'name': ' High efficiency clinker coolers    ', 'cost_per_tonne': -100000000.0, 'abatement_potential': 8583.24, 'implementation_time': 6, 'type': 'general'}, {'name': ' Substitute OPC with LC3 cement     ', 'cost_per_tonne': -80000000.0, 'abatement_potential': 11444.32, 'implementation_time': 6, 'type': 'general'}, {'name': ' Increasing fly ash to 35% in PPC   ', 'cost_per_tonne': -70000000.0, 'abatement_potential': 28610.8, 'implementation_time': 6, 'type': 'general'}, {'name': ' Renewable energy use in electricity', 'cost_per_tonne': 180000000.0, 'abatement_potential': 22888.64, 'implementation_time': 6, 'type': 'general'}, {'name': ' Increasing TSR to 30% in kiln fuel ', 'cost_per_tonne': 420000000.0, 'abatement_potential': 51499.44, 'implementation_time': 6, 'type': 'general'}, {'name': ' CCS                                ', 'cost_per_tonne': 900000000.0, 'abatement_potential': 171664.81, 'implementation_time': 6, 'type': 'general'}, {'name': ' Decreasing clinker to 85% in OPC   ', 'cost_per_tonne': 1200000000.0, 'abatement_potential': 14305.4, 'implementation_time': 6, 'type': 'general'}, {'name': ' CCU                                ', 'cost_per_tonne': 1860000000.0, 'abatement_potential': 171664.81, 'implementation_time': 6, 'type': 'general'}, {'name': ' Offset                             ', 'cost_per_tonne': 1880000000.0, 'abatement_potential': 34332.96, 'implementation_time': 6, 'type': 'general'}]"
85,CE_F70 , CEMENT   ,3917932,0.59,0.56,0.56,0.885738496,10179864000,150.79156,True,0.1,200, ,10179900000000.0,10179864000,"[{'name': ' Efficient electrical equipment     ', 'cost_per_tonne': -430000000.0, 'abatement_potential': 23251.82, 'implementation_time': 6, 'type': 'general'}, {'name': ' Waste heat recovery                ', 'cost_per_tonne': -420000000.0, 'abatement_potential': 93007.29, 'implementation_time': 6, 'type': 'general'}, {'name': ' Automation system                  ', 'cost_per_tonne': -410000000.0, 'abatement_potential': 46503.64, 'implementation_time': 6, 'type': 'general'}, {'name': ' Efficient grinding system          ', 'cost_per_tonne': -360000000.0, 'abatement_potential': 58129.55, 'implementation_time': 6, 'type': 'general'}, {'name': ' Optimising auxiliary power         ', 'cost_per_tonne': -340000000.0, 'abatement_potential': 11625.91, 'implementation_time': 6, 'type': 'general'}, {'name': ' Increasing slag to 70% in PSC      ', 'cost_per_tonne': -300000000.0, 'abatement_potential': 58129.55, 'implementation_time': 6, 'type': 'general'}, {'name': ' Enhancement in Kiln                ', 'cost_per_tonne': -280000000.0, 'abatement_potential': 34877.73, 'implementation_time': 6, 'type': 'general'}, {'name': ' Heat rate reduction in CPP         ', 'cost_per_tonne': -260000000.0, 'abatement_potential': 23251.82, 'implementation_time': 6, 'type': 'general'}, {'name': ' Improving burnability of material  ', 'cost_per_tonne': -130000000.0, 'abatement_potential': 81381.38, 'implementation_time': 6, 'type': 'general'}, {'name': ' Burner retrofit                    ', 'cost_per_tonne': -120000000.0, 'abatement_potential': 11625.91, 'implementation_time': 6, 'type': 'general'}, {'name': ' High efficiency clinker coolers    ', 'cost_per_tonne': -100000000.0, 'abatement_potential': 34877.73, 'implementation_time': 6, 'type': 'general'}, {'name': ' Substitute OPC with LC3 cement     ', 'cost_per_tonne': -80000000.0, 'abatement_potential': 46503.64, 'implementation_time': 6, 'type': 'general'}, {'name': ' Increasing fly ash to 35% in PPC   ', 'cost_per_tonne': -70000000.0, 'abatement_potential': 116259.11, 'implementation_time': 6, 'type': 'general'}, {'name': ' Renewable energy use in electricity', 'cost_per_tonne': 180000000.0, 'abatement_potential': 93007.29, 'implementation_time': 6, 'type': 'general'}, {'name': ' Increasing TSR to 30% in kiln fuel ', 'cost_per_tonne': 420000000.0, 'abatement_potential': 209266.4, 'implementation_time': 6, 'type': 'general'}, {'name': ' CCS                                ', 'cost_per_tonne': 900000000.0, 'abatement_potential': 697554.66, 'implementation_time': 6, 'type': 'general'}, {'name': ' Decreasing clinker to 85% in OPC   ', 'cost_per_tonne': 1200000000.0, 'abatement_potential': 58129.55, 'implementation_time': 6, 'type': 'general'}, {'name': ' CCU                                ', 'cost_per_tonne': 1860000000.0, 'abatement_potential': 697554.66, 'implementation_time': 6, 'type': 'general'}, {'name': ' Offset                             ', 'cost_per_tonne': 1880000000.0, 'abatement_potential': 139510.93, 'implementation_time': 6, 'type': 'general'}]"
86,CE_F71 , CEMENT   ,923349,0.65,0.62,0.62,0.366628068,43897811000,180.4479126,True,0.1,200, ,43897800000000.0,43897811000,"[{'name': ' Efficient electrical equipment     ', 'cost_per_tonne': -430000000.0, 'abatement_potential': 5479.82, 'implementation_time': 6, 'type': 'general'}, {'name': ' Waste heat recovery                ', 'cost_per_tonne': -420000000.0, 'abatement_potential': 21919.26, 'implementation_time': 6, 'type': 'general'}, {'name': ' Automation system                  ', 'cost_per_tonne': -410000000.0, 'abatement_potential': 10959.63, 'implementation_time': 6, 'type': 'general'}, {'name': ' Efficient grinding system          ', 'cost_per_tonne': -360000000.0, 'abatement_potential': 13699.54, 'implementation_time': 6, 'type': 'general'}, {'name': ' Optimising auxiliary power         ', 'cost_per_tonne': -340000000.0, 'abatement_potential': 2739.91, 'implementation_time': 6, 'type': 'general'}, {'name': ' Increasing slag to 70% in PSC      ', 'cost_per_tonne': -300000000.0, 'abatement_potential': 13699.54, 'implementation_time': 6, 'type': 'general'}, {'name': ' Enhancement in Kiln                ', 'cost_per_tonne': -280000000.0, 'abatement_potential': 8219.72, 'implementation_time': 6, 'type': 'general'}, {'name': ' Heat rate reduction in CPP         ', 'cost_per_tonne': -260000000.0, 'abatement_potential': 5479.82, 'implementation_time': 6, 'type': 'general'}, {'name': ' Improving burnability of material  ', 'cost_per_tonne': -130000000.0, 'abatement_potential': 19179.36, 'implementation_time': 6, 'type': 'general'}, {'name': ' Burner retrofit                    ', 'cost_per_tonne': -120000000.0, 'abatement_potential': 2739.91, 'implementation_time': 6, 'type': 'general'}, {'name': ' High efficiency clinker coolers    ', 'cost_per_tonne': -100000000.0, 'abatement_potential': 8219.72, 'implementation_time': 6, 'type': 'general'}, {'name': ' Substitute OPC with LC3 cement     ', 'cost_per_tonne': -80000000.0, 'abatement_potential': 10959.63, 'implementation_time': 6, 'type': 'general'}, {'name': ' Increasing fly ash to 35% in PPC   ', 'cost_per_tonne': -70000000.0, 'abatement_potential': 27399.08, 'implementation_time': 6, 'type': 'general'}, {'name': ' Renewable energy use in electricity', 'cost_per_tonne': 180000000.0, 'abatement_potential': 21919.26, 'implementation_time': 6, 'type': 'general'}, {'name': ' Increasing TSR to 30% in kiln fuel ', 'cost_per_tonne': 420000000.0, 'abatement_potential': 49318.34, 'implementation_time': 6, 'type': 'general'}, {'name': ' CCS                                ', 'cost_per_tonne': 900000000.0, 'abatement_potential': 164394.48, 'implementation_time': 6, 'type': 'general'}, {'name': ' Decreasing clinker to 85% in OPC   ', 'cost_per_tonne': 1200000000.0, 'abatement_potential': 13699.54, 'implementation_time': 6, 'type': 'general'}, {'name': ' CCU                                ', 'cost_per_tonne': 1860000000.0, 'abatement_potential': 164394.48, 'implementation_time': 6, 'type': 'general'}, {'name': ' Offset                             ', 'cost_per_tonne': 1880000000.0, 'abatement_potential': 32878.9, 'implementation_time': 6, 'type': 'general'}]"
87,CE_F72 , CEMENT   ,408107,0.68,0.65,0.65,0.793917778,27167527000,127.1167734,True,0.1,200, ,27167500000000.0,27167527000,"[{'name': ' Efficient electrical equipment     ', 'cost_per_tonne': -430000000.0, 'abatement_potential': 2906.4, 'implementation_time': 6, 'type': 'general'}, {'name': ' Waste heat recovery                ', 'cost_per_tonne': -420000000.0, 'abatement_potential': 11625.6, 'implementation_time': 6, 'type': 'general'}, {'name': ' Automation system                  ', 'cost_per_tonne': -410000000.0, 'abatement_potential': 5812.8, 'implementation_time': 6, 'type': 'general'}, {'name': ' Efficient grinding system          ', 'cost_per_tonne': -360000000.0, 'abatement_potential': 7266.0, 'implementation_time': 6, 'type': 'general'}, {'name': ' Optimising auxiliary power         ', 'cost_per_tonne': -340000000.0, 'abatement_potential': 1453.2, 'implementation_time': 6, 'type': 'general'}, {'name': ' Increasing slag to 70% in PSC      ', 'cost_per_tonne': -300000000.0, 'abatement_potential': 7266.0, 'implementation_time': 6, 'type': 'general'}, {'name': ' Enhancement in Kiln                ', 'cost_per_tonne': -280000000.0, 'abatement_potential': 4359.6, 'implementation_time': 6, 'type': 'general'}, {'name': ' Heat rate reduction in CPP         ', 'cost_per_tonne': -260000000.0, 'abatement_potential': 2906.4, 'implementation_time': 6, 'type': 'general'}, {'name': ' Improving burnability of material  ', 'cost_per_tonne': -130000000.0, 'abatement_potential': 10172.4, 'implementation_time': 6, 'type': 'general'}, {'name': ' Burner retrofit                    ', 'cost_per_tonne': -120000000.0, 'abatement_potential': 1453.2, 'implementation_time': 6, 'type': 'general'}, {'name': ' High efficiency clinker coolers    ', 'cost_per_tonne': -100000000.0, 'abatement_potential': 4359.6, 'implementation_time': 6, 'type': 'general'}, {'name': ' Substitute OPC with LC3 cement     ', 'cost_per_tonne': -80000000.0, 'abatement_potential': 5812.8, 'implementation_time': 6, 'type': 'general'}, {'name': ' Increasing fly ash to 35% in PPC   ', 'cost_per_tonne': -70000000.0, 'abatement_potential': 14532.0, 'implementation_time': 6, 'type': 'general'}, {'name': ' Renewable energy use in electricity', 'cost_per_tonne': 180000000.0, 'abatement_potential': 9688.0, 'implementation_time': 6, 'type': 'general'}, {'name': ' Increasing TSR to 30% in kiln fuel ', 'cost_per_tonne': 420000000.0, 'abatement_potential': 21798.0, 'implementation_time': 6, 'type': 'general'}, {'name': ' CCS                                ', 'cost_per_tonne': 900000000.0, 'abatement_potential': 72660.0, 'implementation_time': 6, 'type': 'general'}, {'name': ' Decreasing clinker to 85% in OPC   ', 'cost_per_tonne': 1200000000.0, 'abatement_potential': 1211.0, 'implementation_time': 6, 'type': 'general'}, {'name': ' CCU                                ', 'cost_per_tonne': 1860000000.0, 'abatement_potential': 14532.0, 'implementation_time': 6, 'type': 'general'}, {'name': ' Offset                             ', 'cost_per_tonne': 1880000000.0, 'abatement_potential': 2906.4, 'implementation_time': 6, 'type': 'general'}]"
88,CE_F73 , CEMENT   ,2867679,0.71,0.67,0.67,0.723999374,49466057000,80.88874369,True,0.1,200, ,49466100000000.0,49466057000,"[{'name': ' Efficient electrical equipment     ', 'cost_per_tonne': -430000000.0, 'abatement_potential': 17018.87, 'implementation_time': 6, 'type': 'general'}, {'name': ' Waste heat recovery                ', 'cost_per_tonne': -420000000.0, 'abatement_potential': 68075.47, 'implementation_time': 6, 'type': 'general'}, {'name': ' Automation system                  ', 'cost_per_tonne': -410000000.0, 'abatement_potential': 34037.73, 'implementation_time': 6, 'type': 'general'}, {'name': ' Efficient grinding system          ', 'cost_per_tonne': -360000000.0, 'abatement_potential': 42547.17, 'implementation_time': 6, 'type': 'general'}, {'name': ' Optimising auxiliary power         ', 'cost_per_tonne': -340000000.0, 'abatement_potential': 8509.43, 'implementation_time': 6, 'type': 'general'}, {'name': ' Increasing slag to 70% in PSC      ', 'cost_per_tonne': -300000000.0, 'abatement_potential': 42547.17, 'implementation_time': 6, 'type': 'general'}, {'name': ' Enhancement in Kiln                ', 'cost_per_tonne': -280000000.0, 'abatement_potential': 25528.3, 'implementation_time': 6, 'type': 'general'}, {'name': ' Heat rate reduction in CPP         ', 'cost_per_tonne': -260000000.0, 'abatement_potential': 17018.87, 'implementation_time': 6, 'type': 'general'}, {'name': ' Improving burnability of material  ', 'cost_per_tonne': -130000000.0, 'abatement_potential': 59566.03, 'implementation_time': 6, 'type': 'general'}, {'name': ' Burner retrofit                    ', 'cost_per_tonne': -120000000.0, 'abatement_potential': 8509.43, 'implementation_time': 6, 'type': 'general'}, {'name': ' High efficiency clinker coolers    ', 'cost_per_tonne': -100000000.0, 'abatement_potential': 25528.3, 'implementation_time': 6, 'type': 'general'}, {'name': ' Substitute OPC with LC3 cement     ', 'cost_per_tonne': -80000000.0, 'abatement_potential': 34037.73, 'implementation_time': 6, 'type': 'general'}, {'name': ' Increasing fly ash to 35% in PPC   ', 'cost_per_tonne': -70000000.0, 'abatement_potential': 85094.33, 'implementation_time': 6, 'type': 'general'}, {'name': ' Renewable energy use in electricity', 'cost_per_tonne': 180000000.0, 'abatement_potential': 68075.47, 'implementation_time': 6, 'type': 'general'}, {'name': ' Increasing TSR to 30% in kiln fuel ', 'cost_per_tonne': 420000000.0, 'abatement_potential': 153169.8, 'implementation_time': 6, 'type': 'general'}, {'name': ' CCS                                ', 'cost_per_tonne': 900000000.0, 'abatement_potential': 510565.99, 'implementation_time': 6, 'type': 'general'}, {'name': ' Decreasing clinker to 85% in OPC   ', 'cost_per_tonne': 1200000000.0, 'abatement_potential': 42547.17, 'implementation_time': 6, 'type': 'general'}, {'name': ' CCU                                ', 'cost_per_tonne': 1860000000.0, 'abatement_potential': 510565.99, 'implementation_time': 6, 'type': 'general'}, {'name': ' Offset                             ', 'cost_per_tonne': 1880000000.0, 'abatement_potential': 102113.2, 'implementation_time': 6, 'type': 'general'}]"
89,CE_F74 , CEMENT   ,453502,0.71,0.66,0.66,0.841475072,23995045000,201.5298338,True,0.1,200, ,23995000000000.0,23995045000,"[{'name': ' Efficient electrical equipment     ', 'cost_per_tonne': -430000000.0, 'abatement_potential': 3229.69, 'implementation_time': 6, 'type': 'general'}, {'name': ' Waste heat recovery                ', 'cost_per_tonne': -420000000.0, 'abatement_potential': 12918.75, 'implementation_time': 6, 'type': 'general'}, {'name': ' Automation system                  ', 'cost_per_tonne': -410000000.0, 'abatement_potential': 6459.38, 'implementation_time': 6, 'type': 'general'}, {'name': ' Efficient grinding system          ', 'cost_per_tonne': -360000000.0, 'abatement_potential': 8074.22, 'implementation_time': 6, 'type': 'general'}, {'name': ' Optimising auxiliary power         ', 'cost_per_tonne': -340000000.0, 'abatement_potential': 1614.84, 'implementation_time': 6, 'type': 'general'}, {'name': ' Increasing slag to 70% in PSC      ', 'cost_per_tonne': -300000000.0, 'abatement_potential': 8074.22, 'implementation_time': 6, 'type': 'general'}, {'name': ' Enhancement in Kiln                ', 'cost_per_tonne': -280000000.0, 'abatement_potential': 4844.53, 'implementation_time': 6, 'type': 'general'}, {'name': ' Heat rate reduction in CPP         ', 'cost_per_tonne': -260000000.0, 'abatement_potential': 3229.69, 'implementation_time': 6, 'type': 'general'}, {'name': ' Improving burnability of material  ', 'cost_per_tonne': -130000000.0, 'abatement_potential': 11303.91, 'implementation_time': 6, 'type': 'general'}, {'name': ' Burner retrofit                    ', 'cost_per_tonne': -120000000.0, 'abatement_potential': 1614.84, 'implementation_time': 6, 'type': 'general'}, {'name': ' High efficiency clinker coolers    ', 'cost_per_tonne': -100000000.0, 'abatement_potential': 4844.53, 'implementation_time': 6, 'type': 'general'}, {'name': ' Substitute OPC with LC3 cement     ', 'cost_per_tonne': -80000000.0, 'abatement_potential': 6459.38, 'implementation_time': 6, 'type': 'general'}, {'name': ' Increasing fly ash to 35% in PPC   ', 'cost_per_tonne': -70000000.0, 'abatement_potential': 16148.44, 'implementation_time': 6, 'type': 'general'}, {'name': ' Renewable energy use in electricity', 'cost_per_tonne': 180000000.0, 'abatement_potential': 10765.63, 'implementation_time': 6, 'type': 'general'}, {'name': ' Increasing TSR to 30% in kiln fuel ', 'cost_per_tonne': 420000000.0, 'abatement_potential': 24222.66, 'implementation_time': 6, 'type': 'general'}, {'name': ' CCS                                ', 'cost_per_tonne': 900000000.0, 'abatement_potential': 80742.2, 'implementation_time': 6, 'type': 'general'}, {'name': ' Decreasing clinker to 85% in OPC   ', 'cost_per_tonne': 1200000000.0, 'abatement_potential': 1345.7, 'implementation_time': 6, 'type': 'general'}, {'name': ' CCU                                ', 'cost_per_tonne': 1860000000.0, 'abatement_potential': 16148.44, 'implementation_time': 6, 'type': 'general'}, {'name': ' Offset                             ', 'cost_per_tonne': 1880000000.0, 'abatement_potential': 3229.69, 'implementation_time': 6, 'type': 'general'}]"
90,CE_F75 , CEMENT   ,1964528,0.74,0.73,0.73,0.555501111,30494312852,146.0087903,True,0.1,200, ,30494300000000.0,30494312852,"[{'name': ' Efficient electrical equipment     ', 'cost_per_tonne': -430000000.0, 'abatement_potential': 11658.92, 'implementation_time': 6, 'type': 'general'}, {'name': ' Waste heat recovery                ', 'cost_per_tonne': -420000000.0, 'abatement_potential': 46635.68, 'implementation_time': 6, 'type': 'general'}, {'name': ' Automation system                  ', 'cost_per_tonne': -410000000.0, 'abatement_potential': 23317.84, 'implementation_time': 6, 'type': 'general'}, {'name': ' Efficient grinding system          ', 'cost_per_tonne': -360000000.0, 'abatement_potential': 29147.3, 'implementation_time': 6, 'type': 'general'}, {'name': ' Optimising auxiliary power         ', 'cost_per_tonne': -340000000.0, 'abatement_potential': 5829.46, 'implementation_time': 6, 'type': 'general'}, {'name': ' Increasing slag to 70% in PSC      ', 'cost_per_tonne': -300000000.0, 'abatement_potential': 29147.3, 'implementation_time': 6, 'type': 'general'}, {'name': ' Enhancement in Kiln                ', 'cost_per_tonne': -280000000.0, 'abatement_potential': 17488.38, 'implementation_time': 6, 'type': 'general'}, {'name': ' Heat rate reduction in CPP         ', 'cost_per_tonne': -260000000.0, 'abatement_potential': 11658.92, 'implementation_time': 6, 'type': 'general'}, {'name': ' Improving burnability of material  ', 'cost_per_tonne': -130000000.0, 'abatement_potential': 40806.22, 'implementation_time': 6, 'type': 'general'}, {'name': ' Burner retrofit                    ', 'cost_per_tonne': -120000000.0, 'abatement_potential': 5829.46, 'implementation_time': 6, 'type': 'general'}, {'name': ' High efficiency clinker coolers    ', 'cost_per_tonne': -100000000.0, 'abatement_potential': 17488.38, 'implementation_time': 6, 'type': 'general'}, {'name': ' Substitute OPC with LC3 cement     ', 'cost_per_tonne': -80000000.0, 'abatement_potential': 23317.84, 'implementation_time': 6, 'type': 'general'}, {'name': ' Increasing fly ash to 35% in PPC   ', 'cost_per_tonne': -70000000.0, 'abatement_potential': 58294.6, 'implementation_time': 6, 'type': 'general'}, {'name': ' Renewable energy use in electricity', 'cost_per_tonne': 180000000.0, 'abatement_potential': 46635.68, 'implementation_time': 6, 'type': 'general'}, {'name': ' Increasing TSR to 30% in kiln fuel ', 'cost_per_tonne': 420000000.0, 'abatement_potential': 104930.28, 'implementation_time': 6, 'type': 'general'}, {'name': ' CCS                                ', 'cost_per_tonne': 900000000.0, 'abatement_potential': 349767.6, 'implementation_time': 6, 'type': 'general'}, {'name': ' Decreasing clinker to 85% in OPC   ', 'cost_per_tonne': 1200000000.0, 'abatement_potential': 29147.3, 'implementation_time': 6, 'type': 'general'}, {'name': ' CCU                                ', 'cost_per_tonne': 1860000000.0, 'abatement_potential': 349767.6, 'implementation_time': 6, 'type': 'general'}, {'name': ' Offset                             ', 'cost_per_tonne': 1880000000.0, 'abatement_potential': 69953.52, 'implementation_time': 6, 'type': 'general'}]"
91,CE_F76 , CEMENT   ,5677845,0.74,0.72,0.72,0.556207577,30488421866,145.8548811,True,0.1,200, ,30488400000000.0,30488421866,"[{'name': ' Efficient electrical equipment     ', 'cost_per_tonne': -430000000.0, 'abatement_potential': 33696.41, 'implementation_time': 6, 'type': 'general'}, {'name': ' Waste heat recovery                ', 'cost_per_tonne': -420000000.0, 'abatement_potential': 134785.64, 'implementation_time': 6, 'type': 'general'}, {'name': ' Automation system                  ', 'cost_per_tonne': -410000000.0, 'abatement_potential': 67392.82, 'implementation_time': 6, 'type': 'general'}, {'name': ' Efficient grinding system          ', 'cost_per_tonne': -360000000.0, 'abatement_potential': 84241.02, 'implementation_time': 6, 'type': 'general'}, {'name': ' Optimising auxiliary power         ', 'cost_per_tonne': -340000000.0, 'abatement_potential': 16848.2, 'implementation_time': 6, 'type': 'general'}, {'name': ' Increasing slag to 70% in PSC      ', 'cost_per_tonne': -300000000.0, 'abatement_potential': 84241.02, 'implementation_time': 6, 'type': 'general'}, {'name': ' Enhancement in Kiln                ', 'cost_per_tonne': -280000000.0, 'abatement_potential': 50544.61, 'implementation_time': 6, 'type': 'general'}, {'name': ' Heat rate reduction in CPP         ', 'cost_per_tonne': -260000000.0, 'abatement_potential': 33696.41, 'implementation_time': 6, 'type': 'general'}, {'name': ' Improving burnability of material  ', 'cost_per_tonne': -130000000.0, 'abatement_potential': 117937.43, 'implementation_time': 6, 'type': 'general'}, {'name': ' Burner retrofit                    ', 'cost_per_tonne': -120000000.0, 'abatement_potential': 16848.2, 'implementation_time': 6, 'type': 'general'}, {'name': ' High efficiency clinker coolers    ', 'cost_per_tonne': -100000000.0, 'abatement_potential': 50544.61, 'implementation_time': 6, 'type': 'general'}, {'name': ' Substitute OPC with LC3 cement     ', 'cost_per_tonne': -80000000.0, 'abatement_potential': 67392.82, 'implementation_time': 6, 'type': 'general'}, {'name': ' Increasing fly ash to 35% in PPC   ', 'cost_per_tonne': -70000000.0, 'abatement_potential': 168482.05, 'implementation_time': 6, 'type': 'general'}, {'name': ' Renewable energy use in electricity', 'cost_per_tonne': 180000000.0, 'abatement_potential': 134785.64, 'implementation_time': 6, 'type': 'general'}, {'name': ' Increasing TSR to 30% in kiln fuel ', 'cost_per_tonne': 420000000.0, 'abatement_potential': 303267.69, 'implementation_time': 6, 'type': 'general'}, {'name': ' CCS                                ', 'cost_per_tonne': 900000000.0, 'abatement_potential': 1010892.28, 'implementation_time': 6, 'type': 'general'}, {'name': ' Decreasing clinker to 85% in OPC   ', 'cost_per_tonne': 1200000000.0, 'abatement_potential': 84241.02, 'implementation_time': 6, 'type': 'general'}, {'name': ' CCU                                ', 'cost_per_tonne': 1860000000.0, 'abatement_potential': 1010892.28, 'implementation_time': 6, 'type': 'general'}, {'name': ' Offset                             ', 'cost_per_tonne': 1880000000.0, 'abatement_potential': 202178.46, 'implementation_time': 6, 'type': 'general'}]"
92,CE_F77 , CEMENT   ,3666167,0.77,0.75,0.75,0.556914042,30482530880,145.700972,True,0.1,200, ,30482500000000.0,30482530880,"[{'name': ' Efficient electrical equipment     ', 'cost_per_tonne': -430000000.0, 'abatement_potential': 21757.67, 'implementation_time': 6, 'type': 'general'}, {'name': ' Waste heat recovery                ', 'cost_per_tonne': -420000000.0, 'abatement_potential': 87030.67, 'implementation_time': 6, 'type': 'general'}, {'name': ' Automation system                  ', 'cost_per_tonne': -410000000.0, 'abatement_potential': 43515.34, 'implementation_time': 6, 'type': 'general'}, {'name': ' Efficient grinding system          ', 'cost_per_tonne': -360000000.0, 'abatement_potential': 54394.17, 'implementation_time': 6, 'type': 'general'}, {'name': ' Optimising auxiliary power         ', 'cost_per_tonne': -340000000.0, 'abatement_potential': 10878.83, 'implementation_time': 6, 'type': 'general'}, {'name': ' Increasing slag to 70% in PSC      ', 'cost_per_tonne': -300000000.0, 'abatement_potential': 54394.17, 'implementation_time': 6, 'type': 'general'}, {'name': ' Enhancement in Kiln                ', 'cost_per_tonne': -280000000.0, 'abatement_potential': 32636.5, 'implementation_time': 6, 'type': 'general'}, {'name': ' Heat rate reduction in CPP         ', 'cost_per_tonne': -260000000.0, 'abatement_potential': 21757.67, 'implementation_time': 6, 'type': 'general'}, {'name': ' Improving burnability of material  ', 'cost_per_tonne': -130000000.0, 'abatement_potential': 76151.84, 'implementation_time': 6, 'type': 'general'}, {'name': ' Burner retrofit                    ', 'cost_per_tonne': -120000000.0, 'abatement_potential': 10878.83, 'implementation_time': 6, 'type': 'general'}, {'name': ' High efficiency clinker coolers    ', 'cost_per_tonne': -100000000.0, 'abatement_potential': 32636.5, 'implementation_time': 6, 'type': 'general'}, {'name': ' Substitute OPC with LC3 cement     ', 'cost_per_tonne': -80000000.0, 'abatement_potential': 43515.34, 'implementation_time': 6, 'type': 'general'}, {'name': ' Increasing fly ash to 35% in PPC   ', 'cost_per_tonne': -70000000.0, 'abatement_potential': 108788.34, 'implementation_time': 6, 'type': 'general'}, {'name': ' Renewable energy use in electricity', 'cost_per_tonne': 180000000.0, 'abatement_potential': 87030.67, 'implementation_time': 6, 'type': 'general'}, {'name': ' Increasing TSR to 30% in kiln fuel ', 'cost_per_tonne': 420000000.0, 'abatement_potential': 195819.01, 'implementation_time': 6, 'type': 'general'}, {'name': ' CCS                                ', 'cost_per_tonne': 900000000.0, 'abatement_potential': 652730.03, 'implementation_time': 6, 'type': 'general'}, {'name': ' Decreasing clinker to 85% in OPC   ', 'cost_per_tonne': 1200000000.0, 'abatement_potential': 54394.17, 'implementation_time': 6, 'type': 'general'}, {'name': ' CCU                                ', 'cost_per_tonne': 1860000000.0, 'abatement_potential': 652730.03, 'implementation_time': 6, 'type': 'general'}, {'name': ' Offset                             ', 'cost_per_tonne': 1880000000.0, 'abatement_potential': 130546.01, 'implementation_time': 6, 'type': 'general'}]"
93,CE_F78 , CEMENT   ,2397993,0.77,0.75,0.75,0.557620507,30476639894,145.5470628,True,0.1,200, ,30476600000000.0,30476639894,"[{'name': ' Efficient electrical equipment     ', 'cost_per_tonne': -430000000.0, 'abatement_potential': 14231.41, 'implementation_time': 6, 'type': 'general'}, {'name': ' Waste heat recovery                ', 'cost_per_tonne': -420000000.0, 'abatement_potential': 56925.65, 'implementation_time': 6, 'type': 'general'}, {'name': ' Automation system                  ', 'cost_per_tonne': -410000000.0, 'abatement_potential': 28462.82, 'implementation_time': 6, 'type': 'general'}, {'name': ' Efficient grinding system          ', 'cost_per_tonne': -360000000.0, 'abatement_potential': 35578.53, 'implementation_time': 6, 'type': 'general'}, {'name': ' Optimising auxiliary power         ', 'cost_per_tonne': -340000000.0, 'abatement_potential': 7115.71, 'implementation_time': 6, 'type': 'general'}, {'name': ' Increasing slag to 70% in PSC      ', 'cost_per_tonne': -300000000.0, 'abatement_potential': 35578.53, 'implementation_time': 6, 'type': 'general'}, {'name': ' Enhancement in Kiln                ', 'cost_per_tonne': -280000000.0, 'abatement_potential': 21347.12, 'implementation_time': 6, 'type': 'general'}, {'name': ' Heat rate reduction in CPP         ', 'cost_per_tonne': -260000000.0, 'abatement_potential': 14231.41, 'implementation_time': 6, 'type': 'general'}, {'name': ' Improving burnability of material  ', 'cost_per_tonne': -130000000.0, 'abatement_potential': 49809.94, 'implementation_time': 6, 'type': 'general'}, {'name': ' Burner retrofit                    ', 'cost_per_tonne': -120000000.0, 'abatement_potential': 7115.71, 'implementation_time': 6, 'type': 'general'}, {'name': ' High efficiency clinker coolers    ', 'cost_per_tonne': -100000000.0, 'abatement_potential': 21347.12, 'implementation_time': 6, 'type': 'general'}, {'name': ' Substitute OPC with LC3 cement     ', 'cost_per_tonne': -80000000.0, 'abatement_potential': 28462.82, 'implementation_time': 6, 'type': 'general'}, {'name': ' Increasing fly ash to 35% in PPC   ', 'cost_per_tonne': -70000000.0, 'abatement_potential': 71157.06, 'implementation_time': 6, 'type': 'general'}, {'name': ' Renewable energy use in electricity', 'cost_per_tonne': 180000000.0, 'abatement_potential': 56925.65, 'implementation_time': 6, 'type': 'general'}, {'name': ' Increasing TSR to 30% in kiln fuel ', 'cost_per_tonne': 420000000.0, 'abatement_potential': 128082.71, 'implementation_time': 6, 'type': 'general'}, {'name': ' CCS                                ', 'cost_per_tonne': 900000000.0, 'abatement_potential': 426942.37, 'implementation_time': 6, 'type': 'general'}, {'name': ' Decreasing clinker to 85% in OPC   ', 'cost_per_tonne': 1200000000.0, 'abatement_potential': 35578.53, 'implementation_time': 6, 'type': 'general'}, {'name': ' CCU                                ', 'cost_per_tonne': 1860000000.0, 'abatement_potential': 426942.37, 'implementation_time': 6, 'type': 'general'}, {'name': ' Offset                             ', 'cost_per_tonne': 1880000000.0, 'abatement_potential': 85388.47, 'implementation_time': 6, 'type': 'general'}]"
94,CE_F79 , CEMENT   ,7723705,0.78,0.76,0.76,0.558326972,30470748908,145.3931536,True,0.1,200, ,30470700000000.0,30470748908,"[{'name': ' Efficient electrical equipment     ', 'cost_per_tonne': -430000000.0, 'abatement_potential': 45838.01, 'implementation_time': 6, 'type': 'general'}, {'name': ' Waste heat recovery                ', 'cost_per_tonne': -420000000.0, 'abatement_potential': 183352.05, 'implementation_time': 6, 'type': 'general'}, {'name': ' Automation system                  ', 'cost_per_tonne': -410000000.0, 'abatement_potential': 91676.02, 'implementation_time': 6, 'type': 'general'}, {'name': ' Efficient grinding system          ', 'cost_per_tonne': -360000000.0, 'abatement_potential': 114595.03, 'implementation_time': 6, 'type': 'general'}, {'name': ' Optimising auxiliary power         ', 'cost_per_tonne': -340000000.0, 'abatement_potential': 22919.01, 'implementation_time': 6, 'type': 'general'}, {'name': ' Increasing slag to 70% in PSC      ', 'cost_per_tonne': -300000000.0, 'abatement_potential': 114595.03, 'implementation_time': 6, 'type': 'general'}, {'name': ' Enhancement in Kiln                ', 'cost_per_tonne': -280000000.0, 'abatement_potential': 68757.02, 'implementation_time': 6, 'type': 'general'}, {'name': ' Heat rate reduction in CPP         ', 'cost_per_tonne': -260000000.0, 'abatement_potential': 45838.01, 'implementation_time': 6, 'type': 'general'}, {'name': ' Improving burnability of material  ', 'cost_per_tonne': -130000000.0, 'abatement_potential': 160433.04, 'implementation_time': 6, 'type': 'general'}, {'name': ' Burner retrofit                    ', 'cost_per_tonne': -120000000.0, 'abatement_potential': 22919.01, 'implementation_time': 6, 'type': 'general'}, {'name': ' High efficiency clinker coolers    ', 'cost_per_tonne': -100000000.0, 'abatement_potential': 68757.02, 'implementation_time': 6, 'type': 'general'}, {'name': ' Substitute OPC with LC3 cement     ', 'cost_per_tonne': -80000000.0, 'abatement_potential': 91676.02, 'implementation_time': 6, 'type': 'general'}, {'name': ' Increasing fly ash to 35% in PPC   ', 'cost_per_tonne': -70000000.0, 'abatement_potential': 229190.06, 'implementation_time': 6, 'type': 'general'}, {'name': ' Renewable energy use in electricity', 'cost_per_tonne': 180000000.0, 'abatement_potential': 183352.05, 'implementation_time': 6, 'type': 'general'}, {'name': ' Increasing TSR to 30% in kiln fuel ', 'cost_per_tonne': 420000000.0, 'abatement_potential': 412542.11, 'implementation_time': 6, 'type': 'general'}, {'name': ' CCS                                ', 'cost_per_tonne': 900000000.0, 'abatement_potential': 1375140.36, 'implementation_time': 6, 'type': 'general'}, {'name': ' Decreasing clinker to 85% in OPC   ', 'cost_per_tonne': 1200000000.0, 'abatement_potential': 114595.03, 'implementation_time': 6, 'type': 'general'}, {'name': ' CCU                                ', 'cost_per_tonne': 1860000000.0, 'abatement_potential': 1375140.36, 'implementation_time': 6, 'type': 'general'}, {'name': ' Offset                             ', 'cost_per_tonne': 1880000000.0, 'abatement_potential': 275028.07, 'implementation_time': 6, 'type': 'general'}]"
95,CE_F80 , CEMENT   ,2558098,0.77,0.75,0.75,0.559033438,30464857922,145.2392445,True,0.1,200, ,30464900000000.0,30464857922,"[{'name': ' Efficient electrical equipment     ', 'cost_per_tonne': -430000000.0, 'abatement_potential': 15181.59, 'implementation_time': 6, 'type': 'general'}, {'name': ' Waste heat recovery                ', 'cost_per_tonne': -420000000.0, 'abatement_potential': 60726.36, 'implementation_time': 6, 'type': 'general'}, {'name': ' Automation system                  ', 'cost_per_tonne': -410000000.0, 'abatement_potential': 30363.18, 'implementation_time': 6, 'type': 'general'}, {'name': ' Efficient grinding system          ', 'cost_per_tonne': -360000000.0, 'abatement_potential': 37953.98, 'implementation_time': 6, 'type': 'general'}, {'name': ' Optimising auxiliary power         ', 'cost_per_tonne': -340000000.0, 'abatement_potential': 7590.8, 'implementation_time': 6, 'type': 'general'}, {'name': ' Increasing slag to 70% in PSC      ', 'cost_per_tonne': -300000000.0, 'abatement_potential': 37953.98, 'implementation_time': 6, 'type': 'general'}, {'name': ' Enhancement in Kiln                ', 'cost_per_tonne': -280000000.0, 'abatement_potential': 22772.39, 'implementation_time': 6, 'type': 'general'}, {'name': ' Heat rate reduction in CPP         ', 'cost_per_tonne': -260000000.0, 'abatement_potential': 15181.59, 'implementation_time': 6, 'type': 'general'}, {'name': ' Improving burnability of material  ', 'cost_per_tonne': -130000000.0, 'abatement_potential': 53135.57, 'implementation_time': 6, 'type': 'general'}, {'name': ' Burner retrofit                    ', 'cost_per_tonne': -120000000.0, 'abatement_potential': 7590.8, 'implementation_time': 6, 'type': 'general'}, {'name': ' High efficiency clinker coolers    ', 'cost_per_tonne': -100000000.0, 'abatement_potential': 22772.39, 'implementation_time': 6, 'type': 'general'}, {'name': ' Substitute OPC with LC3 cement     ', 'cost_per_tonne': -80000000.0, 'abatement_potential': 30363.18, 'implementation_time': 6, 'type': 'general'}, {'name': ' Increasing fly ash to 35% in PPC   ', 'cost_per_tonne': -70000000.0, 'abatement_potential': 75907.95, 'implementation_time': 6, 'type': 'general'}, {'name': ' Renewable energy use in electricity', 'cost_per_tonne': 180000000.0, 'abatement_potential': 60726.36, 'implementation_time': 6, 'type': 'general'}, {'name': ' Increasing TSR to 30% in kiln fuel ', 'cost_per_tonne': 420000000.0, 'abatement_potential': 136634.31, 'implementation_time': 6, 'type': 'general'}, {'name': ' CCS                                ', 'cost_per_tonne': 900000000.0, 'abatement_potential': 455447.72, 'implementation_time': 6, 'type': 'general'}, {'name': ' Decreasing clinker to 85% in OPC   ', 'cost_per_tonne': 1200000000.0, 'abatement_potential': 37953.98, 'implementation_time': 6, 'type': 'general'}, {'name': ' CCU                                ', 'cost_per_tonne': 1860000000.0, 'abatement_potential': 455447.72, 'implementation_time': 6, 'type': 'general'}, {'name': ' Offset                             ', 'cost_per_tonne': 1880000000.0, 'abatement_potential': 91089.54, 'implementation_time': 6, 'type': 'general'}]"
96,CE_F81 , CEMENT   ,10585675,0.81,0.78,0.78,0.559739903,30458966936,145.0853353,True,0.1,200, ,30459000000000.0,30458966936,"[{'name': ' Efficient electrical equipment     ', 'cost_per_tonne': -430000000.0, 'abatement_potential': 62823.0, 'implementation_time': 6, 'type': 'general'}, {'name': ' Waste heat recovery                ', 'cost_per_tonne': -420000000.0, 'abatement_potential': 251291.99, 'implementation_time': 6, 'type': 'general'}, {'name': ' Automation system                  ', 'cost_per_tonne': -410000000.0, 'abatement_potential': 125645.99, 'implementation_time': 6, 'type': 'general'}, {'name': ' Efficient grinding system          ', 'cost_per_tonne': -360000000.0, 'abatement_potential': 157057.49, 'implementation_time': 6, 'type': 'general'}, {'name': ' Optimising auxiliary power         ', 'cost_per_tonne': -340000000.0, 'abatement_potential': 31411.5, 'implementation_time': 6, 'type': 'general'}, {'name': ' Increasing slag to 70% in PSC      ', 'cost_per_tonne': -300000000.0, 'abatement_potential': 157057.49, 'implementation_time': 6, 'type': 'general'}, {'name': ' Enhancement in Kiln                ', 'cost_per_tonne': -280000000.0, 'abatement_potential': 94234.5, 'implementation_time': 6, 'type': 'general'}, {'name': ' Heat rate reduction in CPP         ', 'cost_per_tonne': -260000000.0, 'abatement_potential': 62823.0, 'implementation_time': 6, 'type': 'general'}, {'name': ' Improving burnability of material  ', 'cost_per_tonne': -130000000.0, 'abatement_potential': 219880.49, 'implementation_time': 6, 'type': 'general'}, {'name': ' Burner retrofit                    ', 'cost_per_tonne': -120000000.0, 'abatement_potential': 31411.5, 'implementation_time': 6, 'type': 'general'}, {'name': ' High efficiency clinker coolers    ', 'cost_per_tonne': -100000000.0, 'abatement_potential': 94234.5, 'implementation_time': 6, 'type': 'general'}, {'name': ' Substitute OPC with LC3 cement     ', 'cost_per_tonne': -80000000.0, 'abatement_potential': 125645.99, 'implementation_time': 6, 'type': 'general'}, {'name': ' Increasing fly ash to 35% in PPC   ', 'cost_per_tonne': -70000000.0, 'abatement_potential': 314114.99, 'implementation_time': 6, 'type': 'general'}, {'name': ' Renewable energy use in electricity', 'cost_per_tonne': 180000000.0, 'abatement_potential': 251291.99, 'implementation_time': 6, 'type': 'general'}, {'name': ' Increasing TSR to 30% in kiln fuel ', 'cost_per_tonne': 420000000.0, 'abatement_potential': 565406.97, 'implementation_time': 6, 'type': 'general'}, {'name': ' CCS                                ', 'cost_per_tonne': 900000000.0, 'abatement_potential': 1884689.91, 'implementation_time': 6, 'type': 'general'}, {'name': ' Decreasing clinker to 85% in OPC   ', 'cost_per_tonne': 1200000000.0, 'abatement_potential': 157057.49, 'implementation_time': 6, 'type': 'general'}, {'name': ' CCU                                ', 'cost_per_tonne': 1860000000.0, 'abatement_potential': 1884689.91, 'implementation_time': 6, 'type': 'general'}, {'name': ' Offset                             ', 'cost_per_tonne': 1880000000.0, 'abatement_potential': 376937.98, 'implementation_time': 6, 'type': 'general'}]"
97,CE_F82 , CEMENT   ,5506560,0.79,0.77,0.77,0.560446368,30453075951,144.9314261,True,0.1,200, ,30453100000000.0,30453075951,"[{'name': ' Efficient electrical equipment     ', 'cost_per_tonne': -430000000.0, 'abatement_potential': 32679.88, 'implementation_time': 6, 'type': 'general'}, {'name': ' Waste heat recovery                ', 'cost_per_tonne': -420000000.0, 'abatement_potential': 130719.53, 'implementation_time': 6, 'type': 'general'}, {'name': ' Automation system                  ', 'cost_per_tonne': -410000000.0, 'abatement_potential': 65359.76, 'implementation_time': 6, 'type': 'general'}, {'name': ' Efficient grinding system          ', 'cost_per_tonne': -360000000.0, 'abatement_potential': 81699.7, 'implementation_time': 6, 'type': 'general'}, {'name': ' Optimising auxiliary power         ', 'cost_per_tonne': -340000000.0, 'abatement_potential': 16339.94, 'implementation_time': 6, 'type': 'general'}, {'name': ' Increasing slag to 70% in PSC      ', 'cost_per_tonne': -300000000.0, 'abatement_potential': 81699.7, 'implementation_time': 6, 'type': 'general'}, {'name': ' Enhancement in Kiln                ', 'cost_per_tonne': -280000000.0, 'abatement_potential': 49019.82, 'implementation_time': 6, 'type': 'general'}, {'name': ' Heat rate reduction in CPP         ', 'cost_per_tonne': -260000000.0, 'abatement_potential': 32679.88, 'implementation_time': 6, 'type': 'general'}, {'name': ' Improving burnability of material  ', 'cost_per_tonne': -130000000.0, 'abatement_potential': 114379.58, 'implementation_time': 6, 'type': 'general'}, {'name': ' Burner retrofit                    ', 'cost_per_tonne': -120000000.0, 'abatement_potential': 16339.94, 'implementation_time': 6, 'type': 'general'}, {'name': ' High efficiency clinker coolers    ', 'cost_per_tonne': -100000000.0, 'abatement_potential': 49019.82, 'implementation_time': 6, 'type': 'general'}, {'name': ' Substitute OPC with LC3 cement     ', 'cost_per_tonne': -80000000.0, 'abatement_potential': 65359.76, 'implementation_time': 6, 'type': 'general'}, {'name': ' Increasing fly ash to 35% in PPC   ', 'cost_per_tonne': -70000000.0, 'abatement_potential': 163399.41, 'implementation_time': 6, 'type': 'general'}, {'name': ' Renewable energy use in electricity', 'cost_per_tonne': 180000000.0, 'abatement_potential': 130719.53, 'implementation_time': 6, 'type': 'general'}, {'name': ' Increasing TSR to 30% in kiln fuel ', 'cost_per_tonne': 420000000.0, 'abatement_potential': 294118.93, 'implementation_time': 6, 'type': 'general'}, {'name': ' CCS                                ', 'cost_per_tonne': 900000000.0, 'abatement_potential': 980396.44, 'implementation_time': 6, 'type': 'general'}, {'name': ' Decreasing clinker to 85% in OPC   ', 'cost_per_tonne': 1200000000.0, 'abatement_potential': 81699.7, 'implementation_time': 6, 'type': 'general'}, {'name': ' CCU                                ', 'cost_per_tonne': 1860000000.0, 'abatement_potential': 980396.44, 'implementation_time': 6, 'type': 'general'}, {'name': ' Offset                             ', 'cost_per_tonne': 1880000000.0, 'abatement_potential': 196079.29, 'implementation_time': 6, 'type': 'general'}]"
98,CE_F83 , CEMENT   ,1073920,0.76,0.73,0.73,0.561152834,30447184965,144.7775169,True,0.1,200, ,30447200000000.0,30447184965,"[{'name': ' Efficient electrical equipment     ', 'cost_per_tonne': -430000000.0, 'abatement_potential': 6373.41, 'implementation_time': 6, 'type': 'general'}, {'name': ' Waste heat recovery                ', 'cost_per_tonne': -420000000.0, 'abatement_potential': 25493.65, 'implementation_time': 6, 'type': 'general'}, {'name': ' Automation system                  ', 'cost_per_tonne': -410000000.0, 'abatement_potential': 12746.82, 'implementation_time': 6, 'type': 'general'}, {'name': ' Efficient grinding system          ', 'cost_per_tonne': -360000000.0, 'abatement_potential': 15933.53, 'implementation_time': 6, 'type': 'general'}, {'name': ' Optimising auxiliary power         ', 'cost_per_tonne': -340000000.0, 'abatement_potential': 3186.71, 'implementation_time': 6, 'type': 'general'}, {'name': ' Increasing slag to 70% in PSC      ', 'cost_per_tonne': -300000000.0, 'abatement_potential': 15933.53, 'implementation_time': 6, 'type': 'general'}, {'name': ' Enhancement in Kiln                ', 'cost_per_tonne': -280000000.0, 'abatement_potential': 9560.12, 'implementation_time': 6, 'type': 'general'}, {'name': ' Heat rate reduction in CPP         ', 'cost_per_tonne': -260000000.0, 'abatement_potential': 6373.41, 'implementation_time': 6, 'type': 'general'}, {'name': ' Improving burnability of material  ', 'cost_per_tonne': -130000000.0, 'abatement_potential': 22306.94, 'implementation_time': 6, 'type': 'general'}, {'name': ' Burner retrofit                    ', 'cost_per_tonne': -120000000.0, 'abatement_potential': 3186.71, 'implementation_time': 6, 'type': 'general'}, {'name': ' High efficiency clinker coolers    ', 'cost_per_tonne': -100000000.0, 'abatement_potential': 9560.12, 'implementation_time': 6, 'type': 'general'}, {'name': ' Substitute OPC with LC3 cement     ', 'cost_per_tonne': -80000000.0, 'abatement_potential': 12746.82, 'implementation_time': 6, 'type': 'general'}, {'name': ' Increasing fly ash to 35% in PPC   ', 'cost_per_tonne': -70000000.0, 'abatement_potential': 31867.06, 'implementation_time': 6, 'type': 'general'}, {'name': ' Renewable energy use in electricity', 'cost_per_tonne': 180000000.0, 'abatement_potential': 25493.65, 'implementation_time': 6, 'type': 'general'}, {'name': ' Increasing TSR to 30% in kiln fuel ', 'cost_per_tonne': 420000000.0, 'abatement_potential': 57360.71, 'implementation_time': 6, 'type': 'general'}, {'name': ' CCS                                ', 'cost_per_tonne': 900000000.0, 'abatement_potential': 191202.37, 'implementation_time': 6, 'type': 'general'}, {'name': ' Decreasing clinker to 85% in OPC   ', 'cost_per_tonne': 1200000000.0, 'abatement_potential': 15933.53, 'implementation_time': 6, 'type': 'general'}, {'name': ' CCU                                ', 'cost_per_tonne': 1860000000.0, 'abatement_potential': 191202.37, 'implementation_time': 6, 'type': 'general'}, {'name': ' Offset                             ', 'cost_per_tonne': 1880000000.0, 'abatement_potential': 38240.47, 'implementation_time': 6, 'type': 'general'}]"
99,CE_F84 , CEMENT   ,12716265,0.79,0.77,0.77,0.561859299,30441293979,144.6236078,True,0.1,200, ,30441300000000.0,30441293979,"[{'name': ' Efficient electrical equipment     ', 'cost_per_tonne': -430000000.0, 'abatement_potential': 75467.45, 'implementation_time': 6, 'type': 'general'}, {'name': ' Waste heat recovery                ', 'cost_per_tonne': -420000000.0, 'abatement_potential': 301869.79, 'implementation_time': 6, 'type': 'general'}, {'name': ' Automation system                  ', 'cost_per_tonne': -410000000.0, 'abatement_potential': 150934.9, 'implementation_time': 6, 'type': 'general'}, {'name': ' Efficient grinding system          ', 'cost_per_tonne': -360000000.0, 'abatement_potential': 188668.62, 'implementation_time': 6, 'type': 'general'}, {'name': ' Optimising auxiliary power         ', 'cost_per_tonne': -340000000.0, 'abatement_potential': 37733.72, 'implementation_time': 6, 'type': 'general'}, {'name': ' Increasing slag to 70% in PSC      ', 'cost_per_tonne': -300000000.0, 'abatement_potential': 188668.62, 'implementation_time': 6, 'type': 'general'}, {'name': ' Enhancement in Kiln                ', 'cost_per_tonne': -280000000.0, 'abatement_potential': 113201.17, 'implementation_time': 6, 'type': 'general'}, {'name': ' Heat rate reduction in CPP         ', 'cost_per_tonne': -260000000.0, 'abatement_potential': 75467.45, 'implementation_time': 6, 'type': 'general'}, {'name': ' Improving burnability of material  ', 'cost_per_tonne': -130000000.0, 'abatement_potential': 264136.07, 'implementation_time': 6, 'type': 'general'}, {'name': ' Burner retrofit                    ', 'cost_per_tonne': -120000000.0, 'abatement_potential': 37733.72, 'implementation_time': 6, 'type': 'general'}, {'name': ' High efficiency clinker coolers    ', 'cost_per_tonne': -100000000.0, 'abatement_potential': 113201.17, 'implementation_time': 6, 'type': 'general'}, {'name': ' Substitute OPC with LC3 cement     ', 'cost_per_tonne': -80000000.0, 'abatement_potential': 150934.9, 'implementation_time': 6, 'type': 'general'}, {'name': ' Increasing fly ash to 35% in PPC   ', 'cost_per_tonne': -70000000.0, 'abatement_potential': 377337.24, 'implementation_time': 6, 'type': 'general'}, {'name': ' Renewable energy use in electricity', 'cost_per_tonne': 180000000.0, 'abatement_potential': 301869.79, 'implementation_time': 6, 'type': 'general'}, {'name': ' Increasing TSR to 30% in kiln fuel ', 'cost_per_tonne': 420000000.0, 'abatement_potential': 679207.03, 'implementation_time': 6, 'type': 'general'}, {'name': ' CCS                                ', 'cost_per_tonne': 900000000.0, 'abatement_potential': 2264023.44, 'implementation_time': 6, 'type': 'general'}, {'name': ' Decreasing clinker to 85% in OPC   ', 'cost_per_tonne': 1200000000.0, 'abatement_potential': 188668.62, 'implementation_time': 6, 'type': 'general'}, {'name': ' CCU                                ', 'cost_per_tonne': 1860000000.0, 'abatement_potential': 2264023.44, 'implementation_time': 6, 'type': 'general'}, {'name': ' Offset                             ', 'cost_per_tonne': 1880000000.0, 'abatement_potential': 452804.69, 'implementation_time': 6, 'type': 'general'}]"
100,CE_F85 , CEMENT   ,3666138,0.81,0.79,0.79,0.562565764,30435402993,144.4696986,True,0.1,200, ,30435400000000.0,30435402993,"[{'name': ' Efficient electrical equipment     ', 'cost_per_tonne': -430000000.0, 'abatement_potential': 21757.5, 'implementation_time': 6, 'type': 'general'}, {'name': ' Waste heat recovery                ', 'cost_per_tonne': -420000000.0, 'abatement_potential': 87029.98, 'implementation_time': 6, 'type': 'general'}, {'name': ' Automation system                  ', 'cost_per_tonne': -410000000.0, 'abatement_potential': 43514.99, 'implementation_time': 6, 'type': 'general'}, {'name': ' Efficient grinding system          ', 'cost_per_tonne': -360000000.0, 'abatement_potential': 54393.74, 'implementation_time': 6, 'type': 'general'}, {'name': ' Optimising auxiliary power         ', 'cost_per_tonne': -340000000.0, 'abatement_potential': 10878.75, 'implementation_time': 6, 'type': 'general'}, {'name': ' Increasing slag to 70% in PSC      ', 'cost_per_tonne': -300000000.0, 'abatement_potential': 54393.74, 'implementation_time': 6, 'type': 'general'}, {'name': ' Enhancement in Kiln                ', 'cost_per_tonne': -280000000.0, 'abatement_potential': 32636.24, 'implementation_time': 6, 'type': 'general'}, {'name': ' Heat rate reduction in CPP         ', 'cost_per_tonne': -260000000.0, 'abatement_potential': 21757.5, 'implementation_time': 6, 'type': 'general'}, {'name': ' Improving burnability of material  ', 'cost_per_tonne': -130000000.0, 'abatement_potential': 76151.23, 'implementation_time': 6, 'type': 'general'}, {'name': ' Burner retrofit                    ', 'cost_per_tonne': -120000000.0, 'abatement_potential': 10878.75, 'implementation_time': 6, 'type': 'general'}, {'name': ' High efficiency clinker coolers    ', 'cost_per_tonne': -100000000.0, 'abatement_potential': 32636.24, 'implementation_time': 6, 'type': 'general'}, {'name': ' Substitute OPC with LC3 cement     ', 'cost_per_tonne': -80000000.0, 'abatement_potential': 43514.99, 'implementation_time': 6, 'type': 'general'}, {'name': ' Increasing fly ash to 35% in PPC   ', 'cost_per_tonne': -70000000.0, 'abatement_potential': 108787.48, 'implementation_time': 6, 'type': 'general'}, {'name': ' Renewable energy use in electricity', 'cost_per_tonne': 180000000.0, 'abatement_potential': 87029.98, 'implementation_time': 6, 'type': 'general'}, {'name': ' Increasing TSR to 30% in kiln fuel ', 'cost_per_tonne': 420000000.0, 'abatement_potential': 195817.46, 'implementation_time': 6, 'type': 'general'}, {'name': ' CCS                                ', 'cost_per_tonne': 900000000.0, 'abatement_potential': 652724.87, 'implementation_time': 6, 'type': 'general'}, {'name': ' Decreasing clinker to 85% in OPC   ', 'cost_per_tonne': 1200000000.0, 'abatement_potential': 54393.74, 'implementation_time': 6, 'type': 'general'}, {'name': ' CCU                                ', 'cost_per_tonne': 1860000000.0, 'abatement_potential': 652724.87, 'implementation_time': 6, 'type': 'general'}, {'name': ' Offset                             ', 'cost_per_tonne': 1880000000.0, 'abatement_potential': 130544.97, 'implementation_time': 6, 'type': 'general'}]"
101,CE_F86 , CEMENT   ,3331231,0.81,0.78,0.78,0.563272229,30429512007,144.3157894,True,0.1,200, ,30429500000000.0,30429512007,"[{'name': ' Efficient electrical equipment     ', 'cost_per_tonne': -430000000.0, 'abatement_potential': 19769.92, 'implementation_time': 6, 'type': 'general'}, {'name': ' Waste heat recovery                ', 'cost_per_tonne': -420000000.0, 'abatement_potential': 79079.67, 'implementation_time': 6, 'type': 'general'}, {'name': ' Automation system                  ', 'cost_per_tonne': -410000000.0, 'abatement_potential': 39539.83, 'implementation_time': 6, 'type': 'general'}, {'name': ' Efficient grinding system          ', 'cost_per_tonne': -360000000.0, 'abatement_potential': 49424.79, 'implementation_time': 6, 'type': 'general'}, {'name': ' Optimising auxiliary power         ', 'cost_per_tonne': -340000000.0, 'abatement_potential': 9884.96, 'implementation_time': 6, 'type': 'general'}, {'name': ' Increasing slag to 70% in PSC      ', 'cost_per_tonne': -300000000.0, 'abatement_potential': 49424.79, 'implementation_time': 6, 'type': 'general'}, {'name': ' Enhancement in Kiln                ', 'cost_per_tonne': -280000000.0, 'abatement_potential': 29654.88, 'implementation_time': 6, 'type': 'general'}, {'name': ' Heat rate reduction in CPP         ', 'cost_per_tonne': -260000000.0, 'abatement_potential': 19769.92, 'implementation_time': 6, 'type': 'general'}, {'name': ' Improving burnability of material  ', 'cost_per_tonne': -130000000.0, 'abatement_potential': 69194.71, 'implementation_time': 6, 'type': 'general'}, {'name': ' Burner retrofit                    ', 'cost_per_tonne': -120000000.0, 'abatement_potential': 9884.96, 'implementation_time': 6, 'type': 'general'}, {'name': ' High efficiency clinker coolers    ', 'cost_per_tonne': -100000000.0, 'abatement_potential': 29654.88, 'implementation_time': 6, 'type': 'general'}, {'name': ' Substitute OPC with LC3 cement     ', 'cost_per_tonne': -80000000.0, 'abatement_potential': 39539.83, 'implementation_time': 6, 'type': 'general'}, {'name': ' Increasing fly ash to 35% in PPC   ', 'cost_per_tonne': -70000000.0, 'abatement_potential': 98849.58, 'implementation_time': 6, 'type': 'general'}, {'name': ' Renewable energy use in electricity', 'cost_per_tonne': 180000000.0, 'abatement_potential': 79079.67, 'implementation_time': 6, 'type': 'general'}, {'name': ' Increasing TSR to 30% in kiln fuel ', 'cost_per_tonne': 420000000.0, 'abatement_potential': 177929.25, 'implementation_time': 6, 'type': 'general'}, {'name': ' CCS                                ', 'cost_per_tonne': 900000000.0, 'abatement_potential': 593097.51, 'implementation_time': 6, 'type': 'general'}, {'name': ' Decreasing clinker to 85% in OPC   ', 'cost_per_tonne': 1200000000.0, 'abatement_potential': 49424.79, 'implementation_time': 6, 'type': 'general'}, {'name': ' CCU                                ', 'cost_per_tonne': 1860000000.0, 'abatement_potential': 593097.51, 'implementation_time': 6, 'type': 'general'}, {'name': ' Offset                             ', 'cost_per_tonne': 1880000000.0, 'abatement_potential': 118619.5, 'implementation_time': 6, 'type': 'general'}]"
102,CE_F87 , CEMENT   ,1400465,0.8,0.77,0.77,0.563978695,30423621021,144.1618803,True,0.1,200, ,30423600000000.0,30423621021,"[{'name': ' Efficient electrical equipment     ', 'cost_per_tonne': -430000000.0, 'abatement_potential': 8311.36, 'implementation_time': 6, 'type': 'general'}, {'name': ' Waste heat recovery                ', 'cost_per_tonne': -420000000.0, 'abatement_potential': 33245.46, 'implementation_time': 6, 'type': 'general'}, {'name': ' Automation system                  ', 'cost_per_tonne': -410000000.0, 'abatement_potential': 16622.73, 'implementation_time': 6, 'type': 'general'}, {'name': ' Efficient grinding system          ', 'cost_per_tonne': -360000000.0, 'abatement_potential': 20778.41, 'implementation_time': 6, 'type': 'general'}, {'name': ' Optimising auxiliary power         ', 'cost_per_tonne': -340000000.0, 'abatement_potential': 4155.68, 'implementation_time': 6, 'type': 'general'}, {'name': ' Increasing slag to 70% in PSC      ', 'cost_per_tonne': -300000000.0, 'abatement_potential': 20778.41, 'implementation_time': 6, 'type': 'general'}, {'name': ' Enhancement in Kiln                ', 'cost_per_tonne': -280000000.0, 'abatement_potential': 12467.05, 'implementation_time': 6, 'type': 'general'}, {'name': ' Heat rate reduction in CPP         ', 'cost_per_tonne': -260000000.0, 'abatement_potential': 8311.36, 'implementation_time': 6, 'type': 'general'}, {'name': ' Improving burnability of material  ', 'cost_per_tonne': -130000000.0, 'abatement_potential': 29089.78, 'implementation_time': 6, 'type': 'general'}, {'name': ' Burner retrofit                    ', 'cost_per_tonne': -120000000.0, 'abatement_potential': 4155.68, 'implementation_time': 6, 'type': 'general'}, {'name': ' High efficiency clinker coolers    ', 'cost_per_tonne': -100000000.0, 'abatement_potential': 12467.05, 'implementation_time': 6, 'type': 'general'}, {'name': ' Substitute OPC with LC3 cement     ', 'cost_per_tonne': -80000000.0, 'abatement_potential': 16622.73, 'implementation_time': 6, 'type': 'general'}, {'name': ' Increasing fly ash to 35% in PPC   ', 'cost_per_tonne': -70000000.0, 'abatement_potential': 41556.82, 'implementation_time': 6, 'type': 'general'}, {'name': ' Renewable energy use in electricity', 'cost_per_tonne': 180000000.0, 'abatement_potential': 33245.46, 'implementation_time': 6, 'type': 'general'}, {'name': ' Increasing TSR to 30% in kiln fuel ', 'cost_per_tonne': 420000000.0, 'abatement_potential': 74802.28, 'implementation_time': 6, 'type': 'general'}, {'name': ' CCS                                ', 'cost_per_tonne': 900000000.0, 'abatement_potential': 249340.95, 'implementation_time': 6, 'type': 'general'}, {'name': ' Decreasing clinker to 85% in OPC   ', 'cost_per_tonne': 1200000000.0, 'abatement_potential': 20778.41, 'implementation_time': 6, 'type': 'general'}, {'name': ' CCU                                ', 'cost_per_tonne': 1860000000.0, 'abatement_potential': 249340.95, 'implementation_time': 6, 'type': 'general'}, {'name': ' Offset                             ', 'cost_per_tonne': 1880000000.0, 'abatement_potential': 49868.19, 'implementation_time': 6, 'type': 'general'}]"
103,CE_F88 , CEMENT   ,498960,0.82,0.79,0.79,0.56468516,30417730035,144.0079711,True,0.1,200, ,30417700000000.0,30417730035,"[{'name': ' Efficient electrical equipment     ', 'cost_per_tonne': -430000000.0, 'abatement_potential': 3553.42, 'implementation_time': 6, 'type': 'general'}, {'name': ' Waste heat recovery                ', 'cost_per_tonne': -420000000.0, 'abatement_potential': 14213.7, 'implementation_time': 6, 'type': 'general'}, {'name': ' Automation system                  ', 'cost_per_tonne': -410000000.0, 'abatement_potential': 7106.85, 'implementation_time': 6, 'type': 'general'}, {'name': ' Efficient grinding system          ', 'cost_per_tonne': -360000000.0, 'abatement_potential': 8883.56, 'implementation_time': 6, 'type': 'general'}, {'name': ' Optimising auxiliary power         ', 'cost_per_tonne': -340000000.0, 'abatement_potential': 1776.71, 'implementation_time': 6, 'type': 'general'}, {'name': ' Increasing slag to 70% in PSC      ', 'cost_per_tonne': -300000000.0, 'abatement_potential': 8883.56, 'implementation_time': 6, 'type': 'general'}, {'name': ' Enhancement in Kiln                ', 'cost_per_tonne': -280000000.0, 'abatement_potential': 5330.14, 'implementation_time': 6, 'type': 'general'}, {'name': ' Heat rate reduction in CPP         ', 'cost_per_tonne': -260000000.0, 'abatement_potential': 3553.42, 'implementation_time': 6, 'type': 'general'}, {'name': ' Improving burnability of material  ', 'cost_per_tonne': -130000000.0, 'abatement_potential': 12436.99, 'implementation_time': 6, 'type': 'general'}, {'name': ' Burner retrofit                    ', 'cost_per_tonne': -120000000.0, 'abatement_potential': 1776.71, 'implementation_time': 6, 'type': 'general'}, {'name': ' High efficiency clinker coolers    ', 'cost_per_tonne': -100000000.0, 'abatement_potential': 5330.14, 'implementation_time': 6, 'type': 'general'}, {'name': ' Substitute OPC with LC3 cement     ', 'cost_per_tonne': -80000000.0, 'abatement_potential': 7106.85, 'implementation_time': 6, 'type': 'general'}, {'name': ' Increasing fly ash to 35% in PPC   ', 'cost_per_tonne': -70000000.0, 'abatement_potential': 17767.12, 'implementation_time': 6, 'type': 'general'}, {'name': ' Renewable energy use in electricity', 'cost_per_tonne': 180000000.0, 'abatement_potential': 11844.75, 'implementation_time': 6, 'type': 'general'}, {'name': ' Increasing TSR to 30% in kiln fuel ', 'cost_per_tonne': 420000000.0, 'abatement_potential': 26650.68, 'implementation_time': 6, 'type': 'general'}, {'name': ' CCS                                ', 'cost_per_tonne': 900000000.0, 'abatement_potential': 88835.61, 'implementation_time': 6, 'type': 'general'}, {'name': ' Decreasing clinker to 85% in OPC   ', 'cost_per_tonne': 1200000000.0, 'abatement_potential': 1480.59, 'implementation_time': 6, 'type': 'general'}, {'name': ' CCU                                ', 'cost_per_tonne': 1860000000.0, 'abatement_potential': 17767.12, 'implementation_time': 6, 'type': 'general'}, {'name': ' Offset                             ', 'cost_per_tonne': 1880000000.0, 'abatement_potential': 3553.42, 'implementation_time': 6, 'type': 'general'}]"
104,CE_F89 , CEMENT   ,4650295,0.83,0.8,0.8,0.565391625,30411839049,143.8540619,True,0.1,200, ,30411800000000.0,30411839049,"[{'name': ' Efficient electrical equipment     ', 'cost_per_tonne': -430000000.0, 'abatement_potential': 27598.19, 'implementation_time': 6, 'type': 'general'}, {'name': ' Waste heat recovery                ', 'cost_per_tonne': -420000000.0, 'abatement_potential': 110392.76, 'implementation_time': 6, 'type': 'general'}, {'name': ' Automation system                  ', 'cost_per_tonne': -410000000.0, 'abatement_potential': 55196.38, 'implementation_time': 6, 'type': 'general'}, {'name': ' Efficient grinding system          ', 'cost_per_tonne': -360000000.0, 'abatement_potential': 68995.47, 'implementation_time': 6, 'type': 'general'}, {'name': ' Optimising auxiliary power         ', 'cost_per_tonne': -340000000.0, 'abatement_potential': 13799.09, 'implementation_time': 6, 'type': 'general'}, {'name': ' Increasing slag to 70% in PSC      ', 'cost_per_tonne': -300000000.0, 'abatement_potential': 68995.47, 'implementation_time': 6, 'type': 'general'}, {'name': ' Enhancement in Kiln                ', 'cost_per_tonne': -280000000.0, 'abatement_potential': 41397.28, 'implementation_time': 6, 'type': 'general'}, {'name': ' Heat rate reduction in CPP         ', 'cost_per_tonne': -260000000.0, 'abatement_potential': 27598.19, 'implementation_time': 6, 'type': 'general'}, {'name': ' Improving burnability of material  ', 'cost_per_tonne': -130000000.0, 'abatement_potential': 96593.66, 'implementation_time': 6, 'type': 'general'}, {'name': ' Burner retrofit                    ', 'cost_per_tonne': -120000000.0, 'abatement_potential': 13799.09, 'implementation_time': 6, 'type': 'general'}, {'name': ' High efficiency clinker coolers    ', 'cost_per_tonne': -100000000.0, 'abatement_potential': 41397.28, 'implementation_time': 6, 'type': 'general'}, {'name': ' Substitute OPC with LC3 cement     ', 'cost_per_tonne': -80000000.0, 'abatement_potential': 55196.38, 'implementation_time': 6, 'type': 'general'}, {'name': ' Increasing fly ash to 35% in PPC   ', 'cost_per_tonne': -70000000.0, 'abatement_potential': 137990.95, 'implementation_time': 6, 'type': 'general'}, {'name': ' Renewable energy use in electricity', 'cost_per_tonne': 180000000.0, 'abatement_potential': 110392.76, 'implementation_time': 6, 'type': 'general'}, {'name': ' Increasing TSR to 30% in kiln fuel ', 'cost_per_tonne': 420000000.0, 'abatement_potential': 248383.71, 'implementation_time': 6, 'type': 'general'}, {'name': ' CCS                                ', 'cost_per_tonne': 900000000.0, 'abatement_potential': 827945.7, 'implementation_time': 6, 'type': 'general'}, {'name': ' Decreasing clinker to 85% in OPC   ', 'cost_per_tonne': 1200000000.0, 'abatement_potential': 68995.47, 'implementation_time': 6, 'type': 'general'}, {'name': ' CCU                                ', 'cost_per_tonne': 1860000000.0, 'abatement_potential': 827945.7, 'implementation_time': 6, 'type': 'general'}, {'name': ' Offset                             ', 'cost_per_tonne': 1880000000.0, 'abatement_potential': 165589.14, 'implementation_time': 6, 'type': 'general'}]"
105,CE_F90 , CEMENT   ,536488,0.85,0.82,0.82,0.56609809,30405948063,143.7001528,True,0.1,200, ,30405900000000.0,30405948063,"[{'name': ' Efficient electrical equipment     ', 'cost_per_tonne': -430000000.0, 'abatement_potential': 3183.91, 'implementation_time': 6, 'type': 'general'}, {'name': ' Waste heat recovery                ', 'cost_per_tonne': -420000000.0, 'abatement_potential': 12735.62, 'implementation_time': 6, 'type': 'general'}, {'name': ' Automation system                  ', 'cost_per_tonne': -410000000.0, 'abatement_potential': 6367.81, 'implementation_time': 6, 'type': 'general'}, {'name': ' Efficient grinding system          ', 'cost_per_tonne': -360000000.0, 'abatement_potential': 7959.76, 'implementation_time': 6, 'type': 'general'}, {'name': ' Optimising auxiliary power         ', 'cost_per_tonne': -340000000.0, 'abatement_potential': 1591.95, 'implementation_time': 6, 'type': 'general'}, {'name': ' Increasing slag to 70% in PSC      ', 'cost_per_tonne': -300000000.0, 'abatement_potential': 7959.76, 'implementation_time': 6, 'type': 'general'}, {'name': ' Enhancement in Kiln                ', 'cost_per_tonne': -280000000.0, 'abatement_potential': 4775.86, 'implementation_time': 6, 'type': 'general'}, {'name': ' Heat rate reduction in CPP         ', 'cost_per_tonne': -260000000.0, 'abatement_potential': 3183.91, 'implementation_time': 6, 'type': 'general'}, {'name': ' Improving burnability of material  ', 'cost_per_tonne': -130000000.0, 'abatement_potential': 11143.67, 'implementation_time': 6, 'type': 'general'}, {'name': ' Burner retrofit                    ', 'cost_per_tonne': -120000000.0, 'abatement_potential': 1591.95, 'implementation_time': 6, 'type': 'general'}, {'name': ' High efficiency clinker coolers    ', 'cost_per_tonne': -100000000.0, 'abatement_potential': 4775.86, 'implementation_time': 6, 'type': 'general'}, {'name': ' Substitute OPC with LC3 cement     ', 'cost_per_tonne': -80000000.0, 'abatement_potential': 6367.81, 'implementation_time': 6, 'type': 'general'}, {'name': ' Increasing fly ash to 35% in PPC   ', 'cost_per_tonne': -70000000.0, 'abatement_potential': 15919.53, 'implementation_time': 6, 'type': 'general'}, {'name': ' Renewable energy use in electricity', 'cost_per_tonne': 180000000.0, 'abatement_potential': 12735.62, 'implementation_time': 6, 'type': 'general'}, {'name': ' Increasing TSR to 30% in kiln fuel ', 'cost_per_tonne': 420000000.0, 'abatement_potential': 28655.15, 'implementation_time': 6, 'type': 'general'}, {'name': ' CCS                                ', 'cost_per_tonne': 900000000.0, 'abatement_potential': 95517.15, 'implementation_time': 6, 'type': 'general'}, {'name': ' Decreasing clinker to 85% in OPC   ', 'cost_per_tonne': 1200000000.0, 'abatement_potential': 7959.76, 'implementation_time': 6, 'type': 'general'}, {'name': ' CCU                                ', 'cost_per_tonne': 1860000000.0, 'abatement_potential': 95517.15, 'implementation_time': 6, 'type': 'general'}, {'name': ' Offset                             ', 'cost_per_tonne': 1880000000.0, 'abatement_potential': 19103.43, 'implementation_time': 6, 'type': 'general'}]"
106,CE_F91 , CEMENT   ,1917350,0.84,0.81,0.81,0.566804556,30400057077,143.5462436,True,0.1,200, ,30400100000000.0,30400057077,"[{'name': ' Efficient electrical equipment     ', 'cost_per_tonne': -430000000.0, 'abatement_potential': 11378.93, 'implementation_time': 6, 'type': 'general'}, {'name': ' Waste heat recovery                ', 'cost_per_tonne': -420000000.0, 'abatement_potential': 45515.73, 'implementation_time': 6, 'type': 'general'}, {'name': ' Automation system                  ', 'cost_per_tonne': -410000000.0, 'abatement_potential': 22757.86, 'implementation_time': 6, 'type': 'general'}, {'name': ' Efficient grinding system          ', 'cost_per_tonne': -360000000.0, 'abatement_potential': 28447.33, 'implementation_time': 6, 'type': 'general'}, {'name': ' Optimising auxiliary power         ', 'cost_per_tonne': -340000000.0, 'abatement_potential': 5689.47, 'implementation_time': 6, 'type': 'general'}, {'name': ' Increasing slag to 70% in PSC      ', 'cost_per_tonne': -300000000.0, 'abatement_potential': 28447.33, 'implementation_time': 6, 'type': 'general'}, {'name': ' Enhancement in Kiln                ', 'cost_per_tonne': -280000000.0, 'abatement_potential': 17068.4, 'implementation_time': 6, 'type': 'general'}, {'name': ' Heat rate reduction in CPP         ', 'cost_per_tonne': -260000000.0, 'abatement_potential': 11378.93, 'implementation_time': 6, 'type': 'general'}, {'name': ' Improving burnability of material  ', 'cost_per_tonne': -130000000.0, 'abatement_potential': 39826.26, 'implementation_time': 6, 'type': 'general'}, {'name': ' Burner retrofit                    ', 'cost_per_tonne': -120000000.0, 'abatement_potential': 5689.47, 'implementation_time': 6, 'type': 'general'}, {'name': ' High efficiency clinker coolers    ', 'cost_per_tonne': -100000000.0, 'abatement_potential': 17068.4, 'implementation_time': 6, 'type': 'general'}, {'name': ' Substitute OPC with LC3 cement     ', 'cost_per_tonne': -80000000.0, 'abatement_potential': 22757.86, 'implementation_time': 6, 'type': 'general'}, {'name': ' Increasing fly ash to 35% in PPC   ', 'cost_per_tonne': -70000000.0, 'abatement_potential': 56894.66, 'implementation_time': 6, 'type': 'general'}, {'name': ' Renewable energy use in electricity', 'cost_per_tonne': 180000000.0, 'abatement_potential': 45515.73, 'implementation_time': 6, 'type': 'general'}, {'name': ' Increasing TSR to 30% in kiln fuel ', 'cost_per_tonne': 420000000.0, 'abatement_potential': 102410.39, 'implementation_time': 6, 'type': 'general'}, {'name': ' CCS                                ', 'cost_per_tonne': 900000000.0, 'abatement_potential': 341367.95, 'implementation_time': 6, 'type': 'general'}, {'name': ' Decreasing clinker to 85% in OPC   ', 'cost_per_tonne': 1200000000.0, 'abatement_potential': 28447.33, 'implementation_time': 6, 'type': 'general'}, {'name': ' CCU                                ', 'cost_per_tonne': 1860000000.0, 'abatement_potential': 341367.95, 'implementation_time': 6, 'type': 'general'}, {'name': ' Offset                             ', 'cost_per_tonne': 1880000000.0, 'abatement_potential': 68273.59, 'implementation_time': 6, 'type': 'general'}]"
107,CE_F92 , CEMENT   ,5422767,0.84,0.81,0.81,0.567511021,30394166091,143.3923344,True,0.1,200, ,30394200000000.0,30394166091,"[{'name': ' Efficient electrical equipment     ', 'cost_per_tonne': -430000000.0, 'abatement_potential': 32182.59, 'implementation_time': 6, 'type': 'general'}, {'name': ' Waste heat recovery                ', 'cost_per_tonne': -420000000.0, 'abatement_potential': 128730.37, 'implementation_time': 6, 'type': 'general'}, {'name': ' Automation system                  ', 'cost_per_tonne': -410000000.0, 'abatement_potential': 64365.19, 'implementation_time': 6, 'type': 'general'}, {'name': ' Efficient grinding system          ', 'cost_per_tonne': -360000000.0, 'abatement_potential': 80456.48, 'implementation_time': 6, 'type': 'general'}, {'name': ' Optimising auxiliary power         ', 'cost_per_tonne': -340000000.0, 'abatement_potential': 16091.3, 'implementation_time': 6, 'type': 'general'}, {'name': ' Increasing slag to 70% in PSC      ', 'cost_per_tonne': -300000000.0, 'abatement_potential': 80456.48, 'implementation_time': 6, 'type': 'general'}, {'name': ' Enhancement in Kiln                ', 'cost_per_tonne': -280000000.0, 'abatement_potential': 48273.89, 'implementation_time': 6, 'type': 'general'}, {'name': ' Heat rate reduction in CPP         ', 'cost_per_tonne': -260000000.0, 'abatement_potential': 32182.59, 'implementation_time': 6, 'type': 'general'}, {'name': ' Improving burnability of material  ', 'cost_per_tonne': -130000000.0, 'abatement_potential': 112639.08, 'implementation_time': 6, 'type': 'general'}, {'name': ' Burner retrofit                    ', 'cost_per_tonne': -120000000.0, 'abatement_potential': 16091.3, 'implementation_time': 6, 'type': 'general'}, {'name': ' High efficiency clinker coolers    ', 'cost_per_tonne': -100000000.0, 'abatement_potential': 48273.89, 'implementation_time': 6, 'type': 'general'}, {'name': ' Substitute OPC with LC3 cement     ', 'cost_per_tonne': -80000000.0, 'abatement_potential': 64365.19, 'implementation_time': 6, 'type': 'general'}, {'name': ' Increasing fly ash to 35% in PPC   ', 'cost_per_tonne': -70000000.0, 'abatement_potential': 160912.97, 'implementation_time': 6, 'type': 'general'}, {'name': ' Renewable energy use in electricity', 'cost_per_tonne': 180000000.0, 'abatement_potential': 128730.37, 'implementation_time': 6, 'type': 'general'}, {'name': ' Increasing TSR to 30% in kiln fuel ', 'cost_per_tonne': 420000000.0, 'abatement_potential': 289643.34, 'implementation_time': 6, 'type': 'general'}, {'name': ' CCS                                ', 'cost_per_tonne': 900000000.0, 'abatement_potential': 965477.8, 'implementation_time': 6, 'type': 'general'}, {'name': ' Decreasing clinker to 85% in OPC   ', 'cost_per_tonne': 1200000000.0, 'abatement_potential': 80456.48, 'implementation_time': 6, 'type': 'general'}, {'name': ' CCU                                ', 'cost_per_tonne': 1860000000.0, 'abatement_potential': 965477.8, 'implementation_time': 6, 'type': 'general'}, {'name': ' Offset                             ', 'cost_per_tonne': 1880000000.0, 'abatement_potential': 193095.56, 'implementation_time': 6, 'type': 'general'}]"
108,CE_F93 , CEMENT   ,2039429,0.83,0.8,0.8,0.568217486,30388275105,143.2384253,True,0.1,200, ,30388300000000.0,30388275105,"[{'name': ' Efficient electrical equipment     ', 'cost_per_tonne': -430000000.0, 'abatement_potential': 12103.44, 'implementation_time': 6, 'type': 'general'}, {'name': ' Waste heat recovery                ', 'cost_per_tonne': -420000000.0, 'abatement_potential': 48413.74, 'implementation_time': 6, 'type': 'general'}, {'name': ' Automation system                  ', 'cost_per_tonne': -410000000.0, 'abatement_potential': 24206.87, 'implementation_time': 6, 'type': 'general'}, {'name': ' Efficient grinding system          ', 'cost_per_tonne': -360000000.0, 'abatement_potential': 30258.59, 'implementation_time': 6, 'type': 'general'}, {'name': ' Optimising auxiliary power         ', 'cost_per_tonne': -340000000.0, 'abatement_potential': 6051.72, 'implementation_time': 6, 'type': 'general'}, {'name': ' Increasing slag to 70% in PSC      ', 'cost_per_tonne': -300000000.0, 'abatement_potential': 30258.59, 'implementation_time': 6, 'type': 'general'}, {'name': ' Enhancement in Kiln                ', 'cost_per_tonne': -280000000.0, 'abatement_potential': 18155.15, 'implementation_time': 6, 'type': 'general'}, {'name': ' Heat rate reduction in CPP         ', 'cost_per_tonne': -260000000.0, 'abatement_potential': 12103.44, 'implementation_time': 6, 'type': 'general'}, {'name': ' Improving burnability of material  ', 'cost_per_tonne': -130000000.0, 'abatement_potential': 42362.03, 'implementation_time': 6, 'type': 'general'}, {'name': ' Burner retrofit                    ', 'cost_per_tonne': -120000000.0, 'abatement_potential': 6051.72, 'implementation_time': 6, 'type': 'general'}, {'name': ' High efficiency clinker coolers    ', 'cost_per_tonne': -100000000.0, 'abatement_potential': 18155.15, 'implementation_time': 6, 'type': 'general'}, {'name': ' Substitute OPC with LC3 cement     ', 'cost_per_tonne': -80000000.0, 'abatement_potential': 24206.87, 'implementation_time': 6, 'type': 'general'}, {'name': ' Increasing fly ash to 35% in PPC   ', 'cost_per_tonne': -70000000.0, 'abatement_potential': 60517.18, 'implementation_time': 6, 'type': 'general'}, {'name': ' Renewable energy use in electricity', 'cost_per_tonne': 180000000.0, 'abatement_potential': 48413.74, 'implementation_time': 6, 'type': 'general'}, {'name': ' Increasing TSR to 30% in kiln fuel ', 'cost_per_tonne': 420000000.0, 'abatement_potential': 108930.93, 'implementation_time': 6, 'type': 'general'}, {'name': ' CCS                                ', 'cost_per_tonne': 900000000.0, 'abatement_potential': 363103.09, 'implementation_time': 6, 'type': 'general'}, {'name': ' Decreasing clinker to 85% in OPC   ', 'cost_per_tonne': 1200000000.0, 'abatement_potential': 30258.59, 'implementation_time': 6, 'type': 'general'}, {'name': ' CCU                                ', 'cost_per_tonne': 1860000000.0, 'abatement_potential': 363103.09, 'implementation_time': 6, 'type': 'general'}, {'name': ' Offset                             ', 'cost_per_tonne': 1880000000.0, 'abatement_potential': 72620.62, 'implementation_time': 6, 'type': 'general'}]"
109,CE_F94 , CEMENT   ,2217633,0.84,0.82,0.82,0.568923951,30382384120,143.0845161,True,0.1,200, ,30382400000000.0,30382384120,"[{'name': ' Efficient electrical equipment     ', 'cost_per_tonne': -430000000.0, 'abatement_potential': 13161.03, 'implementation_time': 6, 'type': 'general'}, {'name': ' Waste heat recovery                ', 'cost_per_tonne': -420000000.0, 'abatement_potential': 52644.11, 'implementation_time': 6, 'type': 'general'}, {'name': ' Automation system                  ', 'cost_per_tonne': -410000000.0, 'abatement_potential': 26322.05, 'implementation_time': 6, 'type': 'general'}, {'name': ' Efficient grinding system          ', 'cost_per_tonne': -360000000.0, 'abatement_potential': 32902.57, 'implementation_time': 6, 'type': 'general'}, {'name': ' Optimising auxiliary power         ', 'cost_per_tonne': -340000000.0, 'abatement_potential': 6580.51, 'implementation_time': 6, 'type': 'general'}, {'name': ' Increasing slag to 70% in PSC      ', 'cost_per_tonne': -300000000.0, 'abatement_potential': 32902.57, 'implementation_time': 6, 'type': 'general'}, {'name': ' Enhancement in Kiln                ', 'cost_per_tonne': -280000000.0, 'abatement_potential': 19741.54, 'implementation_time': 6, 'type': 'general'}, {'name': ' Heat rate reduction in CPP         ', 'cost_per_tonne': -260000000.0, 'abatement_potential': 13161.03, 'implementation_time': 6, 'type': 'general'}, {'name': ' Improving burnability of material  ', 'cost_per_tonne': -130000000.0, 'abatement_potential': 46063.59, 'implementation_time': 6, 'type': 'general'}, {'name': ' Burner retrofit                    ', 'cost_per_tonne': -120000000.0, 'abatement_potential': 6580.51, 'implementation_time': 6, 'type': 'general'}, {'name': ' High efficiency clinker coolers    ', 'cost_per_tonne': -100000000.0, 'abatement_potential': 19741.54, 'implementation_time': 6, 'type': 'general'}, {'name': ' Substitute OPC with LC3 cement     ', 'cost_per_tonne': -80000000.0, 'abatement_potential': 26322.05, 'implementation_time': 6, 'type': 'general'}, {'name': ' Increasing fly ash to 35% in PPC   ', 'cost_per_tonne': -70000000.0, 'abatement_potential': 65805.13, 'implementation_time': 6, 'type': 'general'}, {'name': ' Renewable energy use in electricity', 'cost_per_tonne': 180000000.0, 'abatement_potential': 52644.11, 'implementation_time': 6, 'type': 'general'}, {'name': ' Increasing TSR to 30% in kiln fuel ', 'cost_per_tonne': 420000000.0, 'abatement_potential': 118449.24, 'implementation_time': 6, 'type': 'general'}, {'name': ' CCS                                ', 'cost_per_tonne': 900000000.0, 'abatement_potential': 394830.8, 'implementation_time': 6, 'type': 'general'}, {'name': ' Decreasing clinker to 85% in OPC   ', 'cost_per_tonne': 1200000000.0, 'abatement_potential': 32902.57, 'implementation_time': 6, 'type': 'general'}, {'name': ' CCU                                ', 'cost_per_tonne': 1860000000.0, 'abatement_potential': 394830.8, 'implementation_time': 6, 'type': 'general'}, {'name': ' Offset                             ', 'cost_per_tonne': 1880000000.0, 'abatement_potential': 78966.16, 'implementation_time': 6, 'type': 'general'}]"
110,CE_F95 , CEMENT   ,3125768,0.83,0.81,0.81,0.569630417,30376493134,142.9306069,True,0.1,200, ,30376500000000.0,30376493134,"[{'name': ' Efficient electrical equipment     ', 'cost_per_tonne': -430000000.0, 'abatement_potential': 18550.55, 'implementation_time': 6, 'type': 'general'}, {'name': ' Waste heat recovery                ', 'cost_per_tonne': -420000000.0, 'abatement_potential': 74202.21, 'implementation_time': 6, 'type': 'general'}, {'name': ' Automation system                  ', 'cost_per_tonne': -410000000.0, 'abatement_potential': 37101.1, 'implementation_time': 6, 'type': 'general'}, {'name': ' Efficient grinding system          ', 'cost_per_tonne': -360000000.0, 'abatement_potential': 46376.38, 'implementation_time': 6, 'type': 'general'}, {'name': ' Optimising auxiliary power         ', 'cost_per_tonne': -340000000.0, 'abatement_potential': 9275.28, 'implementation_time': 6, 'type': 'general'}, {'name': ' Increasing slag to 70% in PSC      ', 'cost_per_tonne': -300000000.0, 'abatement_potential': 46376.38, 'implementation_time': 6, 'type': 'general'}, {'name': ' Enhancement in Kiln                ', 'cost_per_tonne': -280000000.0, 'abatement_potential': 27825.83, 'implementation_time': 6, 'type': 'general'}, {'name': ' Heat rate reduction in CPP         ', 'cost_per_tonne': -260000000.0, 'abatement_potential': 18550.55, 'implementation_time': 6, 'type': 'general'}, {'name': ' Improving burnability of material  ', 'cost_per_tonne': -130000000.0, 'abatement_potential': 64926.93, 'implementation_time': 6, 'type': 'general'}, {'name': ' Burner retrofit                    ', 'cost_per_tonne': -120000000.0, 'abatement_potential': 9275.28, 'implementation_time': 6, 'type': 'general'}, {'name': ' High efficiency clinker coolers    ', 'cost_per_tonne': -100000000.0, 'abatement_potential': 27825.83, 'implementation_time': 6, 'type': 'general'}, {'name': ' Substitute OPC with LC3 cement     ', 'cost_per_tonne': -80000000.0, 'abatement_potential': 37101.1, 'implementation_time': 6, 'type': 'general'}, {'name': ' Increasing fly ash to 35% in PPC   ', 'cost_per_tonne': -70000000.0, 'abatement_potential': 92752.76, 'implementation_time': 6, 'type': 'general'}, {'name': ' Renewable energy use in electricity', 'cost_per_tonne': 180000000.0, 'abatement_potential': 74202.21, 'implementation_time': 6, 'type': 'general'}, {'name': ' Increasing TSR to 30% in kiln fuel ', 'cost_per_tonne': 420000000.0, 'abatement_potential': 166954.97, 'implementation_time': 6, 'type': 'general'}, {'name': ' CCS                                ', 'cost_per_tonne': 900000000.0, 'abatement_potential': 556516.56, 'implementation_time': 6, 'type': 'general'}, {'name': ' Decreasing clinker to 85% in OPC   ', 'cost_per_tonne': 1200000000.0, 'abatement_potential': 46376.38, 'implementation_time': 6, 'type': 'general'}, {'name': ' CCU                                ', 'cost_per_tonne': 1860000000.0, 'abatement_potential': 556516.56, 'implementation_time': 6, 'type': 'general'}, {'name': ' Offset                             ', 'cost_per_tonne': 1880000000.0, 'abatement_potential': 111303.31, 'implementation_time': 6, 'type': 'general'}]"
111,CE_F96 , CEMENT   ,2902593,0.85,0.82,0.82,0.570336882,30370602148,142.7766978,True,0.1,200, ,30370600000000.0,30370602148,"[{'name': ' Efficient electrical equipment     ', 'cost_per_tonne': -430000000.0, 'abatement_potential': 17226.07, 'implementation_time': 6, 'type': 'general'}, {'name': ' Waste heat recovery                ', 'cost_per_tonne': -420000000.0, 'abatement_potential': 68904.28, 'implementation_time': 6, 'type': 'general'}, {'name': ' Automation system                  ', 'cost_per_tonne': -410000000.0, 'abatement_potential': 34452.14, 'implementation_time': 6, 'type': 'general'}, {'name': ' Efficient grinding system          ', 'cost_per_tonne': -360000000.0, 'abatement_potential': 43065.18, 'implementation_time': 6, 'type': 'general'}, {'name': ' Optimising auxiliary power         ', 'cost_per_tonne': -340000000.0, 'abatement_potential': 8613.04, 'implementation_time': 6, 'type': 'general'}, {'name': ' Increasing slag to 70% in PSC      ', 'cost_per_tonne': -300000000.0, 'abatement_potential': 43065.18, 'implementation_time': 6, 'type': 'general'}, {'name': ' Enhancement in Kiln                ', 'cost_per_tonne': -280000000.0, 'abatement_potential': 25839.11, 'implementation_time': 6, 'type': 'general'}, {'name': ' Heat rate reduction in CPP         ', 'cost_per_tonne': -260000000.0, 'abatement_potential': 17226.07, 'implementation_time': 6, 'type': 'general'}, {'name': ' Improving burnability of material  ', 'cost_per_tonne': -130000000.0, 'abatement_potential': 60291.25, 'implementation_time': 6, 'type': 'general'}, {'name': ' Burner retrofit                    ', 'cost_per_tonne': -120000000.0, 'abatement_potential': 8613.04, 'implementation_time': 6, 'type': 'general'}, {'name': ' High efficiency clinker coolers    ', 'cost_per_tonne': -100000000.0, 'abatement_potential': 25839.11, 'implementation_time': 6, 'type': 'general'}, {'name': ' Substitute OPC with LC3 cement     ', 'cost_per_tonne': -80000000.0, 'abatement_potential': 34452.14, 'implementation_time': 6, 'type': 'general'}, {'name': ' Increasing fly ash to 35% in PPC   ', 'cost_per_tonne': -70000000.0, 'abatement_potential': 86130.36, 'implementation_time': 6, 'type': 'general'}, {'name': ' Renewable energy use in electricity', 'cost_per_tonne': 180000000.0, 'abatement_potential': 68904.28, 'implementation_time': 6, 'type': 'general'}, {'name': ' Increasing TSR to 30% in kiln fuel ', 'cost_per_tonne': 420000000.0, 'abatement_potential': 155034.64, 'implementation_time': 6, 'type': 'general'}, {'name': ' CCS                                ', 'cost_per_tonne': 900000000.0, 'abatement_potential': 516782.14, 'implementation_time': 6, 'type': 'general'}, {'name': ' Decreasing clinker to 85% in OPC   ', 'cost_per_tonne': 1200000000.0, 'abatement_potential': 43065.18, 'implementation_time': 6, 'type': 'general'}, {'name': ' CCU                                ', 'cost_per_tonne': 1860000000.0, 'abatement_potential': 516782.14, 'implementation_time': 6, 'type': 'general'}, {'name': ' Offset                             ', 'cost_per_tonne': 1880000000.0, 'abatement_potential': 103356.43, 'implementation_time': 6, 'type': 'general'}]"
112,CE_F97 , CEMENT   ,1559199,0.79,0.77,0.77,0.571043347,30364711162,142.6227886,True,0.1,200, ,30364700000000.0,30364711162,"[{'name': ' Efficient electrical equipment     ', 'cost_per_tonne': -430000000.0, 'abatement_potential': 9253.41, 'implementation_time': 6, 'type': 'general'}, {'name': ' Waste heat recovery                ', 'cost_per_tonne': -420000000.0, 'abatement_potential': 37013.63, 'implementation_time': 6, 'type': 'general'}, {'name': ' Automation system                  ', 'cost_per_tonne': -410000000.0, 'abatement_potential': 18506.81, 'implementation_time': 6, 'type': 'general'}, {'name': ' Efficient grinding system          ', 'cost_per_tonne': -360000000.0, 'abatement_potential': 23133.52, 'implementation_time': 6, 'type': 'general'}, {'name': ' Optimising auxiliary power         ', 'cost_per_tonne': -340000000.0, 'abatement_potential': 4626.7, 'implementation_time': 6, 'type': 'general'}, {'name': ' Increasing slag to 70% in PSC      ', 'cost_per_tonne': -300000000.0, 'abatement_potential': 23133.52, 'implementation_time': 6, 'type': 'general'}, {'name': ' Enhancement in Kiln                ', 'cost_per_tonne': -280000000.0, 'abatement_potential': 13880.11, 'implementation_time': 6, 'type': 'general'}, {'name': ' Heat rate reduction in CPP         ', 'cost_per_tonne': -260000000.0, 'abatement_potential': 9253.41, 'implementation_time': 6, 'type': 'general'}, {'name': ' Improving burnability of material  ', 'cost_per_tonne': -130000000.0, 'abatement_potential': 32386.92, 'implementation_time': 6, 'type': 'general'}, {'name': ' Burner retrofit                    ', 'cost_per_tonne': -120000000.0, 'abatement_potential': 4626.7, 'implementation_time': 6, 'type': 'general'}, {'name': ' High efficiency clinker coolers    ', 'cost_per_tonne': -100000000.0, 'abatement_potential': 13880.11, 'implementation_time': 6, 'type': 'general'}, {'name': ' Substitute OPC with LC3 cement     ', 'cost_per_tonne': -80000000.0, 'abatement_potential': 18506.81, 'implementation_time': 6, 'type': 'general'}, {'name': ' Increasing fly ash to 35% in PPC   ', 'cost_per_tonne': -70000000.0, 'abatement_potential': 46267.03, 'implementation_time': 6, 'type': 'general'}, {'name': ' Renewable energy use in electricity', 'cost_per_tonne': 180000000.0, 'abatement_potential': 37013.63, 'implementation_time': 6, 'type': 'general'}, {'name': ' Increasing TSR to 30% in kiln fuel ', 'cost_per_tonne': 420000000.0, 'abatement_potential': 83280.66, 'implementation_time': 6, 'type': 'general'}, {'name': ' CCS                                ', 'cost_per_tonne': 900000000.0, 'abatement_potential': 277602.2, 'implementation_time': 6, 'type': 'general'}, {'name': ' Decreasing clinker to 85% in OPC   ', 'cost_per_tonne': 1200000000.0, 'abatement_potential': 23133.52, 'implementation_time': 6, 'type': 'general'}, {'name': ' CCU                                ', 'cost_per_tonne': 1860000000.0, 'abatement_potential': 277602.2, 'implementation_time': 6, 'type': 'general'}, {'name': ' Offset                             ', 'cost_per_tonne': 1880000000.0, 'abatement_potential': 55520.44, 'implementation_time': 6, 'type': 'general'}]"
113,CE_F98 , CEMENT   ,1293703,0.82,0.8,0.8,0.571749812,30358820176,142.4688794,True,0.1,200, ,30358800000000.0,30358820176,"[{'name': ' Efficient electrical equipment     ', 'cost_per_tonne': -430000000.0, 'abatement_potential': 7677.76, 'implementation_time': 6, 'type': 'general'}, {'name': ' Waste heat recovery                ', 'cost_per_tonne': -420000000.0, 'abatement_potential': 30711.05, 'implementation_time': 6, 'type': 'general'}, {'name': ' Automation system                  ', 'cost_per_tonne': -410000000.0, 'abatement_potential': 15355.53, 'implementation_time': 6, 'type': 'general'}, {'name': ' Efficient grinding system          ', 'cost_per_tonne': -360000000.0, 'abatement_potential': 19194.41, 'implementation_time': 6, 'type': 'general'}, {'name': ' Optimising auxiliary power         ', 'cost_per_tonne': -340000000.0, 'abatement_potential': 3838.88, 'implementation_time': 6, 'type': 'general'}, {'name': ' Increasing slag to 70% in PSC      ', 'cost_per_tonne': -300000000.0, 'abatement_potential': 19194.41, 'implementation_time': 6, 'type': 'general'}, {'name': ' Enhancement in Kiln                ', 'cost_per_tonne': -280000000.0, 'abatement_potential': 11516.64, 'implementation_time': 6, 'type': 'general'}, {'name': ' Heat rate reduction in CPP         ', 'cost_per_tonne': -260000000.0, 'abatement_potential': 7677.76, 'implementation_time': 6, 'type': 'general'}, {'name': ' Improving burnability of material  ', 'cost_per_tonne': -130000000.0, 'abatement_potential': 26872.17, 'implementation_time': 6, 'type': 'general'}, {'name': ' Burner retrofit                    ', 'cost_per_tonne': -120000000.0, 'abatement_potential': 3838.88, 'implementation_time': 6, 'type': 'general'}, {'name': ' High efficiency clinker coolers    ', 'cost_per_tonne': -100000000.0, 'abatement_potential': 11516.64, 'implementation_time': 6, 'type': 'general'}, {'name': ' Substitute OPC with LC3 cement     ', 'cost_per_tonne': -80000000.0, 'abatement_potential': 15355.53, 'implementation_time': 6, 'type': 'general'}, {'name': ' Increasing fly ash to 35% in PPC   ', 'cost_per_tonne': -70000000.0, 'abatement_potential': 38388.81, 'implementation_time': 6, 'type': 'general'}, {'name': ' Renewable energy use in electricity', 'cost_per_tonne': 180000000.0, 'abatement_potential': 30711.05, 'implementation_time': 6, 'type': 'general'}, {'name': ' Increasing TSR to 30% in kiln fuel ', 'cost_per_tonne': 420000000.0, 'abatement_potential': 69099.86, 'implementation_time': 6, 'type': 'general'}, {'name': ' CCS                                ', 'cost_per_tonne': 900000000.0, 'abatement_potential': 230332.88, 'implementation_time': 6, 'type': 'general'}, {'name': ' Decreasing clinker to 85% in OPC   ', 'cost_per_tonne': 1200000000.0, 'abatement_potential': 19194.41, 'implementation_time': 6, 'type': 'general'}, {'name': ' CCU                                ', 'cost_per_tonne': 1860000000.0, 'abatement_potential': 230332.88, 'implementation_time': 6, 'type': 'general'}, {'name': ' Offset                             ', 'cost_per_tonne': 1880000000.0, 'abatement_potential': 46066.58, 'implementation_time': 6, 'type': 'general'}]"
114,CE_F99 , CEMENT   ,854483,0.86,0.83,0.83,0.572456278,30352929190,142.3149703,True,0.1,200, ,30352900000000.0,30352929190,"[{'name': ' Efficient electrical equipment     ', 'cost_per_tonne': -430000000.0, 'abatement_potential': 5071.12, 'implementation_time': 6, 'type': 'general'}, {'name': ' Waste heat recovery                ', 'cost_per_tonne': -420000000.0, 'abatement_potential': 20284.46, 'implementation_time': 6, 'type': 'general'}, {'name': ' Automation system                  ', 'cost_per_tonne': -410000000.0, 'abatement_potential': 10142.23, 'implementation_time': 6, 'type': 'general'}, {'name': ' Efficient grinding system          ', 'cost_per_tonne': -360000000.0, 'abatement_potential': 12677.79, 'implementation_time': 6, 'type': 'general'}, {'name': ' Optimising auxiliary power         ', 'cost_per_tonne': -340000000.0, 'abatement_potential': 2535.56, 'implementation_time': 6, 'type': 'general'}, {'name': ' Increasing slag to 70% in PSC      ', 'cost_per_tonne': -300000000.0, 'abatement_potential': 12677.79, 'implementation_time': 6, 'type': 'general'}, {'name': ' Enhancement in Kiln                ', 'cost_per_tonne': -280000000.0, 'abatement_potential': 7606.67, 'implementation_time': 6, 'type': 'general'}, {'name': ' Heat rate reduction in CPP         ', 'cost_per_tonne': -260000000.0, 'abatement_potential': 5071.12, 'implementation_time': 6, 'type': 'general'}, {'name': ' Improving burnability of material  ', 'cost_per_tonne': -130000000.0, 'abatement_potential': 17748.91, 'implementation_time': 6, 'type': 'general'}, {'name': ' Burner retrofit                    ', 'cost_per_tonne': -120000000.0, 'abatement_potential': 2535.56, 'implementation_time': 6, 'type': 'general'}, {'name': ' High efficiency clinker coolers    ', 'cost_per_tonne': -100000000.0, 'abatement_potential': 7606.67, 'implementation_time': 6, 'type': 'general'}, {'name': ' Substitute OPC with LC3 cement     ', 'cost_per_tonne': -80000000.0, 'abatement_potential': 10142.23, 'implementation_time': 6, 'type': 'general'}, {'name': ' Increasing fly ash to 35% in PPC   ', 'cost_per_tonne': -70000000.0, 'abatement_potential': 25355.58, 'implementation_time': 6, 'type': 'general'}, {'name': ' Renewable energy use in electricity', 'cost_per_tonne': 180000000.0, 'abatement_potential': 20284.46, 'implementation_time': 6, 'type': 'general'}, {'name': ' Increasing TSR to 30% in kiln fuel ', 'cost_per_tonne': 420000000.0, 'abatement_potential': 45640.04, 'implementation_time': 6, 'type': 'general'}, {'name': ' CCS                                ', 'cost_per_tonne': 900000000.0, 'abatement_potential': 152133.47, 'implementation_time': 6, 'type': 'general'}, {'name': ' Decreasing clinker to 85% in OPC   ', 'cost_per_tonne': 1200000000.0, 'abatement_potential': 12677.79, 'implementation_time': 6, 'type': 'general'}, {'name': ' CCU                                ', 'cost_per_tonne': 1860000000.0, 'abatement_potential': 152133.47, 'implementation_time': 6, 'type': 'general'}, {'name': ' Offset                             ', 'cost_per_tonne': 1880000000.0, 'abatement_potential': 30426.69, 'implementation_time': 6, 'type': 'general'}]"
115,CE_F100, CEMENT   ,1409441,0.86,0.83,0.83,0.573162743,30347038204,142.1610611,True,0.1,200, ,30347000000000.0,30347038204,"[{'name': ' Efficient electrical equipment     ', 'cost_per_tonne': -430000000.0, 'abatement_potential': 8364.64, 'implementation_time': 6, 'type': 'general'}, {'name': ' Waste heat recovery                ', 'cost_per_tonne': -420000000.0, 'abatement_potential': 33458.54, 'implementation_time': 6, 'type': 'general'}, {'name': ' Automation system                  ', 'cost_per_tonne': -410000000.0, 'abatement_potential': 16729.27, 'implementation_time': 6, 'type': 'general'}, {'name': ' Efficient grinding system          ', 'cost_per_tonne': -360000000.0, 'abatement_potential': 20911.59, 'implementation_time': 6, 'type': 'general'}, {'name': ' Optimising auxiliary power         ', 'cost_per_tonne': -340000000.0, 'abatement_potential': 4182.32, 'implementation_time': 6, 'type': 'general'}, {'name': ' Increasing slag to 70% in PSC      ', 'cost_per_tonne': -300000000.0, 'abatement_potential': 20911.59, 'implementation_time': 6, 'type': 'general'}, {'name': ' Enhancement in Kiln                ', 'cost_per_tonne': -280000000.0, 'abatement_potential': 12546.95, 'implementation_time': 6, 'type': 'general'}, {'name': ' Heat rate reduction in CPP         ', 'cost_per_tonne': -260000000.0, 'abatement_potential': 8364.64, 'implementation_time': 6, 'type': 'general'}, {'name': ' Improving burnability of material  ', 'cost_per_tonne': -130000000.0, 'abatement_potential': 29276.22, 'implementation_time': 6, 'type': 'general'}, {'name': ' Burner retrofit                    ', 'cost_per_tonne': -120000000.0, 'abatement_potential': 4182.32, 'implementation_time': 6, 'type': 'general'}, {'name': ' High efficiency clinker coolers    ', 'cost_per_tonne': -100000000.0, 'abatement_potential': 12546.95, 'implementation_time': 6, 'type': 'general'}, {'name': ' Substitute OPC with LC3 cement     ', 'cost_per_tonne': -80000000.0, 'abatement_potential': 16729.27, 'implementation_time': 6, 'type': 'general'}, {'name': ' Increasing fly ash to 35% in PPC   ', 'cost_per_tonne': -70000000.0, 'abatement_potential': 41823.18, 'implementation_time': 6, 'type': 'general'}, {'name': ' Renewable energy use in electricity', 'cost_per_tonne': 180000000.0, 'abatement_potential': 33458.54, 'implementation_time': 6, 'type': 'general'}, {'name': ' Increasing TSR to 30% in kiln fuel ', 'cost_per_tonne': 420000000.0, 'abatement_potential': 75281.72, 'implementation_time': 6, 'type': 'general'}, {'name': ' CCS                                ', 'cost_per_tonne': 900000000.0, 'abatement_potential': 250939.05, 'implementation_time': 6, 'type': 'general'}, {'name': ' Decreasing clinker to 85% in OPC   ', 'cost_per_tonne': 1200000000.0, 'abatement_potential': 20911.59, 'implementation_time': 6, 'type': 'general'}, {'name': ' CCU                                ', 'cost_per_tonne': 1860000000.0, 'abatement_potential': 250939.05, 'implementation_time': 6, 'type': 'general'}, {'name': ' Offset                             ', 'cost_per_tonne': 1880000000.0, 'abatement_potential': 50187.81, 'implementation_time': 6, 'type': 'general'}]"
116,CE_F101, CEMENT   ,2329730,0.86,0.83,0.83,0.573869208,30341147218,142.0071519,True,0.1,200, ,30341100000000.0,30341147218,"[{'name': ' Efficient electrical equipment     ', 'cost_per_tonne': -430000000.0, 'abatement_potential': 13826.29, 'implementation_time': 6, 'type': 'general'}, {'name': ' Waste heat recovery                ', 'cost_per_tonne': -420000000.0, 'abatement_potential': 55305.16, 'implementation_time': 6, 'type': 'general'}, {'name': ' Automation system                  ', 'cost_per_tonne': -410000000.0, 'abatement_potential': 27652.58, 'implementation_time': 6, 'type': 'general'}, {'name': ' Efficient grinding system          ', 'cost_per_tonne': -360000000.0, 'abatement_potential': 34565.73, 'implementation_time': 6, 'type': 'general'}, {'name': ' Optimising auxiliary power         ', 'cost_per_tonne': -340000000.0, 'abatement_potential': 6913.15, 'implementation_time': 6, 'type': 'general'}, {'name': ' Increasing slag to 70% in PSC      ', 'cost_per_tonne': -300000000.0, 'abatement_potential': 34565.73, 'implementation_time': 6, 'type': 'general'}, {'name': ' Enhancement in Kiln                ', 'cost_per_tonne': -280000000.0, 'abatement_potential': 20739.44, 'implementation_time': 6, 'type': 'general'}, {'name': ' Heat rate reduction in CPP         ', 'cost_per_tonne': -260000000.0, 'abatement_potential': 13826.29, 'implementation_time': 6, 'type': 'general'}, {'name': ' Improving burnability of material  ', 'cost_per_tonne': -130000000.0, 'abatement_potential': 48392.02, 'implementation_time': 6, 'type': 'general'}, {'name': ' Burner retrofit                    ', 'cost_per_tonne': -120000000.0, 'abatement_potential': 6913.15, 'implementation_time': 6, 'type': 'general'}, {'name': ' High efficiency clinker coolers    ', 'cost_per_tonne': -100000000.0, 'abatement_potential': 20739.44, 'implementation_time': 6, 'type': 'general'}, {'name': ' Substitute OPC with LC3 cement     ', 'cost_per_tonne': -80000000.0, 'abatement_potential': 27652.58, 'implementation_time': 6, 'type': 'general'}, {'name': ' Increasing fly ash to 35% in PPC   ', 'cost_per_tonne': -70000000.0, 'abatement_potential': 69131.45, 'implementation_time': 6, 'type': 'general'}, {'name': ' Renewable energy use in electricity', 'cost_per_tonne': 180000000.0, 'abatement_potential': 55305.16, 'implementation_time': 6, 'type': 'general'}, {'name': ' Increasing TSR to 30% in kiln fuel ', 'cost_per_tonne': 420000000.0, 'abatement_potential': 124436.62, 'implementation_time': 6, 'type': 'general'}, {'name': ' CCS                                ', 'cost_per_tonne': 900000000.0, 'abatement_potential': 414788.72, 'implementation_time': 6, 'type': 'general'}, {'name': ' Decreasing clinker to 85% in OPC   ', 'cost_per_tonne': 1200000000.0, 'abatement_potential': 34565.73, 'implementation_time': 6, 'type': 'general'}, {'name': ' CCU                                ', 'cost_per_tonne': 1860000000.0, 'abatement_potential': 414788.72, 'implementation_time': 6, 'type': 'general'}, {'name': ' Offset                             ', 'cost_per_tonne': 1880000000.0, 'abatement_potential': 82957.74, 'implementation_time': 6, 'type': 'general'}]"
117,CE_F102, CEMENT   ,2405161,0.86,0.83,0.83,0.574575674,30335256232,141.8532428,True,0.1,200, ,30335300000000.0,30335256232,"[{'name': ' Efficient electrical equipment     ', 'cost_per_tonne': -430000000.0, 'abatement_potential': 14273.95, 'implementation_time': 6, 'type': 'general'}, {'name': ' Waste heat recovery                ', 'cost_per_tonne': -420000000.0, 'abatement_potential': 57095.81, 'implementation_time': 6, 'type': 'general'}, {'name': ' Automation system                  ', 'cost_per_tonne': -410000000.0, 'abatement_potential': 28547.91, 'implementation_time': 6, 'type': 'general'}, {'name': ' Efficient grinding system          ', 'cost_per_tonne': -360000000.0, 'abatement_potential': 35684.88, 'implementation_time': 6, 'type': 'general'}, {'name': ' Optimising auxiliary power         ', 'cost_per_tonne': -340000000.0, 'abatement_potential': 7136.98, 'implementation_time': 6, 'type': 'general'}, {'name': ' Increasing slag to 70% in PSC      ', 'cost_per_tonne': -300000000.0, 'abatement_potential': 35684.88, 'implementation_time': 6, 'type': 'general'}, {'name': ' Enhancement in Kiln                ', 'cost_per_tonne': -280000000.0, 'abatement_potential': 21410.93, 'implementation_time': 6, 'type': 'general'}, {'name': ' Heat rate reduction in CPP         ', 'cost_per_tonne': -260000000.0, 'abatement_potential': 14273.95, 'implementation_time': 6, 'type': 'general'}, {'name': ' Improving burnability of material  ', 'cost_per_tonne': -130000000.0, 'abatement_potential': 49958.83, 'implementation_time': 6, 'type': 'general'}, {'name': ' Burner retrofit                    ', 'cost_per_tonne': -120000000.0, 'abatement_potential': 7136.98, 'implementation_time': 6, 'type': 'general'}, {'name': ' High efficiency clinker coolers    ', 'cost_per_tonne': -100000000.0, 'abatement_potential': 21410.93, 'implementation_time': 6, 'type': 'general'}, {'name': ' Substitute OPC with LC3 cement     ', 'cost_per_tonne': -80000000.0, 'abatement_potential': 28547.91, 'implementation_time': 6, 'type': 'general'}, {'name': ' Increasing fly ash to 35% in PPC   ', 'cost_per_tonne': -70000000.0, 'abatement_potential': 71369.76, 'implementation_time': 6, 'type': 'general'}, {'name': ' Renewable energy use in electricity', 'cost_per_tonne': 180000000.0, 'abatement_potential': 57095.81, 'implementation_time': 6, 'type': 'general'}, {'name': ' Increasing TSR to 30% in kiln fuel ', 'cost_per_tonne': 420000000.0, 'abatement_potential': 128465.57, 'implementation_time': 6, 'type': 'general'}, {'name': ' CCS                                ', 'cost_per_tonne': 900000000.0, 'abatement_potential': 428218.58, 'implementation_time': 6, 'type': 'general'}, {'name': ' Decreasing clinker to 85% in OPC   ', 'cost_per_tonne': 1200000000.0, 'abatement_potential': 35684.88, 'implementation_time': 6, 'type': 'general'}, {'name': ' CCU                                ', 'cost_per_tonne': 1860000000.0, 'abatement_potential': 428218.58, 'implementation_time': 6, 'type': 'general'}, {'name': ' Offset                             ', 'cost_per_tonne': 1880000000.0, 'abatement_potential': 85643.72, 'implementation_time': 6, 'type': 'general'}]"
118,CE_F103, CEMENT   ,4439110,0.87,0.84,0.84,0.575282139,30329365246,141.6993336,True,0.1,200, ,30329400000000.0,30329365246,"[{'name': ' Efficient electrical equipment     ', 'cost_per_tonne': -430000000.0, 'abatement_potential': 26344.87, 'implementation_time': 6, 'type': 'general'}, {'name': ' Waste heat recovery                ', 'cost_per_tonne': -420000000.0, 'abatement_potential': 105379.47, 'implementation_time': 6, 'type': 'general'}, {'name': ' Automation system                  ', 'cost_per_tonne': -410000000.0, 'abatement_potential': 52689.73, 'implementation_time': 6, 'type': 'general'}, {'name': ' Efficient grinding system          ', 'cost_per_tonne': -360000000.0, 'abatement_potential': 65862.17, 'implementation_time': 6, 'type': 'general'}, {'name': ' Optimising auxiliary power         ', 'cost_per_tonne': -340000000.0, 'abatement_potential': 13172.43, 'implementation_time': 6, 'type': 'general'}, {'name': ' Increasing slag to 70% in PSC      ', 'cost_per_tonne': -300000000.0, 'abatement_potential': 65862.17, 'implementation_time': 6, 'type': 'general'}, {'name': ' Enhancement in Kiln                ', 'cost_per_tonne': -280000000.0, 'abatement_potential': 39517.3, 'implementation_time': 6, 'type': 'general'}, {'name': ' Heat rate reduction in CPP         ', 'cost_per_tonne': -260000000.0, 'abatement_potential': 26344.87, 'implementation_time': 6, 'type': 'general'}, {'name': ' Improving burnability of material  ', 'cost_per_tonne': -130000000.0, 'abatement_potential': 92207.03, 'implementation_time': 6, 'type': 'general'}, {'name': ' Burner retrofit                    ', 'cost_per_tonne': -120000000.0, 'abatement_potential': 13172.43, 'implementation_time': 6, 'type': 'general'}, {'name': ' High efficiency clinker coolers    ', 'cost_per_tonne': -100000000.0, 'abatement_potential': 39517.3, 'implementation_time': 6, 'type': 'general'}, {'name': ' Substitute OPC with LC3 cement     ', 'cost_per_tonne': -80000000.0, 'abatement_potential': 52689.73, 'implementation_time': 6, 'type': 'general'}, {'name': ' Increasing fly ash to 35% in PPC   ', 'cost_per_tonne': -70000000.0, 'abatement_potential': 131724.33, 'implementation_time': 6, 'type': 'general'}, {'name': ' Renewable energy use in electricity', 'cost_per_tonne': 180000000.0, 'abatement_potential': 105379.47, 'implementation_time': 6, 'type': 'general'}, {'name': ' Increasing TSR to 30% in kiln fuel ', 'cost_per_tonne': 420000000.0, 'abatement_potential': 237103.8, 'implementation_time': 6, 'type': 'general'}, {'name': ' CCS                                ', 'cost_per_tonne': 900000000.0, 'abatement_potential': 790345.99, 'implementation_time': 6, 'type': 'general'}, {'name': ' Decreasing clinker to 85% in OPC   ', 'cost_per_tonne': 1200000000.0, 'abatement_potential': 65862.17, 'implementation_time': 6, 'type': 'general'}, {'name': ' CCU                                ', 'cost_per_tonne': 1860000000.0, 'abatement_potential': 790345.99, 'implementation_time': 6, 'type': 'general'}, {'name': ' Offset                             ', 'cost_per_tonne': 1880000000.0, 'abatement_potential': 158069.2, 'implementation_time': 6, 'type': 'general'}]"
119,CE_F104, CEMENT   ,404478,0.88,0.85,0.85,0.575988604,30323474260,141.5454244,True,0.1,200, ,30323500000000.0,30323474260,"[{'name': ' Efficient electrical equipment     ', 'cost_per_tonne': -430000000.0, 'abatement_potential': 2880.56, 'implementation_time': 6, 'type': 'general'}, {'name': ' Waste heat recovery                ', 'cost_per_tonne': -420000000.0, 'abatement_potential': 11522.22, 'implementation_time': 6, 'type': 'general'}, {'name': ' Automation system                  ', 'cost_per_tonne': -410000000.0, 'abatement_potential': 5761.11, 'implementation_time': 6, 'type': 'general'}, {'name': ' Efficient grinding system          ', 'cost_per_tonne': -360000000.0, 'abatement_potential': 7201.39, 'implementation_time': 6, 'type': 'general'}, {'name': ' Optimising auxiliary power         ', 'cost_per_tonne': -340000000.0, 'abatement_potential': 1440.28, 'implementation_time': 6, 'type': 'general'}, {'name': ' Increasing slag to 70% in PSC      ', 'cost_per_tonne': -300000000.0, 'abatement_potential': 7201.39, 'implementation_time': 6, 'type': 'general'}, {'name': ' Enhancement in Kiln                ', 'cost_per_tonne': -280000000.0, 'abatement_potential': 4320.83, 'implementation_time': 6, 'type': 'general'}, {'name': ' Heat rate reduction in CPP         ', 'cost_per_tonne': -260000000.0, 'abatement_potential': 2880.56, 'implementation_time': 6, 'type': 'general'}, {'name': ' Improving burnability of material  ', 'cost_per_tonne': -130000000.0, 'abatement_potential': 10081.94, 'implementation_time': 6, 'type': 'general'}, {'name': ' Burner retrofit                    ', 'cost_per_tonne': -120000000.0, 'abatement_potential': 1440.28, 'implementation_time': 6, 'type': 'general'}, {'name': ' High efficiency clinker coolers    ', 'cost_per_tonne': -100000000.0, 'abatement_potential': 4320.83, 'implementation_time': 6, 'type': 'general'}, {'name': ' Substitute OPC with LC3 cement     ', 'cost_per_tonne': -80000000.0, 'abatement_potential': 5761.11, 'implementation_time': 6, 'type': 'general'}, {'name': ' Increasing fly ash to 35% in PPC   ', 'cost_per_tonne': -70000000.0, 'abatement_potential': 14402.78, 'implementation_time': 6, 'type': 'general'}, {'name': ' Renewable energy use in electricity', 'cost_per_tonne': 180000000.0, 'abatement_potential': 9601.85, 'implementation_time': 6, 'type': 'general'}, {'name': ' Increasing TSR to 30% in kiln fuel ', 'cost_per_tonne': 420000000.0, 'abatement_potential': 21604.17, 'implementation_time': 6, 'type': 'general'}, {'name': ' CCS                                ', 'cost_per_tonne': 900000000.0, 'abatement_potential': 72013.89, 'implementation_time': 6, 'type': 'general'}, {'name': ' Decreasing clinker to 85% in OPC   ', 'cost_per_tonne': 1200000000.0, 'abatement_potential': 1200.23, 'implementation_time': 6, 'type': 'general'}, {'name': ' CCU                                ', 'cost_per_tonne': 1860000000.0, 'abatement_potential': 14402.78, 'implementation_time': 6, 'type': 'general'}, {'name': ' Offset                             ', 'cost_per_tonne': 1880000000.0, 'abatement_potential': 2880.56, 'implementation_time': 6, 'type': 'general'}]"
120,CE_F105, CEMENT   ,611663,0.86,0.83,0.83,0.576695069,30317583274,141.3915153,True,0.1,200, ,30317600000000.0,30317583274,"[{'name': ' Efficient electrical equipment     ', 'cost_per_tonne': -430000000.0, 'abatement_potential': 3630.05, 'implementation_time': 6, 'type': 'general'}, {'name': ' Waste heat recovery                ', 'cost_per_tonne': -420000000.0, 'abatement_potential': 14520.19, 'implementation_time': 6, 'type': 'general'}, {'name': ' Automation system                  ', 'cost_per_tonne': -410000000.0, 'abatement_potential': 7260.09, 'implementation_time': 6, 'type': 'general'}, {'name': ' Efficient grinding system          ', 'cost_per_tonne': -360000000.0, 'abatement_potential': 9075.12, 'implementation_time': 6, 'type': 'general'}, {'name': ' Optimising auxiliary power         ', 'cost_per_tonne': -340000000.0, 'abatement_potential': 1815.02, 'implementation_time': 6, 'type': 'general'}, {'name': ' Increasing slag to 70% in PSC      ', 'cost_per_tonne': -300000000.0, 'abatement_potential': 9075.12, 'implementation_time': 6, 'type': 'general'}, {'name': ' Enhancement in Kiln                ', 'cost_per_tonne': -280000000.0, 'abatement_potential': 5445.07, 'implementation_time': 6, 'type': 'general'}, {'name': ' Heat rate reduction in CPP         ', 'cost_per_tonne': -260000000.0, 'abatement_potential': 3630.05, 'implementation_time': 6, 'type': 'general'}, {'name': ' Improving burnability of material  ', 'cost_per_tonne': -130000000.0, 'abatement_potential': 12705.17, 'implementation_time': 6, 'type': 'general'}, {'name': ' Burner retrofit                    ', 'cost_per_tonne': -120000000.0, 'abatement_potential': 1815.02, 'implementation_time': 6, 'type': 'general'}, {'name': ' High efficiency clinker coolers    ', 'cost_per_tonne': -100000000.0, 'abatement_potential': 5445.07, 'implementation_time': 6, 'type': 'general'}, {'name': ' Substitute OPC with LC3 cement     ', 'cost_per_tonne': -80000000.0, 'abatement_potential': 7260.09, 'implementation_time': 6, 'type': 'general'}, {'name': ' Increasing fly ash to 35% in PPC   ', 'cost_per_tonne': -70000000.0, 'abatement_potential': 18150.24, 'implementation_time': 6, 'type': 'general'}, {'name': ' Renewable energy use in electricity', 'cost_per_tonne': 180000000.0, 'abatement_potential': 14520.19, 'implementation_time': 6, 'type': 'general'}, {'name': ' Increasing TSR to 30% in kiln fuel ', 'cost_per_tonne': 420000000.0, 'abatement_potential': 32670.43, 'implementation_time': 6, 'type': 'general'}, {'name': ' CCS                                ', 'cost_per_tonne': 900000000.0, 'abatement_potential': 108901.42, 'implementation_time': 6, 'type': 'general'}, {'name': ' Decreasing clinker to 85% in OPC   ', 'cost_per_tonne': 1200000000.0, 'abatement_potential': 9075.12, 'implementation_time': 6, 'type': 'general'}, {'name': ' CCU                                ', 'cost_per_tonne': 1860000000.0, 'abatement_potential': 108901.42, 'implementation_time': 6, 'type': 'general'}, {'name': ' Offset                             ', 'cost_per_tonne': 1880000000.0, 'abatement_potential': 21780.28, 'implementation_time': 6, 'type': 'general'}]"
121,CE_F106, CEMENT   ,2030379,0.84,0.81,0.81,0.577401535,30311692289,141.2376061,True,0.1,200, ,30311700000000.0,30311692289,"[{'name': ' Efficient electrical equipment     ', 'cost_per_tonne': -430000000.0, 'abatement_potential': 12049.73, 'implementation_time': 6, 'type': 'general'}, {'name': ' Waste heat recovery                ', 'cost_per_tonne': -420000000.0, 'abatement_potential': 48198.91, 'implementation_time': 6, 'type': 'general'}, {'name': ' Automation system                  ', 'cost_per_tonne': -410000000.0, 'abatement_potential': 24099.45, 'implementation_time': 6, 'type': 'general'}, {'name': ' Efficient grinding system          ', 'cost_per_tonne': -360000000.0, 'abatement_potential': 30124.32, 'implementation_time': 6, 'type': 'general'}, {'name': ' Optimising auxiliary power         ', 'cost_per_tonne': -340000000.0, 'abatement_potential': 6024.86, 'implementation_time': 6, 'type': 'general'}, {'name': ' Increasing slag to 70% in PSC      ', 'cost_per_tonne': -300000000.0, 'abatement_potential': 30124.32, 'implementation_time': 6, 'type': 'general'}, {'name': ' Enhancement in Kiln                ', 'cost_per_tonne': -280000000.0, 'abatement_potential': 18074.59, 'implementation_time': 6, 'type': 'general'}, {'name': ' Heat rate reduction in CPP         ', 'cost_per_tonne': -260000000.0, 'abatement_potential': 12049.73, 'implementation_time': 6, 'type': 'general'}, {'name': ' Improving burnability of material  ', 'cost_per_tonne': -130000000.0, 'abatement_potential': 42174.04, 'implementation_time': 6, 'type': 'general'}, {'name': ' Burner retrofit                    ', 'cost_per_tonne': -120000000.0, 'abatement_potential': 6024.86, 'implementation_time': 6, 'type': 'general'}, {'name': ' High efficiency clinker coolers    ', 'cost_per_tonne': -100000000.0, 'abatement_potential': 18074.59, 'implementation_time': 6, 'type': 'general'}, {'name': ' Substitute OPC with LC3 cement     ', 'cost_per_tonne': -80000000.0, 'abatement_potential': 24099.45, 'implementation_time': 6, 'type': 'general'}, {'name': ' Increasing fly ash to 35% in PPC   ', 'cost_per_tonne': -70000000.0, 'abatement_potential': 60248.64, 'implementation_time': 6, 'type': 'general'}, {'name': ' Renewable energy use in electricity', 'cost_per_tonne': 180000000.0, 'abatement_potential': 48198.91, 'implementation_time': 6, 'type': 'general'}, {'name': ' Increasing TSR to 30% in kiln fuel ', 'cost_per_tonne': 420000000.0, 'abatement_potential': 108447.54, 'implementation_time': 6, 'type': 'general'}, {'name': ' CCS                                ', 'cost_per_tonne': 900000000.0, 'abatement_potential': 361491.81, 'implementation_time': 6, 'type': 'general'}, {'name': ' Decreasing clinker to 85% in OPC   ', 'cost_per_tonne': 1200000000.0, 'abatement_potential': 30124.32, 'implementation_time': 6, 'type': 'general'}, {'name': ' CCU                                ', 'cost_per_tonne': 1860000000.0, 'abatement_potential': 361491.81, 'implementation_time': 6, 'type': 'general'}, {'name': ' Offset                             ', 'cost_per_tonne': 1880000000.0, 'abatement_potential': 72298.36, 'implementation_time': 6, 'type': 'general'}]"
122,CE_F107, CEMENT   ,499755,0.86,0.82,0.82,0.578108,30305801303,141.0836969,True,0.1,200, ,30305800000000.0,30305801303,"[{'name': ' Efficient electrical equipment     ', 'cost_per_tonne': -430000000.0, 'abatement_potential': 3559.09, 'implementation_time': 6, 'type': 'general'}, {'name': ' Waste heat recovery                ', 'cost_per_tonne': -420000000.0, 'abatement_potential': 14236.34, 'implementation_time': 6, 'type': 'general'}, {'name': ' Automation system                  ', 'cost_per_tonne': -410000000.0, 'abatement_potential': 7118.17, 'implementation_time': 6, 'type': 'general'}, {'name': ' Efficient grinding system          ', 'cost_per_tonne': -360000000.0, 'abatement_potential': 8897.72, 'implementation_time': 6, 'type': 'general'}, {'name': ' Optimising auxiliary power         ', 'cost_per_tonne': -340000000.0, 'abatement_potential': 1779.54, 'implementation_time': 6, 'type': 'general'}, {'name': ' Increasing slag to 70% in PSC      ', 'cost_per_tonne': -300000000.0, 'abatement_potential': 8897.72, 'implementation_time': 6, 'type': 'general'}, {'name': ' Enhancement in Kiln                ', 'cost_per_tonne': -280000000.0, 'abatement_potential': 5338.63, 'implementation_time': 6, 'type': 'general'}, {'name': ' Heat rate reduction in CPP         ', 'cost_per_tonne': -260000000.0, 'abatement_potential': 3559.09, 'implementation_time': 6, 'type': 'general'}, {'name': ' Improving burnability of material  ', 'cost_per_tonne': -130000000.0, 'abatement_potential': 12456.8, 'implementation_time': 6, 'type': 'general'}, {'name': ' Burner retrofit                    ', 'cost_per_tonne': -120000000.0, 'abatement_potential': 1779.54, 'implementation_time': 6, 'type': 'general'}, {'name': ' High efficiency clinker coolers    ', 'cost_per_tonne': -100000000.0, 'abatement_potential': 5338.63, 'implementation_time': 6, 'type': 'general'}, {'name': ' Substitute OPC with LC3 cement     ', 'cost_per_tonne': -80000000.0, 'abatement_potential': 7118.17, 'implementation_time': 6, 'type': 'general'}, {'name': ' Increasing fly ash to 35% in PPC   ', 'cost_per_tonne': -70000000.0, 'abatement_potential': 17795.43, 'implementation_time': 6, 'type': 'general'}, {'name': ' Renewable energy use in electricity', 'cost_per_tonne': 180000000.0, 'abatement_potential': 11863.62, 'implementation_time': 6, 'type': 'general'}, {'name': ' Increasing TSR to 30% in kiln fuel ', 'cost_per_tonne': 420000000.0, 'abatement_potential': 26693.15, 'implementation_time': 6, 'type': 'general'}, {'name': ' CCS                                ', 'cost_per_tonne': 900000000.0, 'abatement_potential': 88977.15, 'implementation_time': 6, 'type': 'general'}, {'name': ' Decreasing clinker to 85% in OPC   ', 'cost_per_tonne': 1200000000.0, 'abatement_potential': 1482.95, 'implementation_time': 6, 'type': 'general'}, {'name': ' CCU                                ', 'cost_per_tonne': 1860000000.0, 'abatement_potential': 17795.43, 'implementation_time': 6, 'type': 'general'}, {'name': ' Offset                             ', 'cost_per_tonne': 1880000000.0, 'abatement_potential': 3559.09, 'implementation_time': 6, 'type': 'general'}]"
123,CE_F108, CEMENT   ,1098257,0.85,0.82,0.82,0.578814465,30299910317,140.9297878,True,0.1,200, ,30299900000000.0,30299910317,"[{'name': ' Efficient electrical equipment     ', 'cost_per_tonne': -430000000.0, 'abatement_potential': 6517.85, 'implementation_time': 6, 'type': 'general'}, {'name': ' Waste heat recovery                ', 'cost_per_tonne': -420000000.0, 'abatement_potential': 26071.38, 'implementation_time': 6, 'type': 'general'}, {'name': ' Automation system                  ', 'cost_per_tonne': -410000000.0, 'abatement_potential': 13035.69, 'implementation_time': 6, 'type': 'general'}, {'name': ' Efficient grinding system          ', 'cost_per_tonne': -360000000.0, 'abatement_potential': 16294.61, 'implementation_time': 6, 'type': 'general'}, {'name': ' Optimising auxiliary power         ', 'cost_per_tonne': -340000000.0, 'abatement_potential': 3258.92, 'implementation_time': 6, 'type': 'general'}, {'name': ' Increasing slag to 70% in PSC      ', 'cost_per_tonne': -300000000.0, 'abatement_potential': 16294.61, 'implementation_time': 6, 'type': 'general'}, {'name': ' Enhancement in Kiln                ', 'cost_per_tonne': -280000000.0, 'abatement_potential': 9776.77, 'implementation_time': 6, 'type': 'general'}, {'name': ' Heat rate reduction in CPP         ', 'cost_per_tonne': -260000000.0, 'abatement_potential': 6517.85, 'implementation_time': 6, 'type': 'general'}, {'name': ' Improving burnability of material  ', 'cost_per_tonne': -130000000.0, 'abatement_potential': 22812.46, 'implementation_time': 6, 'type': 'general'}, {'name': ' Burner retrofit                    ', 'cost_per_tonne': -120000000.0, 'abatement_potential': 3258.92, 'implementation_time': 6, 'type': 'general'}, {'name': ' High efficiency clinker coolers    ', 'cost_per_tonne': -100000000.0, 'abatement_potential': 9776.77, 'implementation_time': 6, 'type': 'general'}, {'name': ' Substitute OPC with LC3 cement     ', 'cost_per_tonne': -80000000.0, 'abatement_potential': 13035.69, 'implementation_time': 6, 'type': 'general'}, {'name': ' Increasing fly ash to 35% in PPC   ', 'cost_per_tonne': -70000000.0, 'abatement_potential': 32589.23, 'implementation_time': 6, 'type': 'general'}, {'name': ' Renewable energy use in electricity', 'cost_per_tonne': 180000000.0, 'abatement_potential': 26071.38, 'implementation_time': 6, 'type': 'general'}, {'name': ' Increasing TSR to 30% in kiln fuel ', 'cost_per_tonne': 420000000.0, 'abatement_potential': 58660.61, 'implementation_time': 6, 'type': 'general'}, {'name': ' CCS                                ', 'cost_per_tonne': 900000000.0, 'abatement_potential': 195535.37, 'implementation_time': 6, 'type': 'general'}, {'name': ' Decreasing clinker to 85% in OPC   ', 'cost_per_tonne': 1200000000.0, 'abatement_potential': 16294.61, 'implementation_time': 6, 'type': 'general'}, {'name': ' CCU                                ', 'cost_per_tonne': 1860000000.0, 'abatement_potential': 195535.37, 'implementation_time': 6, 'type': 'general'}, {'name': ' Offset                             ', 'cost_per_tonne': 1880000000.0, 'abatement_potential': 39107.07, 'implementation_time': 6, 'type': 'general'}]"
124,CE_F109, CEMENT   ,3057103,0.87,0.84,0.84,0.57952093,30294019331,140.7758786,True,0.1,200, ,30294000000000.0,30294019331,"[{'name': ' Efficient electrical equipment     ', 'cost_per_tonne': -430000000.0, 'abatement_potential': 18143.04, 'implementation_time': 6, 'type': 'general'}, {'name': ' Waste heat recovery                ', 'cost_per_tonne': -420000000.0, 'abatement_potential': 72572.18, 'implementation_time': 6, 'type': 'general'}, {'name': ' Automation system                  ', 'cost_per_tonne': -410000000.0, 'abatement_potential': 36286.09, 'implementation_time': 6, 'type': 'general'}, {'name': ' Efficient grinding system          ', 'cost_per_tonne': -360000000.0, 'abatement_potential': 45357.61, 'implementation_time': 6, 'type': 'general'}, {'name': ' Optimising auxiliary power         ', 'cost_per_tonne': -340000000.0, 'abatement_potential': 9071.52, 'implementation_time': 6, 'type': 'general'}, {'name': ' Increasing slag to 70% in PSC      ', 'cost_per_tonne': -300000000.0, 'abatement_potential': 45357.61, 'implementation_time': 6, 'type': 'general'}, {'name': ' Enhancement in Kiln                ', 'cost_per_tonne': -280000000.0, 'abatement_potential': 27214.57, 'implementation_time': 6, 'type': 'general'}, {'name': ' Heat rate reduction in CPP         ', 'cost_per_tonne': -260000000.0, 'abatement_potential': 18143.04, 'implementation_time': 6, 'type': 'general'}, {'name': ' Improving burnability of material  ', 'cost_per_tonne': -130000000.0, 'abatement_potential': 63500.66, 'implementation_time': 6, 'type': 'general'}, {'name': ' Burner retrofit                    ', 'cost_per_tonne': -120000000.0, 'abatement_potential': 9071.52, 'implementation_time': 6, 'type': 'general'}, {'name': ' High efficiency clinker coolers    ', 'cost_per_tonne': -100000000.0, 'abatement_potential': 27214.57, 'implementation_time': 6, 'type': 'general'}, {'name': ' Substitute OPC with LC3 cement     ', 'cost_per_tonne': -80000000.0, 'abatement_potential': 36286.09, 'implementation_time': 6, 'type': 'general'}, {'name': ' Increasing fly ash to 35% in PPC   ', 'cost_per_tonne': -70000000.0, 'abatement_potential': 90715.22, 'implementation_time': 6, 'type': 'general'}, {'name': ' Renewable energy use in electricity', 'cost_per_tonne': 180000000.0, 'abatement_potential': 72572.18, 'implementation_time': 6, 'type': 'general'}, {'name': ' Increasing TSR to 30% in kiln fuel ', 'cost_per_tonne': 420000000.0, 'abatement_potential': 163287.4, 'implementation_time': 6, 'type': 'general'}, {'name': ' CCS                                ', 'cost_per_tonne': 900000000.0, 'abatement_potential': 544291.34, 'implementation_time': 6, 'type': 'general'}, {'name': ' Decreasing clinker to 85% in OPC   ', 'cost_per_tonne': 1200000000.0, 'abatement_potential': 45357.61, 'implementation_time': 6, 'type': 'general'}, {'name': ' CCU                                ', 'cost_per_tonne': 1860000000.0, 'abatement_potential': 544291.34, 'implementation_time': 6, 'type': 'general'}, {'name': ' Offset                             ', 'cost_per_tonne': 1880000000.0, 'abatement_potential': 108858.27, 'implementation_time': 6, 'type': 'general'}]"
125,CE_F110, CEMENT   ,792958,0.89,0.86,0.86,0.580227396,30288128345,140.6219694,True,0.1,200, ,30288100000000.0,30288128345,"[{'name': ' Efficient electrical equipment     ', 'cost_per_tonne': -430000000.0, 'abatement_potential': 4705.98, 'implementation_time': 6, 'type': 'general'}, {'name': ' Waste heat recovery                ', 'cost_per_tonne': -420000000.0, 'abatement_potential': 18823.93, 'implementation_time': 6, 'type': 'general'}, {'name': ' Automation system                  ', 'cost_per_tonne': -410000000.0, 'abatement_potential': 9411.96, 'implementation_time': 6, 'type': 'general'}, {'name': ' Efficient grinding system          ', 'cost_per_tonne': -360000000.0, 'abatement_potential': 11764.96, 'implementation_time': 6, 'type': 'general'}, {'name': ' Optimising auxiliary power         ', 'cost_per_tonne': -340000000.0, 'abatement_potential': 2352.99, 'implementation_time': 6, 'type': 'general'}, {'name': ' Increasing slag to 70% in PSC      ', 'cost_per_tonne': -300000000.0, 'abatement_potential': 11764.96, 'implementation_time': 6, 'type': 'general'}, {'name': ' Enhancement in Kiln                ', 'cost_per_tonne': -280000000.0, 'abatement_potential': 7058.97, 'implementation_time': 6, 'type': 'general'}, {'name': ' Heat rate reduction in CPP         ', 'cost_per_tonne': -260000000.0, 'abatement_potential': 4705.98, 'implementation_time': 6, 'type': 'general'}, {'name': ' Improving burnability of material  ', 'cost_per_tonne': -130000000.0, 'abatement_potential': 16470.94, 'implementation_time': 6, 'type': 'general'}, {'name': ' Burner retrofit                    ', 'cost_per_tonne': -120000000.0, 'abatement_potential': 2352.99, 'implementation_time': 6, 'type': 'general'}, {'name': ' High efficiency clinker coolers    ', 'cost_per_tonne': -100000000.0, 'abatement_potential': 7058.97, 'implementation_time': 6, 'type': 'general'}, {'name': ' Substitute OPC with LC3 cement     ', 'cost_per_tonne': -80000000.0, 'abatement_potential': 9411.96, 'implementation_time': 6, 'type': 'general'}, {'name': ' Increasing fly ash to 35% in PPC   ', 'cost_per_tonne': -70000000.0, 'abatement_potential': 23529.91, 'implementation_time': 6, 'type': 'general'}, {'name': ' Renewable energy use in electricity', 'cost_per_tonne': 180000000.0, 'abatement_potential': 18823.93, 'implementation_time': 6, 'type': 'general'}, {'name': ' Increasing TSR to 30% in kiln fuel ', 'cost_per_tonne': 420000000.0, 'abatement_potential': 42353.84, 'implementation_time': 6, 'type': 'general'}, {'name': ' CCS                                ', 'cost_per_tonne': 900000000.0, 'abatement_potential': 141179.47, 'implementation_time': 6, 'type': 'general'}, {'name': ' Decreasing clinker to 85% in OPC   ', 'cost_per_tonne': 1200000000.0, 'abatement_potential': 11764.96, 'implementation_time': 6, 'type': 'general'}, {'name': ' CCU                                ', 'cost_per_tonne': 1860000000.0, 'abatement_potential': 141179.47, 'implementation_time': 6, 'type': 'general'}, {'name': ' Offset                             ', 'cost_per_tonne': 1880000000.0, 'abatement_potential': 28235.89, 'implementation_time': 6, 'type': 'general'}]"
126,CE_F111, CEMENT   ,3154665,0.91,0.87,0.87,0.580933861,30282237359,140.4680603,True,0.1,200, ,30282200000000.0,30282237359,"[{'name': ' Efficient electrical equipment     ', 'cost_per_tonne': -430000000.0, 'abatement_potential': 18722.05, 'implementation_time': 6, 'type': 'general'}, {'name': ' Waste heat recovery                ', 'cost_per_tonne': -420000000.0, 'abatement_potential': 74888.19, 'implementation_time': 6, 'type': 'general'}, {'name': ' Automation system                  ', 'cost_per_tonne': -410000000.0, 'abatement_potential': 37444.09, 'implementation_time': 6, 'type': 'general'}, {'name': ' Efficient grinding system          ', 'cost_per_tonne': -360000000.0, 'abatement_potential': 46805.12, 'implementation_time': 6, 'type': 'general'}, {'name': ' Optimising auxiliary power         ', 'cost_per_tonne': -340000000.0, 'abatement_potential': 9361.02, 'implementation_time': 6, 'type': 'general'}, {'name': ' Increasing slag to 70% in PSC      ', 'cost_per_tonne': -300000000.0, 'abatement_potential': 46805.12, 'implementation_time': 6, 'type': 'general'}, {'name': ' Enhancement in Kiln                ', 'cost_per_tonne': -280000000.0, 'abatement_potential': 28083.07, 'implementation_time': 6, 'type': 'general'}, {'name': ' Heat rate reduction in CPP         ', 'cost_per_tonne': -260000000.0, 'abatement_potential': 18722.05, 'implementation_time': 6, 'type': 'general'}, {'name': ' Improving burnability of material  ', 'cost_per_tonne': -130000000.0, 'abatement_potential': 65527.17, 'implementation_time': 6, 'type': 'general'}, {'name': ' Burner retrofit                    ', 'cost_per_tonne': -120000000.0, 'abatement_potential': 9361.02, 'implementation_time': 6, 'type': 'general'}, {'name': ' High efficiency clinker coolers    ', 'cost_per_tonne': -100000000.0, 'abatement_potential': 28083.07, 'implementation_time': 6, 'type': 'general'}, {'name': ' Substitute OPC with LC3 cement     ', 'cost_per_tonne': -80000000.0, 'abatement_potential': 37444.09, 'implementation_time': 6, 'type': 'general'}, {'name': ' Increasing fly ash to 35% in PPC   ', 'cost_per_tonne': -70000000.0, 'abatement_potential': 93610.24, 'implementation_time': 6, 'type': 'general'}, {'name': ' Renewable energy use in electricity', 'cost_per_tonne': 180000000.0, 'abatement_potential': 74888.19, 'implementation_time': 6, 'type': 'general'}, {'name': ' Increasing TSR to 30% in kiln fuel ', 'cost_per_tonne': 420000000.0, 'abatement_potential': 168498.43, 'implementation_time': 6, 'type': 'general'}, {'name': ' CCS                                ', 'cost_per_tonne': 900000000.0, 'abatement_potential': 561661.42, 'implementation_time': 6, 'type': 'general'}, {'name': ' Decreasing clinker to 85% in OPC   ', 'cost_per_tonne': 1200000000.0, 'abatement_potential': 46805.12, 'implementation_time': 6, 'type': 'general'}, {'name': ' CCU                                ', 'cost_per_tonne': 1860000000.0, 'abatement_potential': 561661.42, 'implementation_time': 6, 'type': 'general'}, {'name': ' Offset                             ', 'cost_per_tonne': 1880000000.0, 'abatement_potential': 112332.28, 'implementation_time': 6, 'type': 'general'}]"
127,CE_F112, CEMENT   ,1556219,0.9,0.86,0.86,0.581640326,30276346373,140.3141511,True,0.1,200, ,30276300000000.0,30276346373,"[{'name': ' Efficient electrical equipment     ', 'cost_per_tonne': -430000000.0, 'abatement_potential': 9235.72, 'implementation_time': 6, 'type': 'general'}, {'name': ' Waste heat recovery                ', 'cost_per_tonne': -420000000.0, 'abatement_potential': 36942.88, 'implementation_time': 6, 'type': 'general'}, {'name': ' Automation system                  ', 'cost_per_tonne': -410000000.0, 'abatement_potential': 18471.44, 'implementation_time': 6, 'type': 'general'}, {'name': ' Efficient grinding system          ', 'cost_per_tonne': -360000000.0, 'abatement_potential': 23089.3, 'implementation_time': 6, 'type': 'general'}, {'name': ' Optimising auxiliary power         ', 'cost_per_tonne': -340000000.0, 'abatement_potential': 4617.86, 'implementation_time': 6, 'type': 'general'}, {'name': ' Increasing slag to 70% in PSC      ', 'cost_per_tonne': -300000000.0, 'abatement_potential': 23089.3, 'implementation_time': 6, 'type': 'general'}, {'name': ' Enhancement in Kiln                ', 'cost_per_tonne': -280000000.0, 'abatement_potential': 13853.58, 'implementation_time': 6, 'type': 'general'}, {'name': ' Heat rate reduction in CPP         ', 'cost_per_tonne': -260000000.0, 'abatement_potential': 9235.72, 'implementation_time': 6, 'type': 'general'}, {'name': ' Improving burnability of material  ', 'cost_per_tonne': -130000000.0, 'abatement_potential': 32325.02, 'implementation_time': 6, 'type': 'general'}, {'name': ' Burner retrofit                    ', 'cost_per_tonne': -120000000.0, 'abatement_potential': 4617.86, 'implementation_time': 6, 'type': 'general'}, {'name': ' High efficiency clinker coolers    ', 'cost_per_tonne': -100000000.0, 'abatement_potential': 13853.58, 'implementation_time': 6, 'type': 'general'}, {'name': ' Substitute OPC with LC3 cement     ', 'cost_per_tonne': -80000000.0, 'abatement_potential': 18471.44, 'implementation_time': 6, 'type': 'general'}, {'name': ' Increasing fly ash to 35% in PPC   ', 'cost_per_tonne': -70000000.0, 'abatement_potential': 46178.61, 'implementation_time': 6, 'type': 'general'}, {'name': ' Renewable energy use in electricity', 'cost_per_tonne': 180000000.0, 'abatement_potential': 36942.88, 'implementation_time': 6, 'type': 'general'}, {'name': ' Increasing TSR to 30% in kiln fuel ', 'cost_per_tonne': 420000000.0, 'abatement_potential': 83121.49, 'implementation_time': 6, 'type': 'general'}, {'name': ' CCS                                ', 'cost_per_tonne': 900000000.0, 'abatement_potential': 277071.63, 'implementation_time': 6, 'type': 'general'}, {'name': ' Decreasing clinker to 85% in OPC   ', 'cost_per_tonne': 1200000000.0, 'abatement_potential': 23089.3, 'implementation_time': 6, 'type': 'general'}, {'name': ' CCU                                ', 'cost_per_tonne': 1860000000.0, 'abatement_potential': 277071.63, 'implementation_time': 6, 'type': 'general'}, {'name': ' Offset                             ', 'cost_per_tonne': 1880000000.0, 'abatement_potential': 55414.33, 'implementation_time': 6, 'type': 'general'}]"
128,CE_F113, CEMENT   ,543540,1.01,0.97,0.97,0.582346791,30270455387,140.1602419,True,0.1,200, ,30270500000000.0,30270455387,"[{'name': ' Efficient electrical equipment     ', 'cost_per_tonne': -430000000.0, 'abatement_potential': 3225.76, 'implementation_time': 6, 'type': 'general'}, {'name': ' Waste heat recovery                ', 'cost_per_tonne': -420000000.0, 'abatement_potential': 12903.03, 'implementation_time': 6, 'type': 'general'}, {'name': ' Automation system                  ', 'cost_per_tonne': -410000000.0, 'abatement_potential': 6451.51, 'implementation_time': 6, 'type': 'general'}, {'name': ' Efficient grinding system          ', 'cost_per_tonne': -360000000.0, 'abatement_potential': 8064.39, 'implementation_time': 6, 'type': 'general'}, {'name': ' Optimising auxiliary power         ', 'cost_per_tonne': -340000000.0, 'abatement_potential': 1612.88, 'implementation_time': 6, 'type': 'general'}, {'name': ' Increasing slag to 70% in PSC      ', 'cost_per_tonne': -300000000.0, 'abatement_potential': 8064.39, 'implementation_time': 6, 'type': 'general'}, {'name': ' Enhancement in Kiln                ', 'cost_per_tonne': -280000000.0, 'abatement_potential': 4838.64, 'implementation_time': 6, 'type': 'general'}, {'name': ' Heat rate reduction in CPP         ', 'cost_per_tonne': -260000000.0, 'abatement_potential': 3225.76, 'implementation_time': 6, 'type': 'general'}, {'name': ' Improving burnability of material  ', 'cost_per_tonne': -130000000.0, 'abatement_potential': 11290.15, 'implementation_time': 6, 'type': 'general'}, {'name': ' Burner retrofit                    ', 'cost_per_tonne': -120000000.0, 'abatement_potential': 1612.88, 'implementation_time': 6, 'type': 'general'}, {'name': ' High efficiency clinker coolers    ', 'cost_per_tonne': -100000000.0, 'abatement_potential': 4838.64, 'implementation_time': 6, 'type': 'general'}, {'name': ' Substitute OPC with LC3 cement     ', 'cost_per_tonne': -80000000.0, 'abatement_potential': 6451.51, 'implementation_time': 6, 'type': 'general'}, {'name': ' Increasing fly ash to 35% in PPC   ', 'cost_per_tonne': -70000000.0, 'abatement_potential': 16128.78, 'implementation_time': 6, 'type': 'general'}, {'name': ' Renewable energy use in electricity', 'cost_per_tonne': 180000000.0, 'abatement_potential': 12903.03, 'implementation_time': 6, 'type': 'general'}, {'name': ' Increasing TSR to 30% in kiln fuel ', 'cost_per_tonne': 420000000.0, 'abatement_potential': 29031.81, 'implementation_time': 6, 'type': 'general'}, {'name': ' CCS                                ', 'cost_per_tonne': 900000000.0, 'abatement_potential': 96772.7, 'implementation_time': 6, 'type': 'general'}, {'name': ' Decreasing clinker to 85% in OPC   ', 'cost_per_tonne': 1200000000.0, 'abatement_potential': 8064.39, 'implementation_time': 6, 'type': 'general'}, {'name': ' CCU                                ', 'cost_per_tonne': 1860000000.0, 'abatement_potential': 96772.7, 'implementation_time': 6, 'type': 'general'}, {'name': ' Offset                             ', 'cost_per_tonne': 1880000000.0, 'abatement_potential': 19354.54, 'implementation_time': 6, 'type': 'general'}]"
129,CE_F114, CEMENT   ,3045481,0.75,0.71,0.71,0.583053257,30264564401,140.0063328,True,0.1,200, ,30264600000000.0,30264564401,"[{'name': ' Efficient electrical equipment     ', 'cost_per_tonne': -430000000.0, 'abatement_potential': 18074.07, 'implementation_time': 6, 'type': 'general'}, {'name': ' Waste heat recovery                ', 'cost_per_tonne': -420000000.0, 'abatement_potential': 72296.28, 'implementation_time': 6, 'type': 'general'}, {'name': ' Automation system                  ', 'cost_per_tonne': -410000000.0, 'abatement_potential': 36148.14, 'implementation_time': 6, 'type': 'general'}, {'name': ' Efficient grinding system          ', 'cost_per_tonne': -360000000.0, 'abatement_potential': 45185.18, 'implementation_time': 6, 'type': 'general'}, {'name': ' Optimising auxiliary power         ', 'cost_per_tonne': -340000000.0, 'abatement_potential': 9037.04, 'implementation_time': 6, 'type': 'general'}, {'name': ' Increasing slag to 70% in PSC      ', 'cost_per_tonne': -300000000.0, 'abatement_potential': 45185.18, 'implementation_time': 6, 'type': 'general'}, {'name': ' Enhancement in Kiln                ', 'cost_per_tonne': -280000000.0, 'abatement_potential': 27111.11, 'implementation_time': 6, 'type': 'general'}, {'name': ' Heat rate reduction in CPP         ', 'cost_per_tonne': -260000000.0, 'abatement_potential': 18074.07, 'implementation_time': 6, 'type': 'general'}, {'name': ' Improving burnability of material  ', 'cost_per_tonne': -130000000.0, 'abatement_potential': 63259.25, 'implementation_time': 6, 'type': 'general'}, {'name': ' Burner retrofit                    ', 'cost_per_tonne': -120000000.0, 'abatement_potential': 9037.04, 'implementation_time': 6, 'type': 'general'}, {'name': ' High efficiency clinker coolers    ', 'cost_per_tonne': -100000000.0, 'abatement_potential': 27111.11, 'implementation_time': 6, 'type': 'general'}, {'name': ' Substitute OPC with LC3 cement     ', 'cost_per_tonne': -80000000.0, 'abatement_potential': 36148.14, 'implementation_time': 6, 'type': 'general'}, {'name': ' Increasing fly ash to 35% in PPC   ', 'cost_per_tonne': -70000000.0, 'abatement_potential': 90370.36, 'implementation_time': 6, 'type': 'general'}, {'name': ' Renewable energy use in electricity', 'cost_per_tonne': 180000000.0, 'abatement_potential': 72296.28, 'implementation_time': 6, 'type': 'general'}, {'name': ' Increasing TSR to 30% in kiln fuel ', 'cost_per_tonne': 420000000.0, 'abatement_potential': 162666.64, 'implementation_time': 6, 'type': 'general'}, {'name': ' CCS                                ', 'cost_per_tonne': 900000000.0, 'abatement_potential': 542222.14, 'implementation_time': 6, 'type': 'general'}, {'name': ' Decreasing clinker to 85% in OPC   ', 'cost_per_tonne': 1200000000.0, 'abatement_potential': 45185.18, 'implementation_time': 6, 'type': 'general'}, {'name': ' CCU                                ', 'cost_per_tonne': 1860000000.0, 'abatement_potential': 542222.14, 'implementation_time': 6, 'type': 'general'}, {'name': ' Offset                             ', 'cost_per_tonne': 1880000000.0, 'abatement_potential': 108444.43, 'implementation_time': 6, 'type': 'general'}]"
130,CE_F115, CEMENT   ,1478510,0.93,0.89,0.89,0.583759722,30258673415,139.8524236,True,0.1,200, ,30258700000000.0,30258673415,"[{'name': ' Efficient electrical equipment     ', 'cost_per_tonne': -430000000.0, 'abatement_potential': 8774.54, 'implementation_time': 6, 'type': 'general'}, {'name': ' Waste heat recovery                ', 'cost_per_tonne': -420000000.0, 'abatement_potential': 35098.16, 'implementation_time': 6, 'type': 'general'}, {'name': ' Automation system                  ', 'cost_per_tonne': -410000000.0, 'abatement_potential': 17549.08, 'implementation_time': 6, 'type': 'general'}, {'name': ' Efficient grinding system          ', 'cost_per_tonne': -360000000.0, 'abatement_potential': 21936.35, 'implementation_time': 6, 'type': 'general'}, {'name': ' Optimising auxiliary power         ', 'cost_per_tonne': -340000000.0, 'abatement_potential': 4387.27, 'implementation_time': 6, 'type': 'general'}, {'name': ' Increasing slag to 70% in PSC      ', 'cost_per_tonne': -300000000.0, 'abatement_potential': 21936.35, 'implementation_time': 6, 'type': 'general'}, {'name': ' Enhancement in Kiln                ', 'cost_per_tonne': -280000000.0, 'abatement_potential': 13161.81, 'implementation_time': 6, 'type': 'general'}, {'name': ' Heat rate reduction in CPP         ', 'cost_per_tonne': -260000000.0, 'abatement_potential': 8774.54, 'implementation_time': 6, 'type': 'general'}, {'name': ' Improving burnability of material  ', 'cost_per_tonne': -130000000.0, 'abatement_potential': 30710.89, 'implementation_time': 6, 'type': 'general'}, {'name': ' Burner retrofit                    ', 'cost_per_tonne': -120000000.0, 'abatement_potential': 4387.27, 'implementation_time': 6, 'type': 'general'}, {'name': ' High efficiency clinker coolers    ', 'cost_per_tonne': -100000000.0, 'abatement_potential': 13161.81, 'implementation_time': 6, 'type': 'general'}, {'name': ' Substitute OPC with LC3 cement     ', 'cost_per_tonne': -80000000.0, 'abatement_potential': 17549.08, 'implementation_time': 6, 'type': 'general'}, {'name': ' Increasing fly ash to 35% in PPC   ', 'cost_per_tonne': -70000000.0, 'abatement_potential': 43872.7, 'implementation_time': 6, 'type': 'general'}, {'name': ' Renewable energy use in electricity', 'cost_per_tonne': 180000000.0, 'abatement_potential': 35098.16, 'implementation_time': 6, 'type': 'general'}, {'name': ' Increasing TSR to 30% in kiln fuel ', 'cost_per_tonne': 420000000.0, 'abatement_potential': 78970.86, 'implementation_time': 6, 'type': 'general'}, {'name': ' CCS                                ', 'cost_per_tonne': 900000000.0, 'abatement_potential': 263236.2, 'implementation_time': 6, 'type': 'general'}, {'name': ' Decreasing clinker to 85% in OPC   ', 'cost_per_tonne': 1200000000.0, 'abatement_potential': 21936.35, 'implementation_time': 6, 'type': 'general'}, {'name': ' CCU                                ', 'cost_per_tonne': 1860000000.0, 'abatement_potential': 263236.2, 'implementation_time': 6, 'type': 'general'}, {'name': ' Offset                             ', 'cost_per_tonne': 1880000000.0, 'abatement_potential': 52647.24, 'implementation_time': 6, 'type': 'general'}]"
131,CE_F116, CEMENT   ,1329947,0.98,0.93,0.93,0.584466187,30252782429,139.6985144,True,0.1,200, ,30252800000000.0,30252782429,"[{'name': ' Efficient electrical equipment     ', 'cost_per_tonne': -430000000.0, 'abatement_potential': 7892.86, 'implementation_time': 6, 'type': 'general'}, {'name': ' Waste heat recovery                ', 'cost_per_tonne': -420000000.0, 'abatement_potential': 31571.44, 'implementation_time': 6, 'type': 'general'}, {'name': ' Automation system                  ', 'cost_per_tonne': -410000000.0, 'abatement_potential': 15785.72, 'implementation_time': 6, 'type': 'general'}, {'name': ' Efficient grinding system          ', 'cost_per_tonne': -360000000.0, 'abatement_potential': 19732.15, 'implementation_time': 6, 'type': 'general'}, {'name': ' Optimising auxiliary power         ', 'cost_per_tonne': -340000000.0, 'abatement_potential': 3946.43, 'implementation_time': 6, 'type': 'general'}, {'name': ' Increasing slag to 70% in PSC      ', 'cost_per_tonne': -300000000.0, 'abatement_potential': 19732.15, 'implementation_time': 6, 'type': 'general'}, {'name': ' Enhancement in Kiln                ', 'cost_per_tonne': -280000000.0, 'abatement_potential': 11839.29, 'implementation_time': 6, 'type': 'general'}, {'name': ' Heat rate reduction in CPP         ', 'cost_per_tonne': -260000000.0, 'abatement_potential': 7892.86, 'implementation_time': 6, 'type': 'general'}, {'name': ' Improving burnability of material  ', 'cost_per_tonne': -130000000.0, 'abatement_potential': 27625.01, 'implementation_time': 6, 'type': 'general'}, {'name': ' Burner retrofit                    ', 'cost_per_tonne': -120000000.0, 'abatement_potential': 3946.43, 'implementation_time': 6, 'type': 'general'}, {'name': ' High efficiency clinker coolers    ', 'cost_per_tonne': -100000000.0, 'abatement_potential': 11839.29, 'implementation_time': 6, 'type': 'general'}, {'name': ' Substitute OPC with LC3 cement     ', 'cost_per_tonne': -80000000.0, 'abatement_potential': 15785.72, 'implementation_time': 6, 'type': 'general'}, {'name': ' Increasing fly ash to 35% in PPC   ', 'cost_per_tonne': -70000000.0, 'abatement_potential': 39464.3, 'implementation_time': 6, 'type': 'general'}, {'name': ' Renewable energy use in electricity', 'cost_per_tonne': 180000000.0, 'abatement_potential': 31571.44, 'implementation_time': 6, 'type': 'general'}, {'name': ' Increasing TSR to 30% in kiln fuel ', 'cost_per_tonne': 420000000.0, 'abatement_potential': 71035.74, 'implementation_time': 6, 'type': 'general'}, {'name': ' CCS                                ', 'cost_per_tonne': 900000000.0, 'abatement_potential': 236785.82, 'implementation_time': 6, 'type': 'general'}, {'name': ' Decreasing clinker to 85% in OPC   ', 'cost_per_tonne': 1200000000.0, 'abatement_potential': 19732.15, 'implementation_time': 6, 'type': 'general'}, {'name': ' CCU                                ', 'cost_per_tonne': 1860000000.0, 'abatement_potential': 236785.82, 'implementation_time': 6, 'type': 'general'}, {'name': ' Offset                             ', 'cost_per_tonne': 1880000000.0, 'abatement_potential': 47357.16, 'implementation_time': 6, 'type': 'general'}]"
132,CE_F117, CEMENT   ,1541976,0.97,0.92,0.92,0.585172652,30246891443,139.5446053,True,0.1,200, ,30246900000000.0,30246891443,"[{'name': ' Efficient electrical equipment     ', 'cost_per_tonne': -430000000.0, 'abatement_potential': 9151.19, 'implementation_time': 6, 'type': 'general'}, {'name': ' Waste heat recovery                ', 'cost_per_tonne': -420000000.0, 'abatement_potential': 36604.77, 'implementation_time': 6, 'type': 'general'}, {'name': ' Automation system                  ', 'cost_per_tonne': -410000000.0, 'abatement_potential': 18302.39, 'implementation_time': 6, 'type': 'general'}, {'name': ' Efficient grinding system          ', 'cost_per_tonne': -360000000.0, 'abatement_potential': 22877.98, 'implementation_time': 6, 'type': 'general'}, {'name': ' Optimising auxiliary power         ', 'cost_per_tonne': -340000000.0, 'abatement_potential': 4575.6, 'implementation_time': 6, 'type': 'general'}, {'name': ' Increasing slag to 70% in PSC      ', 'cost_per_tonne': -300000000.0, 'abatement_potential': 22877.98, 'implementation_time': 6, 'type': 'general'}, {'name': ' Enhancement in Kiln                ', 'cost_per_tonne': -280000000.0, 'abatement_potential': 13726.79, 'implementation_time': 6, 'type': 'general'}, {'name': ' Heat rate reduction in CPP         ', 'cost_per_tonne': -260000000.0, 'abatement_potential': 9151.19, 'implementation_time': 6, 'type': 'general'}, {'name': ' Improving burnability of material  ', 'cost_per_tonne': -130000000.0, 'abatement_potential': 32029.18, 'implementation_time': 6, 'type': 'general'}, {'name': ' Burner retrofit                    ', 'cost_per_tonne': -120000000.0, 'abatement_potential': 4575.6, 'implementation_time': 6, 'type': 'general'}, {'name': ' High efficiency clinker coolers    ', 'cost_per_tonne': -100000000.0, 'abatement_potential': 13726.79, 'implementation_time': 6, 'type': 'general'}, {'name': ' Substitute OPC with LC3 cement     ', 'cost_per_tonne': -80000000.0, 'abatement_potential': 18302.39, 'implementation_time': 6, 'type': 'general'}, {'name': ' Increasing fly ash to 35% in PPC   ', 'cost_per_tonne': -70000000.0, 'abatement_potential': 45755.96, 'implementation_time': 6, 'type': 'general'}, {'name': ' Renewable energy use in electricity', 'cost_per_tonne': 180000000.0, 'abatement_potential': 36604.77, 'implementation_time': 6, 'type': 'general'}, {'name': ' Increasing TSR to 30% in kiln fuel ', 'cost_per_tonne': 420000000.0, 'abatement_potential': 82360.74, 'implementation_time': 6, 'type': 'general'}, {'name': ' CCS                                ', 'cost_per_tonne': 900000000.0, 'abatement_potential': 274535.79, 'implementation_time': 6, 'type': 'general'}, {'name': ' Decreasing clinker to 85% in OPC   ', 'cost_per_tonne': 1200000000.0, 'abatement_potential': 22877.98, 'implementation_time': 6, 'type': 'general'}, {'name': ' CCU                                ', 'cost_per_tonne': 1860000000.0, 'abatement_potential': 274535.79, 'implementation_time': 6, 'type': 'general'}, {'name': ' Offset                             ', 'cost_per_tonne': 1880000000.0, 'abatement_potential': 54907.16, 'implementation_time': 6, 'type': 'general'}]"
133,CE_F118, CEMENT   ,594457,1.08,1.01,1.01,0.585879118,30241000458,139.3906961,True,0.1,200, ,30241000000000.0,30241000458,"[{'name': ' Efficient electrical equipment     ', 'cost_per_tonne': -430000000.0, 'abatement_potential': 3527.93, 'implementation_time': 6, 'type': 'general'}, {'name': ' Waste heat recovery                ', 'cost_per_tonne': -420000000.0, 'abatement_potential': 14111.74, 'implementation_time': 6, 'type': 'general'}, {'name': ' Automation system                  ', 'cost_per_tonne': -410000000.0, 'abatement_potential': 7055.87, 'implementation_time': 6, 'type': 'general'}, {'name': ' Efficient grinding system          ', 'cost_per_tonne': -360000000.0, 'abatement_potential': 8819.84, 'implementation_time': 6, 'type': 'general'}, {'name': ' Optimising auxiliary power         ', 'cost_per_tonne': -340000000.0, 'abatement_potential': 1763.97, 'implementation_time': 6, 'type': 'general'}, {'name': ' Increasing slag to 70% in PSC      ', 'cost_per_tonne': -300000000.0, 'abatement_potential': 8819.84, 'implementation_time': 6, 'type': 'general'}, {'name': ' Enhancement in Kiln                ', 'cost_per_tonne': -280000000.0, 'abatement_potential': 5291.9, 'implementation_time': 6, 'type': 'general'}, {'name': ' Heat rate reduction in CPP         ', 'cost_per_tonne': -260000000.0, 'abatement_potential': 3527.93, 'implementation_time': 6, 'type': 'general'}, {'name': ' Improving burnability of material  ', 'cost_per_tonne': -130000000.0, 'abatement_potential': 12347.77, 'implementation_time': 6, 'type': 'general'}, {'name': ' Burner retrofit                    ', 'cost_per_tonne': -120000000.0, 'abatement_potential': 1763.97, 'implementation_time': 6, 'type': 'general'}, {'name': ' High efficiency clinker coolers    ', 'cost_per_tonne': -100000000.0, 'abatement_potential': 5291.9, 'implementation_time': 6, 'type': 'general'}, {'name': ' Substitute OPC with LC3 cement     ', 'cost_per_tonne': -80000000.0, 'abatement_potential': 7055.87, 'implementation_time': 6, 'type': 'general'}, {'name': ' Increasing fly ash to 35% in PPC   ', 'cost_per_tonne': -70000000.0, 'abatement_potential': 17639.67, 'implementation_time': 6, 'type': 'general'}, {'name': ' Renewable energy use in electricity', 'cost_per_tonne': 180000000.0, 'abatement_potential': 14111.74, 'implementation_time': 6, 'type': 'general'}, {'name': ' Increasing TSR to 30% in kiln fuel ', 'cost_per_tonne': 420000000.0, 'abatement_potential': 31751.41, 'implementation_time': 6, 'type': 'general'}, {'name': ' CCS                                ', 'cost_per_tonne': 900000000.0, 'abatement_potential': 105838.04, 'implementation_time': 6, 'type': 'general'}, {'name': ' Decreasing clinker to 85% in OPC   ', 'cost_per_tonne': 1200000000.0, 'abatement_potential': 8819.84, 'implementation_time': 6, 'type': 'general'}, {'name': ' CCU                                ', 'cost_per_tonne': 1860000000.0, 'abatement_potential': 105838.04, 'implementation_time': 6, 'type': 'general'}, {'name': ' Offset                             ', 'cost_per_tonne': 1880000000.0, 'abatement_potential': 21167.61, 'implementation_time': 6, 'type': 'general'}]"
134,CE_F119, CEMENT   ,319686,1.11,1.02,1.02,0.586585583,30235109472,139.2367869,True,0.1,200, ,30235100000000.0,30235109472,"[{'name': ' Efficient electrical equipment     ', 'cost_per_tonne': -430000000.0, 'abatement_potential': 2276.7, 'implementation_time': 6, 'type': 'general'}, {'name': ' Waste heat recovery                ', 'cost_per_tonne': -420000000.0, 'abatement_potential': 9106.78, 'implementation_time': 6, 'type': 'general'}, {'name': ' Automation system                  ', 'cost_per_tonne': -410000000.0, 'abatement_potential': 4553.39, 'implementation_time': 6, 'type': 'general'}, {'name': ' Efficient grinding system          ', 'cost_per_tonne': -360000000.0, 'abatement_potential': 5691.74, 'implementation_time': 6, 'type': 'general'}, {'name': ' Optimising auxiliary power         ', 'cost_per_tonne': -340000000.0, 'abatement_potential': 1138.35, 'implementation_time': 6, 'type': 'general'}, {'name': ' Increasing slag to 70% in PSC      ', 'cost_per_tonne': -300000000.0, 'abatement_potential': 5691.74, 'implementation_time': 6, 'type': 'general'}, {'name': ' Enhancement in Kiln                ', 'cost_per_tonne': -280000000.0, 'abatement_potential': 3415.04, 'implementation_time': 6, 'type': 'general'}, {'name': ' Heat rate reduction in CPP         ', 'cost_per_tonne': -260000000.0, 'abatement_potential': 2276.7, 'implementation_time': 6, 'type': 'general'}, {'name': ' Improving burnability of material  ', 'cost_per_tonne': -130000000.0, 'abatement_potential': 7968.43, 'implementation_time': 6, 'type': 'general'}, {'name': ' Burner retrofit                    ', 'cost_per_tonne': -120000000.0, 'abatement_potential': 1138.35, 'implementation_time': 6, 'type': 'general'}, {'name': ' High efficiency clinker coolers    ', 'cost_per_tonne': -100000000.0, 'abatement_potential': 3415.04, 'implementation_time': 6, 'type': 'general'}, {'name': ' Substitute OPC with LC3 cement     ', 'cost_per_tonne': -80000000.0, 'abatement_potential': 4553.39, 'implementation_time': 6, 'type': 'general'}, {'name': ' Increasing fly ash to 35% in PPC   ', 'cost_per_tonne': -70000000.0, 'abatement_potential': 11383.48, 'implementation_time': 6, 'type': 'general'}, {'name': ' Renewable energy use in electricity', 'cost_per_tonne': 180000000.0, 'abatement_potential': 7588.99, 'implementation_time': 6, 'type': 'general'}, {'name': ' Increasing TSR to 30% in kiln fuel ', 'cost_per_tonne': 420000000.0, 'abatement_potential': 17075.22, 'implementation_time': 6, 'type': 'general'}, {'name': ' CCS                                ', 'cost_per_tonne': 900000000.0, 'abatement_potential': 56917.39, 'implementation_time': 6, 'type': 'general'}, {'name': ' Decreasing clinker to 85% in OPC   ', 'cost_per_tonne': 1200000000.0, 'abatement_potential': 948.62, 'implementation_time': 6, 'type': 'general'}, {'name': ' CCU                                ', 'cost_per_tonne': 1860000000.0, 'abatement_potential': 11383.48, 'implementation_time': 6, 'type': 'general'}, {'name': ' Offset                             ', 'cost_per_tonne': 1880000000.0, 'abatement_potential': 2276.7, 'implementation_time': 6, 'type': 'general'}]"
135,CE_F120, CEMENT   ,14635552,0.32,0.31,0.31,0.587292048,30229218486,139.0828778,True,0.1,200, ,30229200000000.0,30229218486,"[{'name': ' Efficient electrical equipment     ', 'cost_per_tonne': -430000000.0, 'abatement_potential': 86857.88, 'implementation_time': 6, 'type': 'general'}, {'name': ' Waste heat recovery                ', 'cost_per_tonne': -420000000.0, 'abatement_potential': 347431.5, 'implementation_time': 6, 'type': 'general'}, {'name': ' Automation system                  ', 'cost_per_tonne': -410000000.0, 'abatement_potential': 173715.75, 'implementation_time': 6, 'type': 'general'}, {'name': ' Efficient grinding system          ', 'cost_per_tonne': -360000000.0, 'abatement_potential': 217144.69, 'implementation_time': 6, 'type': 'general'}, {'name': ' Optimising auxiliary power         ', 'cost_per_tonne': -340000000.0, 'abatement_potential': 43428.94, 'implementation_time': 6, 'type': 'general'}, {'name': ' Increasing slag to 70% in PSC      ', 'cost_per_tonne': -300000000.0, 'abatement_potential': 217144.69, 'implementation_time': 6, 'type': 'general'}, {'name': ' Enhancement in Kiln                ', 'cost_per_tonne': -280000000.0, 'abatement_potential': 130286.81, 'implementation_time': 6, 'type': 'general'}, {'name': ' Heat rate reduction in CPP         ', 'cost_per_tonne': -260000000.0, 'abatement_potential': 86857.88, 'implementation_time': 6, 'type': 'general'}, {'name': ' Improving burnability of material  ', 'cost_per_tonne': -130000000.0, 'abatement_potential': 304002.56, 'implementation_time': 6, 'type': 'general'}, {'name': ' Burner retrofit                    ', 'cost_per_tonne': -120000000.0, 'abatement_potential': 43428.94, 'implementation_time': 6, 'type': 'general'}, {'name': ' High efficiency clinker coolers    ', 'cost_per_tonne': -100000000.0, 'abatement_potential': 130286.81, 'implementation_time': 6, 'type': 'general'}, {'name': ' Substitute OPC with LC3 cement     ', 'cost_per_tonne': -80000000.0, 'abatement_potential': 173715.75, 'implementation_time': 6, 'type': 'general'}, {'name': ' Increasing fly ash to 35% in PPC   ', 'cost_per_tonne': -70000000.0, 'abatement_potential': 434289.38, 'implementation_time': 6, 'type': 'general'}, {'name': ' Renewable energy use in electricity', 'cost_per_tonne': 180000000.0, 'abatement_potential': 347431.5, 'implementation_time': 6, 'type': 'general'}, {'name': ' Increasing TSR to 30% in kiln fuel ', 'cost_per_tonne': 420000000.0, 'abatement_potential': 781720.88, 'implementation_time': 6, 'type': 'general'}, {'name': ' CCS                                ', 'cost_per_tonne': 900000000.0, 'abatement_potential': 2605736.26, 'implementation_time': 6, 'type': 'general'}, {'name': ' Decreasing clinker to 85% in OPC   ', 'cost_per_tonne': 1200000000.0, 'abatement_potential': 217144.69, 'implementation_time': 6, 'type': 'general'}, {'name': ' CCU                                ', 'cost_per_tonne': 1860000000.0, 'abatement_potential': 2605736.26, 'implementation_time': 6, 'type': 'general'}, {'name': ' Offset                             ', 'cost_per_tonne': 1880000000.0, 'abatement_potential': 521147.25, 'implementation_time': 6, 'type': 'general'}]"
136,CE_F121, CEMENT   ,8464317,0.35,0.34,0.34,0.587998514,30223327500,138.9289686,True,0.1,200, ,30223300000000.0,30223327500,"[{'name': ' Efficient electrical equipment     ', 'cost_per_tonne': -430000000.0, 'abatement_potential': 50233.34, 'implementation_time': 6, 'type': 'general'}, {'name': ' Waste heat recovery                ', 'cost_per_tonne': -420000000.0, 'abatement_potential': 200933.34, 'implementation_time': 6, 'type': 'general'}, {'name': ' Automation system                  ', 'cost_per_tonne': -410000000.0, 'abatement_potential': 100466.67, 'implementation_time': 6, 'type': 'general'}, {'name': ' Efficient grinding system          ', 'cost_per_tonne': -360000000.0, 'abatement_potential': 125583.34, 'implementation_time': 6, 'type': 'general'}, {'name': ' Optimising auxiliary power         ', 'cost_per_tonne': -340000000.0, 'abatement_potential': 25116.67, 'implementation_time': 6, 'type': 'general'}, {'name': ' Increasing slag to 70% in PSC      ', 'cost_per_tonne': -300000000.0, 'abatement_potential': 125583.34, 'implementation_time': 6, 'type': 'general'}, {'name': ' Enhancement in Kiln                ', 'cost_per_tonne': -280000000.0, 'abatement_potential': 75350.0, 'implementation_time': 6, 'type': 'general'}, {'name': ' Heat rate reduction in CPP         ', 'cost_per_tonne': -260000000.0, 'abatement_potential': 50233.34, 'implementation_time': 6, 'type': 'general'}, {'name': ' Improving burnability of material  ', 'cost_per_tonne': -130000000.0, 'abatement_potential': 175816.67, 'implementation_time': 6, 'type': 'general'}, {'name': ' Burner retrofit                    ', 'cost_per_tonne': -120000000.0, 'abatement_potential': 25116.67, 'implementation_time': 6, 'type': 'general'}, {'name': ' High efficiency clinker coolers    ', 'cost_per_tonne': -100000000.0, 'abatement_potential': 75350.0, 'implementation_time': 6, 'type': 'general'}, {'name': ' Substitute OPC with LC3 cement     ', 'cost_per_tonne': -80000000.0, 'abatement_potential': 100466.67, 'implementation_time': 6, 'type': 'general'}, {'name': ' Increasing fly ash to 35% in PPC   ', 'cost_per_tonne': -70000000.0, 'abatement_potential': 251166.68, 'implementation_time': 6, 'type': 'general'}, {'name': ' Renewable energy use in electricity', 'cost_per_tonne': 180000000.0, 'abatement_potential': 200933.34, 'implementation_time': 6, 'type': 'general'}, {'name': ' Increasing TSR to 30% in kiln fuel ', 'cost_per_tonne': 420000000.0, 'abatement_potential': 452100.02, 'implementation_time': 6, 'type': 'general'}, {'name': ' CCS                                ', 'cost_per_tonne': 900000000.0, 'abatement_potential': 1507000.06, 'implementation_time': 6, 'type': 'general'}, {'name': ' Decreasing clinker to 85% in OPC   ', 'cost_per_tonne': 1200000000.0, 'abatement_potential': 125583.34, 'implementation_time': 6, 'type': 'general'}, {'name': ' CCU                                ', 'cost_per_tonne': 1860000000.0, 'abatement_potential': 1507000.06, 'implementation_time': 6, 'type': 'general'}, {'name': ' Offset                             ', 'cost_per_tonne': 1880000000.0, 'abatement_potential': 301400.01, 'implementation_time': 6, 'type': 'general'}]"
137,CE_F122, CEMENT   ,7406765,0.51,0.5,0.5,0.588704979,30217436514,138.7750594,True,0.1,200, ,30217400000000.0,30217436514,"[{'name': ' Efficient electrical equipment     ', 'cost_per_tonne': -430000000.0, 'abatement_potential': 43957.06, 'implementation_time': 6, 'type': 'general'}, {'name': ' Waste heat recovery                ', 'cost_per_tonne': -420000000.0, 'abatement_potential': 175828.25, 'implementation_time': 6, 'type': 'general'}, {'name': ' Automation system                  ', 'cost_per_tonne': -410000000.0, 'abatement_potential': 87914.12, 'implementation_time': 6, 'type': 'general'}, {'name': ' Efficient grinding system          ', 'cost_per_tonne': -360000000.0, 'abatement_potential': 109892.66, 'implementation_time': 6, 'type': 'general'}, {'name': ' Optimising auxiliary power         ', 'cost_per_tonne': -340000000.0, 'abatement_potential': 21978.53, 'implementation_time': 6, 'type': 'general'}, {'name': ' Increasing slag to 70% in PSC      ', 'cost_per_tonne': -300000000.0, 'abatement_potential': 109892.66, 'implementation_time': 6, 'type': 'general'}, {'name': ' Enhancement in Kiln                ', 'cost_per_tonne': -280000000.0, 'abatement_potential': 65935.59, 'implementation_time': 6, 'type': 'general'}, {'name': ' Heat rate reduction in CPP         ', 'cost_per_tonne': -260000000.0, 'abatement_potential': 43957.06, 'implementation_time': 6, 'type': 'general'}, {'name': ' Improving burnability of material  ', 'cost_per_tonne': -130000000.0, 'abatement_potential': 153849.72, 'implementation_time': 6, 'type': 'general'}, {'name': ' Burner retrofit                    ', 'cost_per_tonne': -120000000.0, 'abatement_potential': 21978.53, 'implementation_time': 6, 'type': 'general'}, {'name': ' High efficiency clinker coolers    ', 'cost_per_tonne': -100000000.0, 'abatement_potential': 65935.59, 'implementation_time': 6, 'type': 'general'}, {'name': ' Substitute OPC with LC3 cement     ', 'cost_per_tonne': -80000000.0, 'abatement_potential': 87914.12, 'implementation_time': 6, 'type': 'general'}, {'name': ' Increasing fly ash to 35% in PPC   ', 'cost_per_tonne': -70000000.0, 'abatement_potential': 219785.31, 'implementation_time': 6, 'type': 'general'}, {'name': ' Renewable energy use in electricity', 'cost_per_tonne': 180000000.0, 'abatement_potential': 175828.25, 'implementation_time': 6, 'type': 'general'}, {'name': ' Increasing TSR to 30% in kiln fuel ', 'cost_per_tonne': 420000000.0, 'abatement_potential': 395613.56, 'implementation_time': 6, 'type': 'general'}, {'name': ' CCS                                ', 'cost_per_tonne': 900000000.0, 'abatement_potential': 1318711.87, 'implementation_time': 6, 'type': 'general'}, {'name': ' Decreasing clinker to 85% in OPC   ', 'cost_per_tonne': 1200000000.0, 'abatement_potential': 109892.66, 'implementation_time': 6, 'type': 'general'}, {'name': ' CCU                                ', 'cost_per_tonne': 1860000000.0, 'abatement_potential': 1318711.87, 'implementation_time': 6, 'type': 'general'}, {'name': ' Offset                             ', 'cost_per_tonne': 1880000000.0, 'abatement_potential': 263742.37, 'implementation_time': 6, 'type': 'general'}]"
138,CE_F123, CEMENT   ,2609926,0.42,0.4,0.4,0.589411444,30211545528,138.6211503,True,0.1,200, ,30211500000000.0,30211545528,"[{'name': ' Efficient electrical equipment     ', 'cost_per_tonne': -430000000.0, 'abatement_potential': 15489.18, 'implementation_time': 6, 'type': 'general'}, {'name': ' Waste heat recovery                ', 'cost_per_tonne': -420000000.0, 'abatement_potential': 61956.7, 'implementation_time': 6, 'type': 'general'}, {'name': ' Automation system                  ', 'cost_per_tonne': -410000000.0, 'abatement_potential': 30978.35, 'implementation_time': 6, 'type': 'general'}, {'name': ' Efficient grinding system          ', 'cost_per_tonne': -360000000.0, 'abatement_potential': 38722.94, 'implementation_time': 6, 'type': 'general'}, {'name': ' Optimising auxiliary power         ', 'cost_per_tonne': -340000000.0, 'abatement_potential': 7744.59, 'implementation_time': 6, 'type': 'general'}, {'name': ' Increasing slag to 70% in PSC      ', 'cost_per_tonne': -300000000.0, 'abatement_potential': 38722.94, 'implementation_time': 6, 'type': 'general'}, {'name': ' Enhancement in Kiln                ', 'cost_per_tonne': -280000000.0, 'abatement_potential': 23233.76, 'implementation_time': 6, 'type': 'general'}, {'name': ' Heat rate reduction in CPP         ', 'cost_per_tonne': -260000000.0, 'abatement_potential': 15489.18, 'implementation_time': 6, 'type': 'general'}, {'name': ' Improving burnability of material  ', 'cost_per_tonne': -130000000.0, 'abatement_potential': 54212.11, 'implementation_time': 6, 'type': 'general'}, {'name': ' Burner retrofit                    ', 'cost_per_tonne': -120000000.0, 'abatement_potential': 7744.59, 'implementation_time': 6, 'type': 'general'}, {'name': ' High efficiency clinker coolers    ', 'cost_per_tonne': -100000000.0, 'abatement_potential': 23233.76, 'implementation_time': 6, 'type': 'general'}, {'name': ' Substitute OPC with LC3 cement     ', 'cost_per_tonne': -80000000.0, 'abatement_potential': 30978.35, 'implementation_time': 6, 'type': 'general'}, {'name': ' Increasing fly ash to 35% in PPC   ', 'cost_per_tonne': -70000000.0, 'abatement_potential': 77445.88, 'implementation_time': 6, 'type': 'general'}, {'name': ' Renewable energy use in electricity', 'cost_per_tonne': 180000000.0, 'abatement_potential': 61956.7, 'implementation_time': 6, 'type': 'general'}, {'name': ' Increasing TSR to 30% in kiln fuel ', 'cost_per_tonne': 420000000.0, 'abatement_potential': 139402.58, 'implementation_time': 6, 'type': 'general'}, {'name': ' CCS                                ', 'cost_per_tonne': 900000000.0, 'abatement_potential': 464675.25, 'implementation_time': 6, 'type': 'general'}, {'name': ' Decreasing clinker to 85% in OPC   ', 'cost_per_tonne': 1200000000.0, 'abatement_potential': 38722.94, 'implementation_time': 6, 'type': 'general'}, {'name': ' CCU                                ', 'cost_per_tonne': 1860000000.0, 'abatement_potential': 464675.25, 'implementation_time': 6, 'type': 'general'}, {'name': ' Offset                             ', 'cost_per_tonne': 1880000000.0, 'abatement_potential': 92935.05, 'implementation_time': 6, 'type': 'general'}]"
139,CE_F124, CEMENT   ,1208919,0.49,0.45,0.45,0.590117909,30205654542,138.4672411,True,0.1,200, ,30205700000000.0,30205654542,"[{'name': ' Efficient electrical equipment     ', 'cost_per_tonne': -430000000.0, 'abatement_potential': 7174.59, 'implementation_time': 6, 'type': 'general'}, {'name': ' Waste heat recovery                ', 'cost_per_tonne': -420000000.0, 'abatement_potential': 28698.37, 'implementation_time': 6, 'type': 'general'}, {'name': ' Automation system                  ', 'cost_per_tonne': -410000000.0, 'abatement_potential': 14349.19, 'implementation_time': 6, 'type': 'general'}, {'name': ' Efficient grinding system          ', 'cost_per_tonne': -360000000.0, 'abatement_potential': 17936.48, 'implementation_time': 6, 'type': 'general'}, {'name': ' Optimising auxiliary power         ', 'cost_per_tonne': -340000000.0, 'abatement_potential': 3587.3, 'implementation_time': 6, 'type': 'general'}, {'name': ' Increasing slag to 70% in PSC      ', 'cost_per_tonne': -300000000.0, 'abatement_potential': 17936.48, 'implementation_time': 6, 'type': 'general'}, {'name': ' Enhancement in Kiln                ', 'cost_per_tonne': -280000000.0, 'abatement_potential': 10761.89, 'implementation_time': 6, 'type': 'general'}, {'name': ' Heat rate reduction in CPP         ', 'cost_per_tonne': -260000000.0, 'abatement_potential': 7174.59, 'implementation_time': 6, 'type': 'general'}, {'name': ' Improving burnability of material  ', 'cost_per_tonne': -130000000.0, 'abatement_potential': 25111.08, 'implementation_time': 6, 'type': 'general'}, {'name': ' Burner retrofit                    ', 'cost_per_tonne': -120000000.0, 'abatement_potential': 3587.3, 'implementation_time': 6, 'type': 'general'}, {'name': ' High efficiency clinker coolers    ', 'cost_per_tonne': -100000000.0, 'abatement_potential': 10761.89, 'implementation_time': 6, 'type': 'general'}, {'name': ' Substitute OPC with LC3 cement     ', 'cost_per_tonne': -80000000.0, 'abatement_potential': 14349.19, 'implementation_time': 6, 'type': 'general'}, {'name': ' Increasing fly ash to 35% in PPC   ', 'cost_per_tonne': -70000000.0, 'abatement_potential': 35872.97, 'implementation_time': 6, 'type': 'general'}, {'name': ' Renewable energy use in electricity', 'cost_per_tonne': 180000000.0, 'abatement_potential': 28698.37, 'implementation_time': 6, 'type': 'general'}, {'name': ' Increasing TSR to 30% in kiln fuel ', 'cost_per_tonne': 420000000.0, 'abatement_potential': 64571.34, 'implementation_time': 6, 'type': 'general'}, {'name': ' CCS                                ', 'cost_per_tonne': 900000000.0, 'abatement_potential': 215237.8, 'implementation_time': 6, 'type': 'general'}, {'name': ' Decreasing clinker to 85% in OPC   ', 'cost_per_tonne': 1200000000.0, 'abatement_potential': 17936.48, 'implementation_time': 6, 'type': 'general'}, {'name': ' CCU                                ', 'cost_per_tonne': 1860000000.0, 'abatement_potential': 215237.8, 'implementation_time': 6, 'type': 'general'}, {'name': ' Offset                             ', 'cost_per_tonne': 1880000000.0, 'abatement_potential': 43047.56, 'implementation_time': 6, 'type': 'general'}]"
140,CE_F125, CEMENT   ,2044915,0.77,0.76,0.76,0.590824375,30199763556,138.3133319,True,0.1,200, ,30199800000000.0,30199763556,"[{'name': ' Efficient electrical equipment     ', 'cost_per_tonne': -430000000.0, 'abatement_potential': 12135.99, 'implementation_time': 6, 'type': 'general'}, {'name': ' Waste heat recovery                ', 'cost_per_tonne': -420000000.0, 'abatement_potential': 48543.98, 'implementation_time': 6, 'type': 'general'}, {'name': ' Automation system                  ', 'cost_per_tonne': -410000000.0, 'abatement_potential': 24271.99, 'implementation_time': 6, 'type': 'general'}, {'name': ' Efficient grinding system          ', 'cost_per_tonne': -360000000.0, 'abatement_potential': 30339.99, 'implementation_time': 6, 'type': 'general'}, {'name': ' Optimising auxiliary power         ', 'cost_per_tonne': -340000000.0, 'abatement_potential': 6068.0, 'implementation_time': 6, 'type': 'general'}, {'name': ' Increasing slag to 70% in PSC      ', 'cost_per_tonne': -300000000.0, 'abatement_potential': 30339.99, 'implementation_time': 6, 'type': 'general'}, {'name': ' Enhancement in Kiln                ', 'cost_per_tonne': -280000000.0, 'abatement_potential': 18203.99, 'implementation_time': 6, 'type': 'general'}, {'name': ' Heat rate reduction in CPP         ', 'cost_per_tonne': -260000000.0, 'abatement_potential': 12135.99, 'implementation_time': 6, 'type': 'general'}, {'name': ' Improving burnability of material  ', 'cost_per_tonne': -130000000.0, 'abatement_potential': 42475.98, 'implementation_time': 6, 'type': 'general'}, {'name': ' Burner retrofit                    ', 'cost_per_tonne': -120000000.0, 'abatement_potential': 6068.0, 'implementation_time': 6, 'type': 'general'}, {'name': ' High efficiency clinker coolers    ', 'cost_per_tonne': -100000000.0, 'abatement_potential': 18203.99, 'implementation_time': 6, 'type': 'general'}, {'name': ' Substitute OPC with LC3 cement     ', 'cost_per_tonne': -80000000.0, 'abatement_potential': 24271.99, 'implementation_time': 6, 'type': 'general'}, {'name': ' Increasing fly ash to 35% in PPC   ', 'cost_per_tonne': -70000000.0, 'abatement_potential': 60679.97, 'implementation_time': 6, 'type': 'general'}, {'name': ' Renewable energy use in electricity', 'cost_per_tonne': 180000000.0, 'abatement_potential': 48543.98, 'implementation_time': 6, 'type': 'general'}, {'name': ' Increasing TSR to 30% in kiln fuel ', 'cost_per_tonne': 420000000.0, 'abatement_potential': 109223.95, 'implementation_time': 6, 'type': 'general'}, {'name': ' CCS                                ', 'cost_per_tonne': 900000000.0, 'abatement_potential': 364079.82, 'implementation_time': 6, 'type': 'general'}, {'name': ' Decreasing clinker to 85% in OPC   ', 'cost_per_tonne': 1200000000.0, 'abatement_potential': 30339.99, 'implementation_time': 6, 'type': 'general'}, {'name': ' CCU                                ', 'cost_per_tonne': 1860000000.0, 'abatement_potential': 364079.82, 'implementation_time': 6, 'type': 'general'}, {'name': ' Offset                             ', 'cost_per_tonne': 1880000000.0, 'abatement_potential': 72815.96, 'implementation_time': 6, 'type': 'general'}]"
141,CE_F126, CEMENT   ,1237400,0.79,0.78,0.78,0.59153084,30193872570,138.1594228,True,0.1,200, ,30193900000000.0,30193872570,"[{'name': ' Efficient electrical equipment     ', 'cost_per_tonne': -430000000.0, 'abatement_potential': 7343.62, 'implementation_time': 6, 'type': 'general'}, {'name': ' Waste heat recovery                ', 'cost_per_tonne': -420000000.0, 'abatement_potential': 29374.48, 'implementation_time': 6, 'type': 'general'}, {'name': ' Automation system                  ', 'cost_per_tonne': -410000000.0, 'abatement_potential': 14687.24, 'implementation_time': 6, 'type': 'general'}, {'name': ' Efficient grinding system          ', 'cost_per_tonne': -360000000.0, 'abatement_potential': 18359.05, 'implementation_time': 6, 'type': 'general'}, {'name': ' Optimising auxiliary power         ', 'cost_per_tonne': -340000000.0, 'abatement_potential': 3671.81, 'implementation_time': 6, 'type': 'general'}, {'name': ' Increasing slag to 70% in PSC      ', 'cost_per_tonne': -300000000.0, 'abatement_potential': 18359.05, 'implementation_time': 6, 'type': 'general'}, {'name': ' Enhancement in Kiln                ', 'cost_per_tonne': -280000000.0, 'abatement_potential': 11015.43, 'implementation_time': 6, 'type': 'general'}, {'name': ' Heat rate reduction in CPP         ', 'cost_per_tonne': -260000000.0, 'abatement_potential': 7343.62, 'implementation_time': 6, 'type': 'general'}, {'name': ' Improving burnability of material  ', 'cost_per_tonne': -130000000.0, 'abatement_potential': 25702.67, 'implementation_time': 6, 'type': 'general'}, {'name': ' Burner retrofit                    ', 'cost_per_tonne': -120000000.0, 'abatement_potential': 3671.81, 'implementation_time': 6, 'type': 'general'}, {'name': ' High efficiency clinker coolers    ', 'cost_per_tonne': -100000000.0, 'abatement_potential': 11015.43, 'implementation_time': 6, 'type': 'general'}, {'name': ' Substitute OPC with LC3 cement     ', 'cost_per_tonne': -80000000.0, 'abatement_potential': 14687.24, 'implementation_time': 6, 'type': 'general'}, {'name': ' Increasing fly ash to 35% in PPC   ', 'cost_per_tonne': -70000000.0, 'abatement_potential': 36718.1, 'implementation_time': 6, 'type': 'general'}, {'name': ' Renewable energy use in electricity', 'cost_per_tonne': 180000000.0, 'abatement_potential': 29374.48, 'implementation_time': 6, 'type': 'general'}, {'name': ' Increasing TSR to 30% in kiln fuel ', 'cost_per_tonne': 420000000.0, 'abatement_potential': 66092.58, 'implementation_time': 6, 'type': 'general'}, {'name': ' CCS                                ', 'cost_per_tonne': 900000000.0, 'abatement_potential': 220308.61, 'implementation_time': 6, 'type': 'general'}, {'name': ' Decreasing clinker to 85% in OPC   ', 'cost_per_tonne': 1200000000.0, 'abatement_potential': 18359.05, 'implementation_time': 6, 'type': 'general'}, {'name': ' CCU                                ', 'cost_per_tonne': 1860000000.0, 'abatement_potential': 220308.61, 'implementation_time': 6, 'type': 'general'}, {'name': ' Offset                             ', 'cost_per_tonne': 1880000000.0, 'abatement_potential': 44061.72, 'implementation_time': 6, 'type': 'general'}]"
142,CE_F127, CEMENT   ,2565858,0.83,0.81,0.81,0.592237305,30187981584,138.0055136,True,0.1,200, ,30188000000000.0,30187981584,"[{'name': ' Efficient electrical equipment     ', 'cost_per_tonne': -430000000.0, 'abatement_potential': 15227.64, 'implementation_time': 6, 'type': 'general'}, {'name': ' Waste heat recovery                ', 'cost_per_tonne': -420000000.0, 'abatement_potential': 60910.58, 'implementation_time': 6, 'type': 'general'}, {'name': ' Automation system                  ', 'cost_per_tonne': -410000000.0, 'abatement_potential': 30455.29, 'implementation_time': 6, 'type': 'general'}, {'name': ' Efficient grinding system          ', 'cost_per_tonne': -360000000.0, 'abatement_potential': 38069.11, 'implementation_time': 6, 'type': 'general'}, {'name': ' Optimising auxiliary power         ', 'cost_per_tonne': -340000000.0, 'abatement_potential': 7613.82, 'implementation_time': 6, 'type': 'general'}, {'name': ' Increasing slag to 70% in PSC      ', 'cost_per_tonne': -300000000.0, 'abatement_potential': 38069.11, 'implementation_time': 6, 'type': 'general'}, {'name': ' Enhancement in Kiln                ', 'cost_per_tonne': -280000000.0, 'abatement_potential': 22841.47, 'implementation_time': 6, 'type': 'general'}, {'name': ' Heat rate reduction in CPP         ', 'cost_per_tonne': -260000000.0, 'abatement_potential': 15227.64, 'implementation_time': 6, 'type': 'general'}, {'name': ' Improving burnability of material  ', 'cost_per_tonne': -130000000.0, 'abatement_potential': 53296.75, 'implementation_time': 6, 'type': 'general'}, {'name': ' Burner retrofit                    ', 'cost_per_tonne': -120000000.0, 'abatement_potential': 7613.82, 'implementation_time': 6, 'type': 'general'}, {'name': ' High efficiency clinker coolers    ', 'cost_per_tonne': -100000000.0, 'abatement_potential': 22841.47, 'implementation_time': 6, 'type': 'general'}, {'name': ' Substitute OPC with LC3 cement     ', 'cost_per_tonne': -80000000.0, 'abatement_potential': 30455.29, 'implementation_time': 6, 'type': 'general'}, {'name': ' Increasing fly ash to 35% in PPC   ', 'cost_per_tonne': -70000000.0, 'abatement_potential': 76138.22, 'implementation_time': 6, 'type': 'general'}, {'name': ' Renewable energy use in electricity', 'cost_per_tonne': 180000000.0, 'abatement_potential': 60910.58, 'implementation_time': 6, 'type': 'general'}, {'name': ' Increasing TSR to 30% in kiln fuel ', 'cost_per_tonne': 420000000.0, 'abatement_potential': 137048.8, 'implementation_time': 6, 'type': 'general'}, {'name': ' CCS                                ', 'cost_per_tonne': 900000000.0, 'abatement_potential': 456829.32, 'implementation_time': 6, 'type': 'general'}, {'name': ' Decreasing clinker to 85% in OPC   ', 'cost_per_tonne': 1200000000.0, 'abatement_potential': 38069.11, 'implementation_time': 6, 'type': 'general'}, {'name': ' CCU                                ', 'cost_per_tonne': 1860000000.0, 'abatement_potential': 456829.32, 'implementation_time': 6, 'type': 'general'}, {'name': ' Offset                             ', 'cost_per_tonne': 1880000000.0, 'abatement_potential': 91365.86, 'implementation_time': 6, 'type': 'general'}]"
143,CE_F128, CEMENT   ,3017866,0.87,0.84,0.84,0.59294377,30182090598,137.8516044,True,0.1,200, ,30182100000000.0,30182090598,"[{'name': ' Efficient electrical equipment     ', 'cost_per_tonne': -430000000.0, 'abatement_potential': 17910.18, 'implementation_time': 6, 'type': 'general'}, {'name': ' Waste heat recovery                ', 'cost_per_tonne': -420000000.0, 'abatement_potential': 71640.74, 'implementation_time': 6, 'type': 'general'}, {'name': ' Automation system                  ', 'cost_per_tonne': -410000000.0, 'abatement_potential': 35820.37, 'implementation_time': 6, 'type': 'general'}, {'name': ' Efficient grinding system          ', 'cost_per_tonne': -360000000.0, 'abatement_potential': 44775.46, 'implementation_time': 6, 'type': 'general'}, {'name': ' Optimising auxiliary power         ', 'cost_per_tonne': -340000000.0, 'abatement_potential': 8955.09, 'implementation_time': 6, 'type': 'general'}, {'name': ' Increasing slag to 70% in PSC      ', 'cost_per_tonne': -300000000.0, 'abatement_potential': 44775.46, 'implementation_time': 6, 'type': 'general'}, {'name': ' Enhancement in Kiln                ', 'cost_per_tonne': -280000000.0, 'abatement_potential': 26865.28, 'implementation_time': 6, 'type': 'general'}, {'name': ' Heat rate reduction in CPP         ', 'cost_per_tonne': -260000000.0, 'abatement_potential': 17910.18, 'implementation_time': 6, 'type': 'general'}, {'name': ' Improving burnability of material  ', 'cost_per_tonne': -130000000.0, 'abatement_potential': 62685.64, 'implementation_time': 6, 'type': 'general'}, {'name': ' Burner retrofit                    ', 'cost_per_tonne': -120000000.0, 'abatement_potential': 8955.09, 'implementation_time': 6, 'type': 'general'}, {'name': ' High efficiency clinker coolers    ', 'cost_per_tonne': -100000000.0, 'abatement_potential': 26865.28, 'implementation_time': 6, 'type': 'general'}, {'name': ' Substitute OPC with LC3 cement     ', 'cost_per_tonne': -80000000.0, 'abatement_potential': 35820.37, 'implementation_time': 6, 'type': 'general'}, {'name': ' Increasing fly ash to 35% in PPC   ', 'cost_per_tonne': -70000000.0, 'abatement_potential': 89550.92, 'implementation_time': 6, 'type': 'general'}, {'name': ' Renewable energy use in electricity', 'cost_per_tonne': 180000000.0, 'abatement_potential': 71640.74, 'implementation_time': 6, 'type': 'general'}, {'name': ' Increasing TSR to 30% in kiln fuel ', 'cost_per_tonne': 420000000.0, 'abatement_potential': 161191.66, 'implementation_time': 6, 'type': 'general'}, {'name': ' CCS                                ', 'cost_per_tonne': 900000000.0, 'abatement_potential': 537305.52, 'implementation_time': 6, 'type': 'general'}, {'name': ' Decreasing clinker to 85% in OPC   ', 'cost_per_tonne': 1200000000.0, 'abatement_potential': 44775.46, 'implementation_time': 6, 'type': 'general'}, {'name': ' CCU                                ', 'cost_per_tonne': 1860000000.0, 'abatement_potential': 537305.52, 'implementation_time': 6, 'type': 'general'}, {'name': ' Offset                             ', 'cost_per_tonne': 1880000000.0, 'abatement_potential': 107461.1, 'implementation_time': 6, 'type': 'general'}]"
144,CE_F129, CEMENT   ,650932,0.87,0.85,0.85,0.593650236,30176199612,137.6976953,True,0.1,200, ,30176200000000.0,30176199612,"[{'name': ' Efficient electrical equipment     ', 'cost_per_tonne': -430000000.0, 'abatement_potential': 3863.1, 'implementation_time': 6, 'type': 'general'}, {'name': ' Waste heat recovery                ', 'cost_per_tonne': -420000000.0, 'abatement_potential': 15452.39, 'implementation_time': 6, 'type': 'general'}, {'name': ' Automation system                  ', 'cost_per_tonne': -410000000.0, 'abatement_potential': 7726.2, 'implementation_time': 6, 'type': 'general'}, {'name': ' Efficient grinding system          ', 'cost_per_tonne': -360000000.0, 'abatement_potential': 9657.74, 'implementation_time': 6, 'type': 'general'}, {'name': ' Optimising auxiliary power         ', 'cost_per_tonne': -340000000.0, 'abatement_potential': 1931.55, 'implementation_time': 6, 'type': 'general'}, {'name': ' Increasing slag to 70% in PSC      ', 'cost_per_tonne': -300000000.0, 'abatement_potential': 9657.74, 'implementation_time': 6, 'type': 'general'}, {'name': ' Enhancement in Kiln                ', 'cost_per_tonne': -280000000.0, 'abatement_potential': 5794.65, 'implementation_time': 6, 'type': 'general'}, {'name': ' Heat rate reduction in CPP         ', 'cost_per_tonne': -260000000.0, 'abatement_potential': 3863.1, 'implementation_time': 6, 'type': 'general'}, {'name': ' Improving burnability of material  ', 'cost_per_tonne': -130000000.0, 'abatement_potential': 13520.84, 'implementation_time': 6, 'type': 'general'}, {'name': ' Burner retrofit                    ', 'cost_per_tonne': -120000000.0, 'abatement_potential': 1931.55, 'implementation_time': 6, 'type': 'general'}, {'name': ' High efficiency clinker coolers    ', 'cost_per_tonne': -100000000.0, 'abatement_potential': 5794.65, 'implementation_time': 6, 'type': 'general'}, {'name': ' Substitute OPC with LC3 cement     ', 'cost_per_tonne': -80000000.0, 'abatement_potential': 7726.2, 'implementation_time': 6, 'type': 'general'}, {'name': ' Increasing fly ash to 35% in PPC   ', 'cost_per_tonne': -70000000.0, 'abatement_potential': 19315.49, 'implementation_time': 6, 'type': 'general'}, {'name': ' Renewable energy use in electricity', 'cost_per_tonne': 180000000.0, 'abatement_potential': 15452.39, 'implementation_time': 6, 'type': 'general'}, {'name': ' Increasing TSR to 30% in kiln fuel ', 'cost_per_tonne': 420000000.0, 'abatement_potential': 34767.88, 'implementation_time': 6, 'type': 'general'}, {'name': ' CCS                                ', 'cost_per_tonne': 900000000.0, 'abatement_potential': 115892.94, 'implementation_time': 6, 'type': 'general'}, {'name': ' Decreasing clinker to 85% in OPC   ', 'cost_per_tonne': 1200000000.0, 'abatement_potential': 9657.74, 'implementation_time': 6, 'type': 'general'}, {'name': ' CCU                                ', 'cost_per_tonne': 1860000000.0, 'abatement_potential': 115892.94, 'implementation_time': 6, 'type': 'general'}, {'name': ' Offset                             ', 'cost_per_tonne': 1880000000.0, 'abatement_potential': 23178.59, 'implementation_time': 6, 'type': 'general'}]"
145,CE_F130, CEMENT   ,638765,0.98,0.94,0.94,0.594356701,30170308627,137.5437861,True,0.1,200, ,30170300000000.0,30170308627,"[{'name': ' Efficient electrical equipment     ', 'cost_per_tonne': -430000000.0, 'abatement_potential': 3790.89, 'implementation_time': 6, 'type': 'general'}, {'name': ' Waste heat recovery                ', 'cost_per_tonne': -420000000.0, 'abatement_potential': 15163.56, 'implementation_time': 6, 'type': 'general'}, {'name': ' Automation system                  ', 'cost_per_tonne': -410000000.0, 'abatement_potential': 7581.78, 'implementation_time': 6, 'type': 'general'}, {'name': ' Efficient grinding system          ', 'cost_per_tonne': -360000000.0, 'abatement_potential': 9477.23, 'implementation_time': 6, 'type': 'general'}, {'name': ' Optimising auxiliary power         ', 'cost_per_tonne': -340000000.0, 'abatement_potential': 1895.45, 'implementation_time': 6, 'type': 'general'}, {'name': ' Increasing slag to 70% in PSC      ', 'cost_per_tonne': -300000000.0, 'abatement_potential': 9477.23, 'implementation_time': 6, 'type': 'general'}, {'name': ' Enhancement in Kiln                ', 'cost_per_tonne': -280000000.0, 'abatement_potential': 5686.34, 'implementation_time': 6, 'type': 'general'}, {'name': ' Heat rate reduction in CPP         ', 'cost_per_tonne': -260000000.0, 'abatement_potential': 3790.89, 'implementation_time': 6, 'type': 'general'}, {'name': ' Improving burnability of material  ', 'cost_per_tonne': -130000000.0, 'abatement_potential': 13268.12, 'implementation_time': 6, 'type': 'general'}, {'name': ' Burner retrofit                    ', 'cost_per_tonne': -120000000.0, 'abatement_potential': 1895.45, 'implementation_time': 6, 'type': 'general'}, {'name': ' High efficiency clinker coolers    ', 'cost_per_tonne': -100000000.0, 'abatement_potential': 5686.34, 'implementation_time': 6, 'type': 'general'}, {'name': ' Substitute OPC with LC3 cement     ', 'cost_per_tonne': -80000000.0, 'abatement_potential': 7581.78, 'implementation_time': 6, 'type': 'general'}, {'name': ' Increasing fly ash to 35% in PPC   ', 'cost_per_tonne': -70000000.0, 'abatement_potential': 18954.45, 'implementation_time': 6, 'type': 'general'}, {'name': ' Renewable energy use in electricity', 'cost_per_tonne': 180000000.0, 'abatement_potential': 15163.56, 'implementation_time': 6, 'type': 'general'}, {'name': ' Increasing TSR to 30% in kiln fuel ', 'cost_per_tonne': 420000000.0, 'abatement_potential': 34118.01, 'implementation_time': 6, 'type': 'general'}, {'name': ' CCS                                ', 'cost_per_tonne': 900000000.0, 'abatement_potential': 113726.71, 'implementation_time': 6, 'type': 'general'}, {'name': ' Decreasing clinker to 85% in OPC   ', 'cost_per_tonne': 1200000000.0, 'abatement_potential': 9477.23, 'implementation_time': 6, 'type': 'general'}, {'name': ' CCU                                ', 'cost_per_tonne': 1860000000.0, 'abatement_potential': 113726.71, 'implementation_time': 6, 'type': 'general'}, {'name': ' Offset                             ', 'cost_per_tonne': 1880000000.0, 'abatement_potential': 22745.34, 'implementation_time': 6, 'type': 'general'}]"
146,CE_F131, CEMENT   ,1557427,0.001,0.001,0.001,0.595063166,30164417641,137.3898769,True,0.1,200, ,30164400000000.0,30164417641,"[{'name': ' Efficient electrical equipment     ', 'cost_per_tonne': -430000000.0, 'abatement_potential': 9242.89, 'implementation_time': 6, 'type': 'general'}, {'name': ' Waste heat recovery                ', 'cost_per_tonne': -420000000.0, 'abatement_potential': 36971.56, 'implementation_time': 6, 'type': 'general'}, {'name': ' Automation system                  ', 'cost_per_tonne': -410000000.0, 'abatement_potential': 18485.78, 'implementation_time': 6, 'type': 'general'}, {'name': ' Efficient grinding system          ', 'cost_per_tonne': -360000000.0, 'abatement_potential': 23107.23, 'implementation_time': 6, 'type': 'general'}, {'name': ' Optimising auxiliary power         ', 'cost_per_tonne': -340000000.0, 'abatement_potential': 4621.45, 'implementation_time': 6, 'type': 'general'}, {'name': ' Increasing slag to 70% in PSC      ', 'cost_per_tonne': -300000000.0, 'abatement_potential': 23107.23, 'implementation_time': 6, 'type': 'general'}, {'name': ' Enhancement in Kiln                ', 'cost_per_tonne': -280000000.0, 'abatement_potential': 13864.34, 'implementation_time': 6, 'type': 'general'}, {'name': ' Heat rate reduction in CPP         ', 'cost_per_tonne': -260000000.0, 'abatement_potential': 9242.89, 'implementation_time': 6, 'type': 'general'}, {'name': ' Improving burnability of material  ', 'cost_per_tonne': -130000000.0, 'abatement_potential': 32350.12, 'implementation_time': 6, 'type': 'general'}, {'name': ' Burner retrofit                    ', 'cost_per_tonne': -120000000.0, 'abatement_potential': 4621.45, 'implementation_time': 6, 'type': 'general'}, {'name': ' High efficiency clinker coolers    ', 'cost_per_tonne': -100000000.0, 'abatement_potential': 13864.34, 'implementation_time': 6, 'type': 'general'}, {'name': ' Substitute OPC with LC3 cement     ', 'cost_per_tonne': -80000000.0, 'abatement_potential': 18485.78, 'implementation_time': 6, 'type': 'general'}, {'name': ' Increasing fly ash to 35% in PPC   ', 'cost_per_tonne': -70000000.0, 'abatement_potential': 46214.45, 'implementation_time': 6, 'type': 'general'}, {'name': ' Renewable energy use in electricity', 'cost_per_tonne': 180000000.0, 'abatement_potential': 36971.56, 'implementation_time': 6, 'type': 'general'}, {'name': ' Increasing TSR to 30% in kiln fuel ', 'cost_per_tonne': 420000000.0, 'abatement_potential': 83186.01, 'implementation_time': 6, 'type': 'general'}, {'name': ' CCS                                ', 'cost_per_tonne': 900000000.0, 'abatement_potential': 277286.71, 'implementation_time': 6, 'type': 'general'}, {'name': ' Decreasing clinker to 85% in OPC   ', 'cost_per_tonne': 1200000000.0, 'abatement_potential': 23107.23, 'implementation_time': 6, 'type': 'general'}, {'name': ' CCU                                ', 'cost_per_tonne': 1860000000.0, 'abatement_potential': 277286.71, 'implementation_time': 6, 'type': 'general'}, {'name': ' Offset                             ', 'cost_per_tonne': 1880000000.0, 'abatement_potential': 55457.34, 'implementation_time': 6, 'type': 'general'}]"
147,CE_F132, CEMENT   ,1437916,0.01,0.01,0.01,0.595769631,30158526655,137.2359678,True,0.1,200, ,30158500000000.0,30158526655,"[{'name': ' Efficient electrical equipment     ', 'cost_per_tonne': -430000000.0, 'abatement_potential': 8533.63, 'implementation_time': 6, 'type': 'general'}, {'name': ' Waste heat recovery                ', 'cost_per_tonne': -420000000.0, 'abatement_potential': 34134.5, 'implementation_time': 6, 'type': 'general'}, {'name': ' Automation system                  ', 'cost_per_tonne': -410000000.0, 'abatement_potential': 17067.25, 'implementation_time': 6, 'type': 'general'}, {'name': ' Efficient grinding system          ', 'cost_per_tonne': -360000000.0, 'abatement_potential': 21334.07, 'implementation_time': 6, 'type': 'general'}, {'name': ' Optimising auxiliary power         ', 'cost_per_tonne': -340000000.0, 'abatement_potential': 4266.81, 'implementation_time': 6, 'type': 'general'}, {'name': ' Increasing slag to 70% in PSC      ', 'cost_per_tonne': -300000000.0, 'abatement_potential': 21334.07, 'implementation_time': 6, 'type': 'general'}, {'name': ' Enhancement in Kiln                ', 'cost_per_tonne': -280000000.0, 'abatement_potential': 12800.44, 'implementation_time': 6, 'type': 'general'}, {'name': ' Heat rate reduction in CPP         ', 'cost_per_tonne': -260000000.0, 'abatement_potential': 8533.63, 'implementation_time': 6, 'type': 'general'}, {'name': ' Improving burnability of material  ', 'cost_per_tonne': -130000000.0, 'abatement_potential': 29867.69, 'implementation_time': 6, 'type': 'general'}, {'name': ' Burner retrofit                    ', 'cost_per_tonne': -120000000.0, 'abatement_potential': 4266.81, 'implementation_time': 6, 'type': 'general'}, {'name': ' High efficiency clinker coolers    ', 'cost_per_tonne': -100000000.0, 'abatement_potential': 12800.44, 'implementation_time': 6, 'type': 'general'}, {'name': ' Substitute OPC with LC3 cement     ', 'cost_per_tonne': -80000000.0, 'abatement_potential': 17067.25, 'implementation_time': 6, 'type': 'general'}, {'name': ' Increasing fly ash to 35% in PPC   ', 'cost_per_tonne': -70000000.0, 'abatement_potential': 42668.13, 'implementation_time': 6, 'type': 'general'}, {'name': ' Renewable energy use in electricity', 'cost_per_tonne': 180000000.0, 'abatement_potential': 34134.5, 'implementation_time': 6, 'type': 'general'}, {'name': ' Increasing TSR to 30% in kiln fuel ', 'cost_per_tonne': 420000000.0, 'abatement_potential': 76802.64, 'implementation_time': 6, 'type': 'general'}, {'name': ' CCS                                ', 'cost_per_tonne': 900000000.0, 'abatement_potential': 256008.78, 'implementation_time': 6, 'type': 'general'}, {'name': ' Decreasing clinker to 85% in OPC   ', 'cost_per_tonne': 1200000000.0, 'abatement_potential': 21334.07, 'implementation_time': 6, 'type': 'general'}, {'name': ' CCU                                ', 'cost_per_tonne': 1860000000.0, 'abatement_potential': 256008.78, 'implementation_time': 6, 'type': 'general'}, {'name': ' Offset                             ', 'cost_per_tonne': 1880000000.0, 'abatement_potential': 51201.76, 'implementation_time': 6, 'type': 'general'}]"
148,CE_F133, CEMENT   ,1230254,0.01,0.01,0.01,0.596476097,30152635669,137.0820586,True,0.1,200, ,30152600000000.0,30152635669,"[{'name': ' Efficient electrical equipment     ', 'cost_per_tonne': -430000000.0, 'abatement_potential': 7301.21, 'implementation_time': 6, 'type': 'general'}, {'name': ' Waste heat recovery                ', 'cost_per_tonne': -420000000.0, 'abatement_potential': 29204.84, 'implementation_time': 6, 'type': 'general'}, {'name': ' Automation system                  ', 'cost_per_tonne': -410000000.0, 'abatement_potential': 14602.42, 'implementation_time': 6, 'type': 'general'}, {'name': ' Efficient grinding system          ', 'cost_per_tonne': -360000000.0, 'abatement_potential': 18253.03, 'implementation_time': 6, 'type': 'general'}, {'name': ' Optimising auxiliary power         ', 'cost_per_tonne': -340000000.0, 'abatement_potential': 3650.61, 'implementation_time': 6, 'type': 'general'}, {'name': ' Increasing slag to 70% in PSC      ', 'cost_per_tonne': -300000000.0, 'abatement_potential': 18253.03, 'implementation_time': 6, 'type': 'general'}, {'name': ' Enhancement in Kiln                ', 'cost_per_tonne': -280000000.0, 'abatement_potential': 10951.82, 'implementation_time': 6, 'type': 'general'}, {'name': ' Heat rate reduction in CPP         ', 'cost_per_tonne': -260000000.0, 'abatement_potential': 7301.21, 'implementation_time': 6, 'type': 'general'}, {'name': ' Improving burnability of material  ', 'cost_per_tonne': -130000000.0, 'abatement_potential': 25554.24, 'implementation_time': 6, 'type': 'general'}, {'name': ' Burner retrofit                    ', 'cost_per_tonne': -120000000.0, 'abatement_potential': 3650.61, 'implementation_time': 6, 'type': 'general'}, {'name': ' High efficiency clinker coolers    ', 'cost_per_tonne': -100000000.0, 'abatement_potential': 10951.82, 'implementation_time': 6, 'type': 'general'}, {'name': ' Substitute OPC with LC3 cement     ', 'cost_per_tonne': -80000000.0, 'abatement_potential': 14602.42, 'implementation_time': 6, 'type': 'general'}, {'name': ' Increasing fly ash to 35% in PPC   ', 'cost_per_tonne': -70000000.0, 'abatement_potential': 36506.05, 'implementation_time': 6, 'type': 'general'}, {'name': ' Renewable energy use in electricity', 'cost_per_tonne': 180000000.0, 'abatement_potential': 29204.84, 'implementation_time': 6, 'type': 'general'}, {'name': ' Increasing TSR to 30% in kiln fuel ', 'cost_per_tonne': 420000000.0, 'abatement_potential': 65710.9, 'implementation_time': 6, 'type': 'general'}, {'name': ' CCS                                ', 'cost_per_tonne': 900000000.0, 'abatement_potential': 219036.32, 'implementation_time': 6, 'type': 'general'}, {'name': ' Decreasing clinker to 85% in OPC   ', 'cost_per_tonne': 1200000000.0, 'abatement_potential': 18253.03, 'implementation_time': 6, 'type': 'general'}, {'name': ' CCU                                ', 'cost_per_tonne': 1860000000.0, 'abatement_potential': 219036.32, 'implementation_time': 6, 'type': 'general'}, {'name': ' Offset                             ', 'cost_per_tonne': 1880000000.0, 'abatement_potential': 43807.26, 'implementation_time': 6, 'type': 'general'}]"
149,CE_F134, CEMENT   ,1401135,0.01,0.01,0.01,0.597182562,30146744683,136.9281494,True,0.1,200, ,30146700000000.0,30146744683,"[{'name': ' Efficient electrical equipment     ', 'cost_per_tonne': -430000000.0, 'abatement_potential': 8315.34, 'implementation_time': 6, 'type': 'general'}, {'name': ' Waste heat recovery                ', 'cost_per_tonne': -420000000.0, 'abatement_potential': 33261.36, 'implementation_time': 6, 'type': 'general'}, {'name': ' Automation system                  ', 'cost_per_tonne': -410000000.0, 'abatement_potential': 16630.68, 'implementation_time': 6, 'type': 'general'}, {'name': ' Efficient grinding system          ', 'cost_per_tonne': -360000000.0, 'abatement_potential': 20788.35, 'implementation_time': 6, 'type': 'general'}, {'name': ' Optimising auxiliary power         ', 'cost_per_tonne': -340000000.0, 'abatement_potential': 4157.67, 'implementation_time': 6, 'type': 'general'}, {'name': ' Increasing slag to 70% in PSC      ', 'cost_per_tonne': -300000000.0, 'abatement_potential': 20788.35, 'implementation_time': 6, 'type': 'general'}, {'name': ' Enhancement in Kiln                ', 'cost_per_tonne': -280000000.0, 'abatement_potential': 12473.01, 'implementation_time': 6, 'type': 'general'}, {'name': ' Heat rate reduction in CPP         ', 'cost_per_tonne': -260000000.0, 'abatement_potential': 8315.34, 'implementation_time': 6, 'type': 'general'}, {'name': ' Improving burnability of material  ', 'cost_per_tonne': -130000000.0, 'abatement_potential': 29103.69, 'implementation_time': 6, 'type': 'general'}, {'name': ' Burner retrofit                    ', 'cost_per_tonne': -120000000.0, 'abatement_potential': 4157.67, 'implementation_time': 6, 'type': 'general'}, {'name': ' High efficiency clinker coolers    ', 'cost_per_tonne': -100000000.0, 'abatement_potential': 12473.01, 'implementation_time': 6, 'type': 'general'}, {'name': ' Substitute OPC with LC3 cement     ', 'cost_per_tonne': -80000000.0, 'abatement_potential': 16630.68, 'implementation_time': 6, 'type': 'general'}, {'name': ' Increasing fly ash to 35% in PPC   ', 'cost_per_tonne': -70000000.0, 'abatement_potential': 41576.71, 'implementation_time': 6, 'type': 'general'}, {'name': ' Renewable energy use in electricity', 'cost_per_tonne': 180000000.0, 'abatement_potential': 33261.36, 'implementation_time': 6, 'type': 'general'}, {'name': ' Increasing TSR to 30% in kiln fuel ', 'cost_per_tonne': 420000000.0, 'abatement_potential': 74838.07, 'implementation_time': 6, 'type': 'general'}, {'name': ' CCS                                ', 'cost_per_tonne': 900000000.0, 'abatement_potential': 249460.24, 'implementation_time': 6, 'type': 'general'}, {'name': ' Decreasing clinker to 85% in OPC   ', 'cost_per_tonne': 1200000000.0, 'abatement_potential': 20788.35, 'implementation_time': 6, 'type': 'general'}, {'name': ' CCU                                ', 'cost_per_tonne': 1860000000.0, 'abatement_potential': 249460.24, 'implementation_time': 6, 'type': 'general'}, {'name': ' Offset                             ', 'cost_per_tonne': 1880000000.0, 'abatement_potential': 49892.05, 'implementation_time': 6, 'type': 'general'}]"
150,CE_F135, CEMENT   ,2787464,0.01,0.01,0.01,0.597889027,30140853697,136.7742403,True,0.1,200, ,30140900000000.0,30140853697,"[{'name': ' Efficient electrical equipment     ', 'cost_per_tonne': -430000000.0, 'abatement_potential': 16542.81, 'implementation_time': 6, 'type': 'general'}, {'name': ' Waste heat recovery                ', 'cost_per_tonne': -420000000.0, 'abatement_potential': 66171.25, 'implementation_time': 6, 'type': 'general'}, {'name': ' Automation system                  ', 'cost_per_tonne': -410000000.0, 'abatement_potential': 33085.63, 'implementation_time': 6, 'type': 'general'}, {'name': ' Efficient grinding system          ', 'cost_per_tonne': -360000000.0, 'abatement_potential': 41357.03, 'implementation_time': 6, 'type': 'general'}, {'name': ' Optimising auxiliary power         ', 'cost_per_tonne': -340000000.0, 'abatement_potential': 8271.41, 'implementation_time': 6, 'type': 'general'}, {'name': ' Increasing slag to 70% in PSC      ', 'cost_per_tonne': -300000000.0, 'abatement_potential': 41357.03, 'implementation_time': 6, 'type': 'general'}, {'name': ' Enhancement in Kiln                ', 'cost_per_tonne': -280000000.0, 'abatement_potential': 24814.22, 'implementation_time': 6, 'type': 'general'}, {'name': ' Heat rate reduction in CPP         ', 'cost_per_tonne': -260000000.0, 'abatement_potential': 16542.81, 'implementation_time': 6, 'type': 'general'}, {'name': ' Improving burnability of material  ', 'cost_per_tonne': -130000000.0, 'abatement_potential': 57899.85, 'implementation_time': 6, 'type': 'general'}, {'name': ' Burner retrofit                    ', 'cost_per_tonne': -120000000.0, 'abatement_potential': 8271.41, 'implementation_time': 6, 'type': 'general'}, {'name': ' High efficiency clinker coolers    ', 'cost_per_tonne': -100000000.0, 'abatement_potential': 24814.22, 'implementation_time': 6, 'type': 'general'}, {'name': ' Substitute OPC with LC3 cement     ', 'cost_per_tonne': -80000000.0, 'abatement_potential': 33085.63, 'implementation_time': 6, 'type': 'general'}, {'name': ' Increasing fly ash to 35% in PPC   ', 'cost_per_tonne': -70000000.0, 'abatement_potential': 82714.07, 'implementation_time': 6, 'type': 'general'}, {'name': ' Renewable energy use in electricity', 'cost_per_tonne': 180000000.0, 'abatement_potential': 66171.25, 'implementation_time': 6, 'type': 'general'}, {'name': ' Increasing TSR to 30% in kiln fuel ', 'cost_per_tonne': 420000000.0, 'abatement_potential': 148885.32, 'implementation_time': 6, 'type': 'general'}, {'name': ' CCS                                ', 'cost_per_tonne': 900000000.0, 'abatement_potential': 496284.39, 'implementation_time': 6, 'type': 'general'}, {'name': ' Decreasing clinker to 85% in OPC   ', 'cost_per_tonne': 1200000000.0, 'abatement_potential': 41357.03, 'implementation_time': 6, 'type': 'general'}, {'name': ' CCU                                ', 'cost_per_tonne': 1860000000.0, 'abatement_potential': 496284.39, 'implementation_time': 6, 'type': 'general'}, {'name': ' Offset                             ', 'cost_per_tonne': 1880000000.0, 'abatement_potential': 99256.88, 'implementation_time': 6, 'type': 'general'}]"
151,CE_F136, CEMENT   ,1929850,0.01,0.01,0.01,0.598595492,30134962711,136.6203311,True,0.1,200, ,30135000000000.0,30134962711,"[{'name': ' Efficient electrical equipment     ', 'cost_per_tonne': -430000000.0, 'abatement_potential': 11453.12, 'implementation_time': 6, 'type': 'general'}, {'name': ' Waste heat recovery                ', 'cost_per_tonne': -420000000.0, 'abatement_potential': 45812.46, 'implementation_time': 6, 'type': 'general'}, {'name': ' Automation system                  ', 'cost_per_tonne': -410000000.0, 'abatement_potential': 22906.23, 'implementation_time': 6, 'type': 'general'}, {'name': ' Efficient grinding system          ', 'cost_per_tonne': -360000000.0, 'abatement_potential': 28632.79, 'implementation_time': 6, 'type': 'general'}, {'name': ' Optimising auxiliary power         ', 'cost_per_tonne': -340000000.0, 'abatement_potential': 5726.56, 'implementation_time': 6, 'type': 'general'}, {'name': ' Increasing slag to 70% in PSC      ', 'cost_per_tonne': -300000000.0, 'abatement_potential': 28632.79, 'implementation_time': 6, 'type': 'general'}, {'name': ' Enhancement in Kiln                ', 'cost_per_tonne': -280000000.0, 'abatement_potential': 17179.67, 'implementation_time': 6, 'type': 'general'}, {'name': ' Heat rate reduction in CPP         ', 'cost_per_tonne': -260000000.0, 'abatement_potential': 11453.12, 'implementation_time': 6, 'type': 'general'}, {'name': ' Improving burnability of material  ', 'cost_per_tonne': -130000000.0, 'abatement_potential': 40085.91, 'implementation_time': 6, 'type': 'general'}, {'name': ' Burner retrofit                    ', 'cost_per_tonne': -120000000.0, 'abatement_potential': 5726.56, 'implementation_time': 6, 'type': 'general'}, {'name': ' High efficiency clinker coolers    ', 'cost_per_tonne': -100000000.0, 'abatement_potential': 17179.67, 'implementation_time': 6, 'type': 'general'}, {'name': ' Substitute OPC with LC3 cement     ', 'cost_per_tonne': -80000000.0, 'abatement_potential': 22906.23, 'implementation_time': 6, 'type': 'general'}, {'name': ' Increasing fly ash to 35% in PPC   ', 'cost_per_tonne': -70000000.0, 'abatement_potential': 57265.58, 'implementation_time': 6, 'type': 'general'}, {'name': ' Renewable energy use in electricity', 'cost_per_tonne': 180000000.0, 'abatement_potential': 45812.46, 'implementation_time': 6, 'type': 'general'}, {'name': ' Increasing TSR to 30% in kiln fuel ', 'cost_per_tonne': 420000000.0, 'abatement_potential': 103078.04, 'implementation_time': 6, 'type': 'general'}, {'name': ' CCS                                ', 'cost_per_tonne': 900000000.0, 'abatement_potential': 343593.47, 'implementation_time': 6, 'type': 'general'}, {'name': ' Decreasing clinker to 85% in OPC   ', 'cost_per_tonne': 1200000000.0, 'abatement_potential': 28632.79, 'implementation_time': 6, 'type': 'general'}, {'name': ' CCU                                ', 'cost_per_tonne': 1860000000.0, 'abatement_potential': 343593.47, 'implementation_time': 6, 'type': 'general'}, {'name': ' Offset                             ', 'cost_per_tonne': 1880000000.0, 'abatement_potential': 68718.69, 'implementation_time': 6, 'type': 'general'}]"
152,CE_F137, CEMENT   ,2934833,0.02,0.02,0.02,0.599301958,30129071725,136.4664219,True,0.1,200, ,30129100000000.0,30129071725,"[{'name': ' Efficient electrical equipment     ', 'cost_per_tonne': -430000000.0, 'abatement_potential': 17417.41, 'implementation_time': 6, 'type': 'general'}, {'name': ' Waste heat recovery                ', 'cost_per_tonne': -420000000.0, 'abatement_potential': 69669.63, 'implementation_time': 6, 'type': 'general'}, {'name': ' Automation system                  ', 'cost_per_tonne': -410000000.0, 'abatement_potential': 34834.81, 'implementation_time': 6, 'type': 'general'}, {'name': ' Efficient grinding system          ', 'cost_per_tonne': -360000000.0, 'abatement_potential': 43543.52, 'implementation_time': 6, 'type': 'general'}, {'name': ' Optimising auxiliary power         ', 'cost_per_tonne': -340000000.0, 'abatement_potential': 8708.7, 'implementation_time': 6, 'type': 'general'}, {'name': ' Increasing slag to 70% in PSC      ', 'cost_per_tonne': -300000000.0, 'abatement_potential': 43543.52, 'implementation_time': 6, 'type': 'general'}, {'name': ' Enhancement in Kiln                ', 'cost_per_tonne': -280000000.0, 'abatement_potential': 26126.11, 'implementation_time': 6, 'type': 'general'}, {'name': ' Heat rate reduction in CPP         ', 'cost_per_tonne': -260000000.0, 'abatement_potential': 17417.41, 'implementation_time': 6, 'type': 'general'}, {'name': ' Improving burnability of material  ', 'cost_per_tonne': -130000000.0, 'abatement_potential': 60960.92, 'implementation_time': 6, 'type': 'general'}, {'name': ' Burner retrofit                    ', 'cost_per_tonne': -120000000.0, 'abatement_potential': 8708.7, 'implementation_time': 6, 'type': 'general'}, {'name': ' High efficiency clinker coolers    ', 'cost_per_tonne': -100000000.0, 'abatement_potential': 26126.11, 'implementation_time': 6, 'type': 'general'}, {'name': ' Substitute OPC with LC3 cement     ', 'cost_per_tonne': -80000000.0, 'abatement_potential': 34834.81, 'implementation_time': 6, 'type': 'general'}, {'name': ' Increasing fly ash to 35% in PPC   ', 'cost_per_tonne': -70000000.0, 'abatement_potential': 87087.03, 'implementation_time': 6, 'type': 'general'}, {'name': ' Renewable energy use in electricity', 'cost_per_tonne': 180000000.0, 'abatement_potential': 69669.63, 'implementation_time': 6, 'type': 'general'}, {'name': ' Increasing TSR to 30% in kiln fuel ', 'cost_per_tonne': 420000000.0, 'abatement_potential': 156756.66, 'implementation_time': 6, 'type': 'general'}, {'name': ' CCS                                ', 'cost_per_tonne': 900000000.0, 'abatement_potential': 522522.2, 'implementation_time': 6, 'type': 'general'}, {'name': ' Decreasing clinker to 85% in OPC   ', 'cost_per_tonne': 1200000000.0, 'abatement_potential': 43543.52, 'implementation_time': 6, 'type': 'general'}, {'name': ' CCU                                ', 'cost_per_tonne': 1860000000.0, 'abatement_potential': 522522.2, 'implementation_time': 6, 'type': 'general'}, {'name': ' Offset                             ', 'cost_per_tonne': 1880000000.0, 'abatement_potential': 104504.44, 'implementation_time': 6, 'type': 'general'}]"
153,CE_F138, CEMENT   ,2187031,0.02,0.02,0.02,0.600008423,30123180739,136.3125128,True,0.1,200, ,30123200000000.0,30123180739,"[{'name': ' Efficient electrical equipment     ', 'cost_per_tonne': -430000000.0, 'abatement_potential': 12979.41, 'implementation_time': 6, 'type': 'general'}, {'name': ' Waste heat recovery                ', 'cost_per_tonne': -420000000.0, 'abatement_potential': 51917.65, 'implementation_time': 6, 'type': 'general'}, {'name': ' Automation system                  ', 'cost_per_tonne': -410000000.0, 'abatement_potential': 25958.82, 'implementation_time': 6, 'type': 'general'}, {'name': ' Efficient grinding system          ', 'cost_per_tonne': -360000000.0, 'abatement_potential': 32448.53, 'implementation_time': 6, 'type': 'general'}, {'name': ' Optimising auxiliary power         ', 'cost_per_tonne': -340000000.0, 'abatement_potential': 6489.71, 'implementation_time': 6, 'type': 'general'}, {'name': ' Increasing slag to 70% in PSC      ', 'cost_per_tonne': -300000000.0, 'abatement_potential': 32448.53, 'implementation_time': 6, 'type': 'general'}, {'name': ' Enhancement in Kiln                ', 'cost_per_tonne': -280000000.0, 'abatement_potential': 19469.12, 'implementation_time': 6, 'type': 'general'}, {'name': ' Heat rate reduction in CPP         ', 'cost_per_tonne': -260000000.0, 'abatement_potential': 12979.41, 'implementation_time': 6, 'type': 'general'}, {'name': ' Improving burnability of material  ', 'cost_per_tonne': -130000000.0, 'abatement_potential': 45427.94, 'implementation_time': 6, 'type': 'general'}, {'name': ' Burner retrofit                    ', 'cost_per_tonne': -120000000.0, 'abatement_potential': 6489.71, 'implementation_time': 6, 'type': 'general'}, {'name': ' High efficiency clinker coolers    ', 'cost_per_tonne': -100000000.0, 'abatement_potential': 19469.12, 'implementation_time': 6, 'type': 'general'}, {'name': ' Substitute OPC with LC3 cement     ', 'cost_per_tonne': -80000000.0, 'abatement_potential': 25958.82, 'implementation_time': 6, 'type': 'general'}, {'name': ' Increasing fly ash to 35% in PPC   ', 'cost_per_tonne': -70000000.0, 'abatement_potential': 64897.06, 'implementation_time': 6, 'type': 'general'}, {'name': ' Renewable energy use in electricity', 'cost_per_tonne': 180000000.0, 'abatement_potential': 51917.65, 'implementation_time': 6, 'type': 'general'}, {'name': ' Increasing TSR to 30% in kiln fuel ', 'cost_per_tonne': 420000000.0, 'abatement_potential': 116814.71, 'implementation_time': 6, 'type': 'general'}, {'name': ' CCS                                ', 'cost_per_tonne': 900000000.0, 'abatement_potential': 389382.37, 'implementation_time': 6, 'type': 'general'}, {'name': ' Decreasing clinker to 85% in OPC   ', 'cost_per_tonne': 1200000000.0, 'abatement_potential': 32448.53, 'implementation_time': 6, 'type': 'general'}, {'name': ' CCU                                ', 'cost_per_tonne': 1860000000.0, 'abatement_potential': 389382.37, 'implementation_time': 6, 'type': 'general'}, {'name': ' Offset                             ', 'cost_per_tonne': 1880000000.0, 'abatement_potential': 77876.47, 'implementation_time': 6, 'type': 'general'}]"
154,CE_F139, CEMENT   ,2706941,0.02,0.02,0.02,0.600714888,30117289753,136.1586036,True,0.1,200, ,30117300000000.0,30117289753,"[{'name': ' Efficient electrical equipment     ', 'cost_per_tonne': -430000000.0, 'abatement_potential': 16064.93, 'implementation_time': 6, 'type': 'general'}, {'name': ' Waste heat recovery                ', 'cost_per_tonne': -420000000.0, 'abatement_potential': 64259.73, 'implementation_time': 6, 'type': 'general'}, {'name': ' Automation system                  ', 'cost_per_tonne': -410000000.0, 'abatement_potential': 32129.86, 'implementation_time': 6, 'type': 'general'}, {'name': ' Efficient grinding system          ', 'cost_per_tonne': -360000000.0, 'abatement_potential': 40162.33, 'implementation_time': 6, 'type': 'general'}, {'name': ' Optimising auxiliary power         ', 'cost_per_tonne': -340000000.0, 'abatement_potential': 8032.47, 'implementation_time': 6, 'type': 'general'}, {'name': ' Increasing slag to 70% in PSC      ', 'cost_per_tonne': -300000000.0, 'abatement_potential': 40162.33, 'implementation_time': 6, 'type': 'general'}, {'name': ' Enhancement in Kiln                ', 'cost_per_tonne': -280000000.0, 'abatement_potential': 24097.4, 'implementation_time': 6, 'type': 'general'}, {'name': ' Heat rate reduction in CPP         ', 'cost_per_tonne': -260000000.0, 'abatement_potential': 16064.93, 'implementation_time': 6, 'type': 'general'}, {'name': ' Improving burnability of material  ', 'cost_per_tonne': -130000000.0, 'abatement_potential': 56227.26, 'implementation_time': 6, 'type': 'general'}, {'name': ' Burner retrofit                    ', 'cost_per_tonne': -120000000.0, 'abatement_potential': 8032.47, 'implementation_time': 6, 'type': 'general'}, {'name': ' High efficiency clinker coolers    ', 'cost_per_tonne': -100000000.0, 'abatement_potential': 24097.4, 'implementation_time': 6, 'type': 'general'}, {'name': ' Substitute OPC with LC3 cement     ', 'cost_per_tonne': -80000000.0, 'abatement_potential': 32129.86, 'implementation_time': 6, 'type': 'general'}, {'name': ' Increasing fly ash to 35% in PPC   ', 'cost_per_tonne': -70000000.0, 'abatement_potential': 80324.66, 'implementation_time': 6, 'type': 'general'}, {'name': ' Renewable energy use in electricity', 'cost_per_tonne': 180000000.0, 'abatement_potential': 64259.73, 'implementation_time': 6, 'type': 'general'}, {'name': ' Increasing TSR to 30% in kiln fuel ', 'cost_per_tonne': 420000000.0, 'abatement_potential': 144584.39, 'implementation_time': 6, 'type': 'general'}, {'name': ' CCS                                ', 'cost_per_tonne': 900000000.0, 'abatement_potential': 481947.95, 'implementation_time': 6, 'type': 'general'}, {'name': ' Decreasing clinker to 85% in OPC   ', 'cost_per_tonne': 1200000000.0, 'abatement_potential': 40162.33, 'implementation_time': 6, 'type': 'general'}, {'name': ' CCU                                ', 'cost_per_tonne': 1860000000.0, 'abatement_potential': 481947.95, 'implementation_time': 6, 'type': 'general'}, {'name': ' Offset                             ', 'cost_per_tonne': 1880000000.0, 'abatement_potential': 96389.59, 'implementation_time': 6, 'type': 'general'}]"
155,CE_F140, CEMENT   ,1626580,0.02,0.02,0.02,0.601421354,30111398767,136.0046944,True,0.1,200, ,30111400000000.0,30111398767,"[{'name': ' Efficient electrical equipment     ', 'cost_per_tonne': -430000000.0, 'abatement_potential': 9653.29, 'implementation_time': 6, 'type': 'general'}, {'name': ' Waste heat recovery                ', 'cost_per_tonne': -420000000.0, 'abatement_potential': 38613.18, 'implementation_time': 6, 'type': 'general'}, {'name': ' Automation system                  ', 'cost_per_tonne': -410000000.0, 'abatement_potential': 19306.59, 'implementation_time': 6, 'type': 'general'}, {'name': ' Efficient grinding system          ', 'cost_per_tonne': -360000000.0, 'abatement_potential': 24133.23, 'implementation_time': 6, 'type': 'general'}, {'name': ' Optimising auxiliary power         ', 'cost_per_tonne': -340000000.0, 'abatement_potential': 4826.65, 'implementation_time': 6, 'type': 'general'}, {'name': ' Increasing slag to 70% in PSC      ', 'cost_per_tonne': -300000000.0, 'abatement_potential': 24133.23, 'implementation_time': 6, 'type': 'general'}, {'name': ' Enhancement in Kiln                ', 'cost_per_tonne': -280000000.0, 'abatement_potential': 14479.94, 'implementation_time': 6, 'type': 'general'}, {'name': ' Heat rate reduction in CPP         ', 'cost_per_tonne': -260000000.0, 'abatement_potential': 9653.29, 'implementation_time': 6, 'type': 'general'}, {'name': ' Improving burnability of material  ', 'cost_per_tonne': -130000000.0, 'abatement_potential': 33786.53, 'implementation_time': 6, 'type': 'general'}, {'name': ' Burner retrofit                    ', 'cost_per_tonne': -120000000.0, 'abatement_potential': 4826.65, 'implementation_time': 6, 'type': 'general'}, {'name': ' High efficiency clinker coolers    ', 'cost_per_tonne': -100000000.0, 'abatement_potential': 14479.94, 'implementation_time': 6, 'type': 'general'}, {'name': ' Substitute OPC with LC3 cement     ', 'cost_per_tonne': -80000000.0, 'abatement_potential': 19306.59, 'implementation_time': 6, 'type': 'general'}, {'name': ' Increasing fly ash to 35% in PPC   ', 'cost_per_tonne': -70000000.0, 'abatement_potential': 48266.47, 'implementation_time': 6, 'type': 'general'}, {'name': ' Renewable energy use in electricity', 'cost_per_tonne': 180000000.0, 'abatement_potential': 38613.18, 'implementation_time': 6, 'type': 'general'}, {'name': ' Increasing TSR to 30% in kiln fuel ', 'cost_per_tonne': 420000000.0, 'abatement_potential': 86879.64, 'implementation_time': 6, 'type': 'general'}, {'name': ' CCS                                ', 'cost_per_tonne': 900000000.0, 'abatement_potential': 289598.81, 'implementation_time': 6, 'type': 'general'}, {'name': ' Decreasing clinker to 85% in OPC   ', 'cost_per_tonne': 1200000000.0, 'abatement_potential': 24133.23, 'implementation_time': 6, 'type': 'general'}, {'name': ' CCU                                ', 'cost_per_tonne': 1860000000.0, 'abatement_potential': 289598.81, 'implementation_time': 6, 'type': 'general'}, {'name': ' Offset                             ', 'cost_per_tonne': 1880000000.0, 'abatement_potential': 57919.76, 'implementation_time': 6, 'type': 'general'}]"
156,CE_F141, CEMENT   ,1661535,0.02,0.02,0.02,0.602127819,30105507781,135.8507853,True,0.1,200, ,30105500000000.0,30105507781,"[{'name': ' Efficient electrical equipment     ', 'cost_per_tonne': -430000000.0, 'abatement_potential': 9860.74, 'implementation_time': 6, 'type': 'general'}, {'name': ' Waste heat recovery                ', 'cost_per_tonne': -420000000.0, 'abatement_potential': 39442.97, 'implementation_time': 6, 'type': 'general'}, {'name': ' Automation system                  ', 'cost_per_tonne': -410000000.0, 'abatement_potential': 19721.48, 'implementation_time': 6, 'type': 'general'}, {'name': ' Efficient grinding system          ', 'cost_per_tonne': -360000000.0, 'abatement_potential': 24651.85, 'implementation_time': 6, 'type': 'general'}, {'name': ' Optimising auxiliary power         ', 'cost_per_tonne': -340000000.0, 'abatement_potential': 4930.37, 'implementation_time': 6, 'type': 'general'}, {'name': ' Increasing slag to 70% in PSC      ', 'cost_per_tonne': -300000000.0, 'abatement_potential': 24651.85, 'implementation_time': 6, 'type': 'general'}, {'name': ' Enhancement in Kiln                ', 'cost_per_tonne': -280000000.0, 'abatement_potential': 14791.11, 'implementation_time': 6, 'type': 'general'}, {'name': ' Heat rate reduction in CPP         ', 'cost_per_tonne': -260000000.0, 'abatement_potential': 9860.74, 'implementation_time': 6, 'type': 'general'}, {'name': ' Improving burnability of material  ', 'cost_per_tonne': -130000000.0, 'abatement_potential': 34512.6, 'implementation_time': 6, 'type': 'general'}, {'name': ' Burner retrofit                    ', 'cost_per_tonne': -120000000.0, 'abatement_potential': 4930.37, 'implementation_time': 6, 'type': 'general'}, {'name': ' High efficiency clinker coolers    ', 'cost_per_tonne': -100000000.0, 'abatement_potential': 14791.11, 'implementation_time': 6, 'type': 'general'}, {'name': ' Substitute OPC with LC3 cement     ', 'cost_per_tonne': -80000000.0, 'abatement_potential': 19721.48, 'implementation_time': 6, 'type': 'general'}, {'name': ' Increasing fly ash to 35% in PPC   ', 'cost_per_tonne': -70000000.0, 'abatement_potential': 49303.71, 'implementation_time': 6, 'type': 'general'}, {'name': ' Renewable energy use in electricity', 'cost_per_tonne': 180000000.0, 'abatement_potential': 39442.97, 'implementation_time': 6, 'type': 'general'}, {'name': ' Increasing TSR to 30% in kiln fuel ', 'cost_per_tonne': 420000000.0, 'abatement_potential': 88746.68, 'implementation_time': 6, 'type': 'general'}, {'name': ' CCS                                ', 'cost_per_tonne': 900000000.0, 'abatement_potential': 295822.26, 'implementation_time': 6, 'type': 'general'}, {'name': ' Decreasing clinker to 85% in OPC   ', 'cost_per_tonne': 1200000000.0, 'abatement_potential': 24651.85, 'implementation_time': 6, 'type': 'general'}, {'name': ' CCU                                ', 'cost_per_tonne': 1860000000.0, 'abatement_potential': 295822.26, 'implementation_time': 6, 'type': 'general'}, {'name': ' Offset                             ', 'cost_per_tonne': 1880000000.0, 'abatement_potential': 59164.45, 'implementation_time': 6, 'type': 'general'}]"
157,CE_F142, CEMENT   ,2918900,0.02,0.02,0.02,0.602834284,30099616796,135.6968761,True,0.1,200, ,30099600000000.0,30099616796,"[{'name': ' Efficient electrical equipment     ', 'cost_per_tonne': -430000000.0, 'abatement_potential': 17322.85, 'implementation_time': 6, 'type': 'general'}, {'name': ' Waste heat recovery                ', 'cost_per_tonne': -420000000.0, 'abatement_potential': 69291.39, 'implementation_time': 6, 'type': 'general'}, {'name': ' Automation system                  ', 'cost_per_tonne': -410000000.0, 'abatement_potential': 34645.7, 'implementation_time': 6, 'type': 'general'}, {'name': ' Efficient grinding system          ', 'cost_per_tonne': -360000000.0, 'abatement_potential': 43307.12, 'implementation_time': 6, 'type': 'general'}, {'name': ' Optimising auxiliary power         ', 'cost_per_tonne': -340000000.0, 'abatement_potential': 8661.42, 'implementation_time': 6, 'type': 'general'}, {'name': ' Increasing slag to 70% in PSC      ', 'cost_per_tonne': -300000000.0, 'abatement_potential': 43307.12, 'implementation_time': 6, 'type': 'general'}, {'name': ' Enhancement in Kiln                ', 'cost_per_tonne': -280000000.0, 'abatement_potential': 25984.27, 'implementation_time': 6, 'type': 'general'}, {'name': ' Heat rate reduction in CPP         ', 'cost_per_tonne': -260000000.0, 'abatement_potential': 17322.85, 'implementation_time': 6, 'type': 'general'}, {'name': ' Improving burnability of material  ', 'cost_per_tonne': -130000000.0, 'abatement_potential': 60629.97, 'implementation_time': 6, 'type': 'general'}, {'name': ' Burner retrofit                    ', 'cost_per_tonne': -120000000.0, 'abatement_potential': 8661.42, 'implementation_time': 6, 'type': 'general'}, {'name': ' High efficiency clinker coolers    ', 'cost_per_tonne': -100000000.0, 'abatement_potential': 25984.27, 'implementation_time': 6, 'type': 'general'}, {'name': ' Substitute OPC with LC3 cement     ', 'cost_per_tonne': -80000000.0, 'abatement_potential': 34645.7, 'implementation_time': 6, 'type': 'general'}, {'name': ' Increasing fly ash to 35% in PPC   ', 'cost_per_tonne': -70000000.0, 'abatement_potential': 86614.24, 'implementation_time': 6, 'type': 'general'}, {'name': ' Renewable energy use in electricity', 'cost_per_tonne': 180000000.0, 'abatement_potential': 69291.39, 'implementation_time': 6, 'type': 'general'}, {'name': ' Increasing TSR to 30% in kiln fuel ', 'cost_per_tonne': 420000000.0, 'abatement_potential': 155905.64, 'implementation_time': 6, 'type': 'general'}, {'name': ' CCS                                ', 'cost_per_tonne': 900000000.0, 'abatement_potential': 519685.46, 'implementation_time': 6, 'type': 'general'}, {'name': ' Decreasing clinker to 85% in OPC   ', 'cost_per_tonne': 1200000000.0, 'abatement_potential': 43307.12, 'implementation_time': 6, 'type': 'general'}, {'name': ' CCU                                ', 'cost_per_tonne': 1860000000.0, 'abatement_potential': 519685.46, 'implementation_time': 6, 'type': 'general'}, {'name': ' Offset                             ', 'cost_per_tonne': 1880000000.0, 'abatement_potential': 103937.09, 'implementation_time': 6, 'type': 'general'}]"
158,CE_F143, CEMENT   ,3178059,0.02,0.02,0.02,0.603540749,30093725810,135.5429669,True,0.1,200, ,30093700000000.0,30093725810,"[{'name': ' Efficient electrical equipment     ', 'cost_per_tonne': -430000000.0, 'abatement_potential': 18860.88, 'implementation_time': 6, 'type': 'general'}, {'name': ' Waste heat recovery                ', 'cost_per_tonne': -420000000.0, 'abatement_potential': 75443.54, 'implementation_time': 6, 'type': 'general'}, {'name': ' Automation system                  ', 'cost_per_tonne': -410000000.0, 'abatement_potential': 37721.77, 'implementation_time': 6, 'type': 'general'}, {'name': ' Efficient grinding system          ', 'cost_per_tonne': -360000000.0, 'abatement_potential': 47152.21, 'implementation_time': 6, 'type': 'general'}, {'name': ' Optimising auxiliary power         ', 'cost_per_tonne': -340000000.0, 'abatement_potential': 9430.44, 'implementation_time': 6, 'type': 'general'}, {'name': ' Increasing slag to 70% in PSC      ', 'cost_per_tonne': -300000000.0, 'abatement_potential': 47152.21, 'implementation_time': 6, 'type': 'general'}, {'name': ' Enhancement in Kiln                ', 'cost_per_tonne': -280000000.0, 'abatement_potential': 28291.33, 'implementation_time': 6, 'type': 'general'}, {'name': ' Heat rate reduction in CPP         ', 'cost_per_tonne': -260000000.0, 'abatement_potential': 18860.88, 'implementation_time': 6, 'type': 'general'}, {'name': ' Improving burnability of material  ', 'cost_per_tonne': -130000000.0, 'abatement_potential': 66013.09, 'implementation_time': 6, 'type': 'general'}, {'name': ' Burner retrofit                    ', 'cost_per_tonne': -120000000.0, 'abatement_potential': 9430.44, 'implementation_time': 6, 'type': 'general'}, {'name': ' High efficiency clinker coolers    ', 'cost_per_tonne': -100000000.0, 'abatement_potential': 28291.33, 'implementation_time': 6, 'type': 'general'}, {'name': ' Substitute OPC with LC3 cement     ', 'cost_per_tonne': -80000000.0, 'abatement_potential': 37721.77, 'implementation_time': 6, 'type': 'general'}, {'name': ' Increasing fly ash to 35% in PPC   ', 'cost_per_tonne': -70000000.0, 'abatement_potential': 94304.42, 'implementation_time': 6, 'type': 'general'}, {'name': ' Renewable energy use in electricity', 'cost_per_tonne': 180000000.0, 'abatement_potential': 75443.54, 'implementation_time': 6, 'type': 'general'}, {'name': ' Increasing TSR to 30% in kiln fuel ', 'cost_per_tonne': 420000000.0, 'abatement_potential': 169747.96, 'implementation_time': 6, 'type': 'general'}, {'name': ' CCS                                ', 'cost_per_tonne': 900000000.0, 'abatement_potential': 565826.53, 'implementation_time': 6, 'type': 'general'}, {'name': ' Decreasing clinker to 85% in OPC   ', 'cost_per_tonne': 1200000000.0, 'abatement_potential': 47152.21, 'implementation_time': 6, 'type': 'general'}, {'name': ' CCU                                ', 'cost_per_tonne': 1860000000.0, 'abatement_potential': 565826.53, 'implementation_time': 6, 'type': 'general'}, {'name': ' Offset                             ', 'cost_per_tonne': 1880000000.0, 'abatement_potential': 113165.31, 'implementation_time': 6, 'type': 'general'}]"
159,CE_F144, CEMENT   ,2066619,0.02,0.02,0.02,0.604247215,30087834824,135.3890578,True,0.1,200, ,30087800000000.0,30087834824,"[{'name': ' Efficient electrical equipment     ', 'cost_per_tonne': -430000000.0, 'abatement_potential': 12264.8, 'implementation_time': 6, 'type': 'general'}, {'name': ' Waste heat recovery                ', 'cost_per_tonne': -420000000.0, 'abatement_potential': 49059.2, 'implementation_time': 6, 'type': 'general'}, {'name': ' Automation system                  ', 'cost_per_tonne': -410000000.0, 'abatement_potential': 24529.6, 'implementation_time': 6, 'type': 'general'}, {'name': ' Efficient grinding system          ', 'cost_per_tonne': -360000000.0, 'abatement_potential': 30662.0, 'implementation_time': 6, 'type': 'general'}, {'name': ' Optimising auxiliary power         ', 'cost_per_tonne': -340000000.0, 'abatement_potential': 6132.4, 'implementation_time': 6, 'type': 'general'}, {'name': ' Increasing slag to 70% in PSC      ', 'cost_per_tonne': -300000000.0, 'abatement_potential': 30662.0, 'implementation_time': 6, 'type': 'general'}, {'name': ' Enhancement in Kiln                ', 'cost_per_tonne': -280000000.0, 'abatement_potential': 18397.2, 'implementation_time': 6, 'type': 'general'}, {'name': ' Heat rate reduction in CPP         ', 'cost_per_tonne': -260000000.0, 'abatement_potential': 12264.8, 'implementation_time': 6, 'type': 'general'}, {'name': ' Improving burnability of material  ', 'cost_per_tonne': -130000000.0, 'abatement_potential': 42926.8, 'implementation_time': 6, 'type': 'general'}, {'name': ' Burner retrofit                    ', 'cost_per_tonne': -120000000.0, 'abatement_potential': 6132.4, 'implementation_time': 6, 'type': 'general'}, {'name': ' High efficiency clinker coolers    ', 'cost_per_tonne': -100000000.0, 'abatement_potential': 18397.2, 'implementation_time': 6, 'type': 'general'}, {'name': ' Substitute OPC with LC3 cement     ', 'cost_per_tonne': -80000000.0, 'abatement_potential': 24529.6, 'implementation_time': 6, 'type': 'general'}, {'name': ' Increasing fly ash to 35% in PPC   ', 'cost_per_tonne': -70000000.0, 'abatement_potential': 61324.01, 'implementation_time': 6, 'type': 'general'}, {'name': ' Renewable energy use in electricity', 'cost_per_tonne': 180000000.0, 'abatement_potential': 49059.2, 'implementation_time': 6, 'type': 'general'}, {'name': ' Increasing TSR to 30% in kiln fuel ', 'cost_per_tonne': 420000000.0, 'abatement_potential': 110383.21, 'implementation_time': 6, 'type': 'general'}, {'name': ' CCS                                ', 'cost_per_tonne': 900000000.0, 'abatement_potential': 367944.04, 'implementation_time': 6, 'type': 'general'}, {'name': ' Decreasing clinker to 85% in OPC   ', 'cost_per_tonne': 1200000000.0, 'abatement_potential': 30662.0, 'implementation_time': 6, 'type': 'general'}, {'name': ' CCU                                ', 'cost_per_tonne': 1860000000.0, 'abatement_potential': 367944.04, 'implementation_time': 6, 'type': 'general'}, {'name': ' Offset                             ', 'cost_per_tonne': 1880000000.0, 'abatement_potential': 73588.81, 'implementation_time': 6, 'type': 'general'}]"
160,CE_F145, CEMENT   ,1537182,0.02,0.02,0.02,0.60495368,30081943838,135.2351486,True,0.1,200, ,30081900000000.0,30081943838,"[{'name': ' Efficient electrical equipment     ', 'cost_per_tonne': -430000000.0, 'abatement_potential': 9122.74, 'implementation_time': 6, 'type': 'general'}, {'name': ' Waste heat recovery                ', 'cost_per_tonne': -420000000.0, 'abatement_potential': 36490.97, 'implementation_time': 6, 'type': 'general'}, {'name': ' Automation system                  ', 'cost_per_tonne': -410000000.0, 'abatement_potential': 18245.48, 'implementation_time': 6, 'type': 'general'}, {'name': ' Efficient grinding system          ', 'cost_per_tonne': -360000000.0, 'abatement_potential': 22806.85, 'implementation_time': 6, 'type': 'general'}, {'name': ' Optimising auxiliary power         ', 'cost_per_tonne': -340000000.0, 'abatement_potential': 4561.37, 'implementation_time': 6, 'type': 'general'}, {'name': ' Increasing slag to 70% in PSC      ', 'cost_per_tonne': -300000000.0, 'abatement_potential': 22806.85, 'implementation_time': 6, 'type': 'general'}, {'name': ' Enhancement in Kiln                ', 'cost_per_tonne': -280000000.0, 'abatement_potential': 13684.11, 'implementation_time': 6, 'type': 'general'}, {'name': ' Heat rate reduction in CPP         ', 'cost_per_tonne': -260000000.0, 'abatement_potential': 9122.74, 'implementation_time': 6, 'type': 'general'}, {'name': ' Improving burnability of material  ', 'cost_per_tonne': -130000000.0, 'abatement_potential': 31929.6, 'implementation_time': 6, 'type': 'general'}, {'name': ' Burner retrofit                    ', 'cost_per_tonne': -120000000.0, 'abatement_potential': 4561.37, 'implementation_time': 6, 'type': 'general'}, {'name': ' High efficiency clinker coolers    ', 'cost_per_tonne': -100000000.0, 'abatement_potential': 13684.11, 'implementation_time': 6, 'type': 'general'}, {'name': ' Substitute OPC with LC3 cement     ', 'cost_per_tonne': -80000000.0, 'abatement_potential': 18245.48, 'implementation_time': 6, 'type': 'general'}, {'name': ' Increasing fly ash to 35% in PPC   ', 'cost_per_tonne': -70000000.0, 'abatement_potential': 45613.71, 'implementation_time': 6, 'type': 'general'}, {'name': ' Renewable energy use in electricity', 'cost_per_tonne': 180000000.0, 'abatement_potential': 36490.97, 'implementation_time': 6, 'type': 'general'}, {'name': ' Increasing TSR to 30% in kiln fuel ', 'cost_per_tonne': 420000000.0, 'abatement_potential': 82104.68, 'implementation_time': 6, 'type': 'general'}, {'name': ' CCS                                ', 'cost_per_tonne': 900000000.0, 'abatement_potential': 273682.26, 'implementation_time': 6, 'type': 'general'}, {'name': ' Decreasing clinker to 85% in OPC   ', 'cost_per_tonne': 1200000000.0, 'abatement_potential': 22806.85, 'implementation_time': 6, 'type': 'general'}, {'name': ' CCU                                ', 'cost_per_tonne': 1860000000.0, 'abatement_potential': 273682.26, 'implementation_time': 6, 'type': 'general'}, {'name': ' Offset                             ', 'cost_per_tonne': 1880000000.0, 'abatement_potential': 54736.45, 'implementation_time': 6, 'type': 'general'}]"
161,CE_F146, CEMENT   ,2020290,0.02,0.02,0.02,0.605660145,30076052852,135.0812394,True,0.1,200, ,30076100000000.0,30076052852,"[{'name': ' Efficient electrical equipment     ', 'cost_per_tonne': -430000000.0, 'abatement_potential': 11989.85, 'implementation_time': 6, 'type': 'general'}, {'name': ' Waste heat recovery                ', 'cost_per_tonne': -420000000.0, 'abatement_potential': 47959.41, 'implementation_time': 6, 'type': 'general'}, {'name': ' Automation system                  ', 'cost_per_tonne': -410000000.0, 'abatement_potential': 23979.7, 'implementation_time': 6, 'type': 'general'}, {'name': ' Efficient grinding system          ', 'cost_per_tonne': -360000000.0, 'abatement_potential': 29974.63, 'implementation_time': 6, 'type': 'general'}, {'name': ' Optimising auxiliary power         ', 'cost_per_tonne': -340000000.0, 'abatement_potential': 5994.93, 'implementation_time': 6, 'type': 'general'}, {'name': ' Increasing slag to 70% in PSC      ', 'cost_per_tonne': -300000000.0, 'abatement_potential': 29974.63, 'implementation_time': 6, 'type': 'general'}, {'name': ' Enhancement in Kiln                ', 'cost_per_tonne': -280000000.0, 'abatement_potential': 17984.78, 'implementation_time': 6, 'type': 'general'}, {'name': ' Heat rate reduction in CPP         ', 'cost_per_tonne': -260000000.0, 'abatement_potential': 11989.85, 'implementation_time': 6, 'type': 'general'}, {'name': ' Improving burnability of material  ', 'cost_per_tonne': -130000000.0, 'abatement_potential': 41964.48, 'implementation_time': 6, 'type': 'general'}, {'name': ' Burner retrofit                    ', 'cost_per_tonne': -120000000.0, 'abatement_potential': 5994.93, 'implementation_time': 6, 'type': 'general'}, {'name': ' High efficiency clinker coolers    ', 'cost_per_tonne': -100000000.0, 'abatement_potential': 17984.78, 'implementation_time': 6, 'type': 'general'}, {'name': ' Substitute OPC with LC3 cement     ', 'cost_per_tonne': -80000000.0, 'abatement_potential': 23979.7, 'implementation_time': 6, 'type': 'general'}, {'name': ' Increasing fly ash to 35% in PPC   ', 'cost_per_tonne': -70000000.0, 'abatement_potential': 59949.26, 'implementation_time': 6, 'type': 'general'}, {'name': ' Renewable energy use in electricity', 'cost_per_tonne': 180000000.0, 'abatement_potential': 47959.41, 'implementation_time': 6, 'type': 'general'}, {'name': ' Increasing TSR to 30% in kiln fuel ', 'cost_per_tonne': 420000000.0, 'abatement_potential': 107908.66, 'implementation_time': 6, 'type': 'general'}, {'name': ' CCS                                ', 'cost_per_tonne': 900000000.0, 'abatement_potential': 359695.55, 'implementation_time': 6, 'type': 'general'}, {'name': ' Decreasing clinker to 85% in OPC   ', 'cost_per_tonne': 1200000000.0, 'abatement_potential': 29974.63, 'implementation_time': 6, 'type': 'general'}, {'name': ' CCU                                ', 'cost_per_tonne': 1860000000.0, 'abatement_potential': 359695.55, 'implementation_time': 6, 'type': 'general'}, {'name': ' Offset                             ', 'cost_per_tonne': 1880000000.0, 'abatement_potential': 71939.11, 'implementation_time': 6, 'type': 'general'}]"
162,CE_F147, CEMENT   ,1421803,0.02,0.02,0.02,0.60636661,30070161866,134.9273303,True,0.1,200, ,30070200000000.0,30070161866,"[{'name': ' Efficient electrical equipment     ', 'cost_per_tonne': -430000000.0, 'abatement_potential': 8438.0, 'implementation_time': 6, 'type': 'general'}, {'name': ' Waste heat recovery                ', 'cost_per_tonne': -420000000.0, 'abatement_potential': 33752.0, 'implementation_time': 6, 'type': 'general'}, {'name': ' Automation system                  ', 'cost_per_tonne': -410000000.0, 'abatement_potential': 16876.0, 'implementation_time': 6, 'type': 'general'}, {'name': ' Efficient grinding system          ', 'cost_per_tonne': -360000000.0, 'abatement_potential': 21095.0, 'implementation_time': 6, 'type': 'general'}, {'name': ' Optimising auxiliary power         ', 'cost_per_tonne': -340000000.0, 'abatement_potential': 4219.0, 'implementation_time': 6, 'type': 'general'}, {'name': ' Increasing slag to 70% in PSC      ', 'cost_per_tonne': -300000000.0, 'abatement_potential': 21095.0, 'implementation_time': 6, 'type': 'general'}, {'name': ' Enhancement in Kiln                ', 'cost_per_tonne': -280000000.0, 'abatement_potential': 12657.0, 'implementation_time': 6, 'type': 'general'}, {'name': ' Heat rate reduction in CPP         ', 'cost_per_tonne': -260000000.0, 'abatement_potential': 8438.0, 'implementation_time': 6, 'type': 'general'}, {'name': ' Improving burnability of material  ', 'cost_per_tonne': -130000000.0, 'abatement_potential': 29533.0, 'implementation_time': 6, 'type': 'general'}, {'name': ' Burner retrofit                    ', 'cost_per_tonne': -120000000.0, 'abatement_potential': 4219.0, 'implementation_time': 6, 'type': 'general'}, {'name': ' High efficiency clinker coolers    ', 'cost_per_tonne': -100000000.0, 'abatement_potential': 12657.0, 'implementation_time': 6, 'type': 'general'}, {'name': ' Substitute OPC with LC3 cement     ', 'cost_per_tonne': -80000000.0, 'abatement_potential': 16876.0, 'implementation_time': 6, 'type': 'general'}, {'name': ' Increasing fly ash to 35% in PPC   ', 'cost_per_tonne': -70000000.0, 'abatement_potential': 42190.0, 'implementation_time': 6, 'type': 'general'}, {'name': ' Renewable energy use in electricity', 'cost_per_tonne': 180000000.0, 'abatement_potential': 33752.0, 'implementation_time': 6, 'type': 'general'}, {'name': ' Increasing TSR to 30% in kiln fuel ', 'cost_per_tonne': 420000000.0, 'abatement_potential': 75942.0, 'implementation_time': 6, 'type': 'general'}, {'name': ' CCS                                ', 'cost_per_tonne': 900000000.0, 'abatement_potential': 253140.0, 'implementation_time': 6, 'type': 'general'}, {'name': ' Decreasing clinker to 85% in OPC   ', 'cost_per_tonne': 1200000000.0, 'abatement_potential': 21095.0, 'implementation_time': 6, 'type': 'general'}, {'name': ' CCU                                ', 'cost_per_tonne': 1860000000.0, 'abatement_potential': 253140.0, 'implementation_time': 6, 'type': 'general'}, {'name': ' Offset                             ', 'cost_per_tonne': 1880000000.0, 'abatement_potential': 50628.0, 'implementation_time': 6, 'type': 'general'}]"
163,CE_F148, CEMENT   ,3352630,0.02,0.02,0.02,0.607073076,30064270880,134.7734211,True,0.1,200, ,30064300000000.0,30064270880,"[{'name': ' Efficient electrical equipment     ', 'cost_per_tonne': -430000000.0, 'abatement_potential': 19896.91, 'implementation_time': 6, 'type': 'general'}, {'name': ' Waste heat recovery                ', 'cost_per_tonne': -420000000.0, 'abatement_potential': 79587.66, 'implementation_time': 6, 'type': 'general'}, {'name': ' Automation system                  ', 'cost_per_tonne': -410000000.0, 'abatement_potential': 39793.83, 'implementation_time': 6, 'type': 'general'}, {'name': ' Efficient grinding system          ', 'cost_per_tonne': -360000000.0, 'abatement_potential': 49742.28, 'implementation_time': 6, 'type': 'general'}, {'name': ' Optimising auxiliary power         ', 'cost_per_tonne': -340000000.0, 'abatement_potential': 9948.46, 'implementation_time': 6, 'type': 'general'}, {'name': ' Increasing slag to 70% in PSC      ', 'cost_per_tonne': -300000000.0, 'abatement_potential': 49742.28, 'implementation_time': 6, 'type': 'general'}, {'name': ' Enhancement in Kiln                ', 'cost_per_tonne': -280000000.0, 'abatement_potential': 29845.37, 'implementation_time': 6, 'type': 'general'}, {'name': ' Heat rate reduction in CPP         ', 'cost_per_tonne': -260000000.0, 'abatement_potential': 19896.91, 'implementation_time': 6, 'type': 'general'}, {'name': ' Improving burnability of material  ', 'cost_per_tonne': -130000000.0, 'abatement_potential': 69639.2, 'implementation_time': 6, 'type': 'general'}, {'name': ' Burner retrofit                    ', 'cost_per_tonne': -120000000.0, 'abatement_potential': 9948.46, 'implementation_time': 6, 'type': 'general'}, {'name': ' High efficiency clinker coolers    ', 'cost_per_tonne': -100000000.0, 'abatement_potential': 29845.37, 'implementation_time': 6, 'type': 'general'}, {'name': ' Substitute OPC with LC3 cement     ', 'cost_per_tonne': -80000000.0, 'abatement_potential': 39793.83, 'implementation_time': 6, 'type': 'general'}, {'name': ' Increasing fly ash to 35% in PPC   ', 'cost_per_tonne': -70000000.0, 'abatement_potential': 99484.57, 'implementation_time': 6, 'type': 'general'}, {'name': ' Renewable energy use in electricity', 'cost_per_tonne': 180000000.0, 'abatement_potential': 79587.66, 'implementation_time': 6, 'type': 'general'}, {'name': ' Increasing TSR to 30% in kiln fuel ', 'cost_per_tonne': 420000000.0, 'abatement_potential': 179072.23, 'implementation_time': 6, 'type': 'general'}, {'name': ' CCS                                ', 'cost_per_tonne': 900000000.0, 'abatement_potential': 596907.42, 'implementation_time': 6, 'type': 'general'}, {'name': ' Decreasing clinker to 85% in OPC   ', 'cost_per_tonne': 1200000000.0, 'abatement_potential': 49742.28, 'implementation_time': 6, 'type': 'general'}, {'name': ' CCU                                ', 'cost_per_tonne': 1860000000.0, 'abatement_potential': 596907.42, 'implementation_time': 6, 'type': 'general'}, {'name': ' Offset                             ', 'cost_per_tonne': 1880000000.0, 'abatement_potential': 119381.48, 'implementation_time': 6, 'type': 'general'}]"
164,CE_F149, CEMENT   ,1699039,0.02,0.02,0.02,0.607779541,30058379894,134.6195119,True,0.1,200, ,30058400000000.0,30058379894,"[{'name': ' Efficient electrical equipment     ', 'cost_per_tonne': -430000000.0, 'abatement_potential': 10083.32, 'implementation_time': 6, 'type': 'general'}, {'name': ' Waste heat recovery                ', 'cost_per_tonne': -420000000.0, 'abatement_potential': 40333.27, 'implementation_time': 6, 'type': 'general'}, {'name': ' Automation system                  ', 'cost_per_tonne': -410000000.0, 'abatement_potential': 20166.64, 'implementation_time': 6, 'type': 'general'}, {'name': ' Efficient grinding system          ', 'cost_per_tonne': -360000000.0, 'abatement_potential': 25208.29, 'implementation_time': 6, 'type': 'general'}, {'name': ' Optimising auxiliary power         ', 'cost_per_tonne': -340000000.0, 'abatement_potential': 5041.66, 'implementation_time': 6, 'type': 'general'}, {'name': ' Increasing slag to 70% in PSC      ', 'cost_per_tonne': -300000000.0, 'abatement_potential': 25208.29, 'implementation_time': 6, 'type': 'general'}, {'name': ' Enhancement in Kiln                ', 'cost_per_tonne': -280000000.0, 'abatement_potential': 15124.98, 'implementation_time': 6, 'type': 'general'}, {'name': ' Heat rate reduction in CPP         ', 'cost_per_tonne': -260000000.0, 'abatement_potential': 10083.32, 'implementation_time': 6, 'type': 'general'}, {'name': ' Improving burnability of material  ', 'cost_per_tonne': -130000000.0, 'abatement_potential': 35291.61, 'implementation_time': 6, 'type': 'general'}, {'name': ' Burner retrofit                    ', 'cost_per_tonne': -120000000.0, 'abatement_potential': 5041.66, 'implementation_time': 6, 'type': 'general'}, {'name': ' High efficiency clinker coolers    ', 'cost_per_tonne': -100000000.0, 'abatement_potential': 15124.98, 'implementation_time': 6, 'type': 'general'}, {'name': ' Substitute OPC with LC3 cement     ', 'cost_per_tonne': -80000000.0, 'abatement_potential': 20166.64, 'implementation_time': 6, 'type': 'general'}, {'name': ' Increasing fly ash to 35% in PPC   ', 'cost_per_tonne': -70000000.0, 'abatement_potential': 50416.59, 'implementation_time': 6, 'type': 'general'}, {'name': ' Renewable energy use in electricity', 'cost_per_tonne': 180000000.0, 'abatement_potential': 40333.27, 'implementation_time': 6, 'type': 'general'}, {'name': ' Increasing TSR to 30% in kiln fuel ', 'cost_per_tonne': 420000000.0, 'abatement_potential': 90749.86, 'implementation_time': 6, 'type': 'general'}, {'name': ' CCS                                ', 'cost_per_tonne': 900000000.0, 'abatement_potential': 302499.53, 'implementation_time': 6, 'type': 'general'}, {'name': ' Decreasing clinker to 85% in OPC   ', 'cost_per_tonne': 1200000000.0, 'abatement_potential': 25208.29, 'implementation_time': 6, 'type': 'general'}, {'name': ' CCU                                ', 'cost_per_tonne': 1860000000.0, 'abatement_potential': 302499.53, 'implementation_time': 6, 'type': 'general'}, {'name': ' Offset                             ', 'cost_per_tonne': 1880000000.0, 'abatement_potential': 60499.91, 'implementation_time': 6, 'type': 'general'}]"
165,CE_F150, CEMENT   ,3021872,0.02,0.02,0.02,0.608486006,30052488908,134.4656028,True,0.1,200, ,30052500000000.0,30052488908,"[{'name': ' Efficient electrical equipment     ', 'cost_per_tonne': -430000000.0, 'abatement_potential': 17933.96, 'implementation_time': 6, 'type': 'general'}, {'name': ' Waste heat recovery                ', 'cost_per_tonne': -420000000.0, 'abatement_potential': 71735.83, 'implementation_time': 6, 'type': 'general'}, {'name': ' Automation system                  ', 'cost_per_tonne': -410000000.0, 'abatement_potential': 35867.92, 'implementation_time': 6, 'type': 'general'}, {'name': ' Efficient grinding system          ', 'cost_per_tonne': -360000000.0, 'abatement_potential': 44834.9, 'implementation_time': 6, 'type': 'general'}, {'name': ' Optimising auxiliary power         ', 'cost_per_tonne': -340000000.0, 'abatement_potential': 8966.98, 'implementation_time': 6, 'type': 'general'}, {'name': ' Increasing slag to 70% in PSC      ', 'cost_per_tonne': -300000000.0, 'abatement_potential': 44834.9, 'implementation_time': 6, 'type': 'general'}, {'name': ' Enhancement in Kiln                ', 'cost_per_tonne': -280000000.0, 'abatement_potential': 26900.94, 'implementation_time': 6, 'type': 'general'}, {'name': ' Heat rate reduction in CPP         ', 'cost_per_tonne': -260000000.0, 'abatement_potential': 17933.96, 'implementation_time': 6, 'type': 'general'}, {'name': ' Improving burnability of material  ', 'cost_per_tonne': -130000000.0, 'abatement_potential': 62768.85, 'implementation_time': 6, 'type': 'general'}, {'name': ' Burner retrofit                    ', 'cost_per_tonne': -120000000.0, 'abatement_potential': 8966.98, 'implementation_time': 6, 'type': 'general'}, {'name': ' High efficiency clinker coolers    ', 'cost_per_tonne': -100000000.0, 'abatement_potential': 26900.94, 'implementation_time': 6, 'type': 'general'}, {'name': ' Substitute OPC with LC3 cement     ', 'cost_per_tonne': -80000000.0, 'abatement_potential': 35867.92, 'implementation_time': 6, 'type': 'general'}, {'name': ' Increasing fly ash to 35% in PPC   ', 'cost_per_tonne': -70000000.0, 'abatement_potential': 89669.79, 'implementation_time': 6, 'type': 'general'}, {'name': ' Renewable energy use in electricity', 'cost_per_tonne': 180000000.0, 'abatement_potential': 71735.83, 'implementation_time': 6, 'type': 'general'}, {'name': ' Increasing TSR to 30% in kiln fuel ', 'cost_per_tonne': 420000000.0, 'abatement_potential': 161405.63, 'implementation_time': 6, 'type': 'general'}, {'name': ' CCS                                ', 'cost_per_tonne': 900000000.0, 'abatement_potential': 538018.75, 'implementation_time': 6, 'type': 'general'}, {'name': ' Decreasing clinker to 85% in OPC   ', 'cost_per_tonne': 1200000000.0, 'abatement_potential': 44834.9, 'implementation_time': 6, 'type': 'general'}, {'name': ' CCU                                ', 'cost_per_tonne': 1860000000.0, 'abatement_potential': 538018.75, 'implementation_time': 6, 'type': 'general'}, {'name': ' Offset                             ', 'cost_per_tonne': 1880000000.0, 'abatement_potential': 107603.75, 'implementation_time': 6, 'type': 'general'}]"
166,CE_F151, CEMENT   ,1536323,0.02,0.02,0.02,0.609192471,30046597922,134.3116936,True,0.1,200, ,30046600000000.0,30046597922,"[{'name': ' Efficient electrical equipment     ', 'cost_per_tonne': -430000000.0, 'abatement_potential': 9117.64, 'implementation_time': 6, 'type': 'general'}, {'name': ' Waste heat recovery                ', 'cost_per_tonne': -420000000.0, 'abatement_potential': 36470.58, 'implementation_time': 6, 'type': 'general'}, {'name': ' Automation system                  ', 'cost_per_tonne': -410000000.0, 'abatement_potential': 18235.29, 'implementation_time': 6, 'type': 'general'}, {'name': ' Efficient grinding system          ', 'cost_per_tonne': -360000000.0, 'abatement_potential': 22794.11, 'implementation_time': 6, 'type': 'general'}, {'name': ' Optimising auxiliary power         ', 'cost_per_tonne': -340000000.0, 'abatement_potential': 4558.82, 'implementation_time': 6, 'type': 'general'}, {'name': ' Increasing slag to 70% in PSC      ', 'cost_per_tonne': -300000000.0, 'abatement_potential': 22794.11, 'implementation_time': 6, 'type': 'general'}, {'name': ' Enhancement in Kiln                ', 'cost_per_tonne': -280000000.0, 'abatement_potential': 13676.47, 'implementation_time': 6, 'type': 'general'}, {'name': ' Heat rate reduction in CPP         ', 'cost_per_tonne': -260000000.0, 'abatement_potential': 9117.64, 'implementation_time': 6, 'type': 'general'}, {'name': ' Improving burnability of material  ', 'cost_per_tonne': -130000000.0, 'abatement_potential': 31911.75, 'implementation_time': 6, 'type': 'general'}, {'name': ' Burner retrofit                    ', 'cost_per_tonne': -120000000.0, 'abatement_potential': 4558.82, 'implementation_time': 6, 'type': 'general'}, {'name': ' High efficiency clinker coolers    ', 'cost_per_tonne': -100000000.0, 'abatement_potential': 13676.47, 'implementation_time': 6, 'type': 'general'}, {'name': ' Substitute OPC with LC3 cement     ', 'cost_per_tonne': -80000000.0, 'abatement_potential': 18235.29, 'implementation_time': 6, 'type': 'general'}, {'name': ' Increasing fly ash to 35% in PPC   ', 'cost_per_tonne': -70000000.0, 'abatement_potential': 45588.22, 'implementation_time': 6, 'type': 'general'}, {'name': ' Renewable energy use in electricity', 'cost_per_tonne': 180000000.0, 'abatement_potential': 36470.58, 'implementation_time': 6, 'type': 'general'}, {'name': ' Increasing TSR to 30% in kiln fuel ', 'cost_per_tonne': 420000000.0, 'abatement_potential': 82058.8, 'implementation_time': 6, 'type': 'general'}, {'name': ' CCS                                ', 'cost_per_tonne': 900000000.0, 'abatement_potential': 273529.32, 'implementation_time': 6, 'type': 'general'}, {'name': ' Decreasing clinker to 85% in OPC   ', 'cost_per_tonne': 1200000000.0, 'abatement_potential': 22794.11, 'implementation_time': 6, 'type': 'general'}, {'name': ' CCU                                ', 'cost_per_tonne': 1860000000.0, 'abatement_potential': 273529.32, 'implementation_time': 6, 'type': 'general'}, {'name': ' Offset                             ', 'cost_per_tonne': 1880000000.0, 'abatement_potential': 54705.86, 'implementation_time': 6, 'type': 'general'}]"
167,CE_F152, CEMENT   ,3072183,0.02,0.02,0.02,0.609898937,30040706936,134.1577844,True,0.1,200, ,30040700000000.0,30040706936,"[{'name': ' Efficient electrical equipment     ', 'cost_per_tonne': -430000000.0, 'abatement_potential': 18232.54, 'implementation_time': 6, 'type': 'general'}, {'name': ' Waste heat recovery                ', 'cost_per_tonne': -420000000.0, 'abatement_potential': 72930.16, 'implementation_time': 6, 'type': 'general'}, {'name': ' Automation system                  ', 'cost_per_tonne': -410000000.0, 'abatement_potential': 36465.08, 'implementation_time': 6, 'type': 'general'}, {'name': ' Efficient grinding system          ', 'cost_per_tonne': -360000000.0, 'abatement_potential': 45581.35, 'implementation_time': 6, 'type': 'general'}, {'name': ' Optimising auxiliary power         ', 'cost_per_tonne': -340000000.0, 'abatement_potential': 9116.27, 'implementation_time': 6, 'type': 'general'}, {'name': ' Increasing slag to 70% in PSC      ', 'cost_per_tonne': -300000000.0, 'abatement_potential': 45581.35, 'implementation_time': 6, 'type': 'general'}, {'name': ' Enhancement in Kiln                ', 'cost_per_tonne': -280000000.0, 'abatement_potential': 27348.81, 'implementation_time': 6, 'type': 'general'}, {'name': ' Heat rate reduction in CPP         ', 'cost_per_tonne': -260000000.0, 'abatement_potential': 18232.54, 'implementation_time': 6, 'type': 'general'}, {'name': ' Improving burnability of material  ', 'cost_per_tonne': -130000000.0, 'abatement_potential': 63813.89, 'implementation_time': 6, 'type': 'general'}, {'name': ' Burner retrofit                    ', 'cost_per_tonne': -120000000.0, 'abatement_potential': 9116.27, 'implementation_time': 6, 'type': 'general'}, {'name': ' High efficiency clinker coolers    ', 'cost_per_tonne': -100000000.0, 'abatement_potential': 27348.81, 'implementation_time': 6, 'type': 'general'}, {'name': ' Substitute OPC with LC3 cement     ', 'cost_per_tonne': -80000000.0, 'abatement_potential': 36465.08, 'implementation_time': 6, 'type': 'general'}, {'name': ' Increasing fly ash to 35% in PPC   ', 'cost_per_tonne': -70000000.0, 'abatement_potential': 91162.7, 'implementation_time': 6, 'type': 'general'}, {'name': ' Renewable energy use in electricity', 'cost_per_tonne': 180000000.0, 'abatement_potential': 72930.16, 'implementation_time': 6, 'type': 'general'}, {'name': ' Increasing TSR to 30% in kiln fuel ', 'cost_per_tonne': 420000000.0, 'abatement_potential': 164092.86, 'implementation_time': 6, 'type': 'general'}, {'name': ' CCS                                ', 'cost_per_tonne': 900000000.0, 'abatement_potential': 546976.2, 'implementation_time': 6, 'type': 'general'}, {'name': ' Decreasing clinker to 85% in OPC   ', 'cost_per_tonne': 1200000000.0, 'abatement_potential': 45581.35, 'implementation_time': 6, 'type': 'general'}, {'name': ' CCU                                ', 'cost_per_tonne': 1860000000.0, 'abatement_potential': 546976.2, 'implementation_time': 6, 'type': 'general'}, {'name': ' Offset                             ', 'cost_per_tonne': 1880000000.0, 'abatement_potential': 109395.24, 'implementation_time': 6, 'type': 'general'}]"
168,CE_F153, CEMENT   ,2004899,0.02,0.02,0.02,0.610605402,30034815950,134.0038753,True,0.1,200, ,30034800000000.0,30034815950,"[{'name': ' Efficient electrical equipment     ', 'cost_per_tonne': -430000000.0, 'abatement_potential': 11898.51, 'implementation_time': 6, 'type': 'general'}, {'name': ' Waste heat recovery                ', 'cost_per_tonne': -420000000.0, 'abatement_potential': 47594.04, 'implementation_time': 6, 'type': 'general'}, {'name': ' Automation system                  ', 'cost_per_tonne': -410000000.0, 'abatement_potential': 23797.02, 'implementation_time': 6, 'type': 'general'}, {'name': ' Efficient grinding system          ', 'cost_per_tonne': -360000000.0, 'abatement_potential': 29746.28, 'implementation_time': 6, 'type': 'general'}, {'name': ' Optimising auxiliary power         ', 'cost_per_tonne': -340000000.0, 'abatement_potential': 5949.26, 'implementation_time': 6, 'type': 'general'}, {'name': ' Increasing slag to 70% in PSC      ', 'cost_per_tonne': -300000000.0, 'abatement_potential': 29746.28, 'implementation_time': 6, 'type': 'general'}, {'name': ' Enhancement in Kiln                ', 'cost_per_tonne': -280000000.0, 'abatement_potential': 17847.77, 'implementation_time': 6, 'type': 'general'}, {'name': ' Heat rate reduction in CPP         ', 'cost_per_tonne': -260000000.0, 'abatement_potential': 11898.51, 'implementation_time': 6, 'type': 'general'}, {'name': ' Improving burnability of material  ', 'cost_per_tonne': -130000000.0, 'abatement_potential': 41644.79, 'implementation_time': 6, 'type': 'general'}, {'name': ' Burner retrofit                    ', 'cost_per_tonne': -120000000.0, 'abatement_potential': 5949.26, 'implementation_time': 6, 'type': 'general'}, {'name': ' High efficiency clinker coolers    ', 'cost_per_tonne': -100000000.0, 'abatement_potential': 17847.77, 'implementation_time': 6, 'type': 'general'}, {'name': ' Substitute OPC with LC3 cement     ', 'cost_per_tonne': -80000000.0, 'abatement_potential': 23797.02, 'implementation_time': 6, 'type': 'general'}, {'name': ' Increasing fly ash to 35% in PPC   ', 'cost_per_tonne': -70000000.0, 'abatement_potential': 59492.55, 'implementation_time': 6, 'type': 'general'}, {'name': ' Renewable energy use in electricity', 'cost_per_tonne': 180000000.0, 'abatement_potential': 47594.04, 'implementation_time': 6, 'type': 'general'}, {'name': ' Increasing TSR to 30% in kiln fuel ', 'cost_per_tonne': 420000000.0, 'abatement_potential': 107086.59, 'implementation_time': 6, 'type': 'general'}, {'name': ' CCS                                ', 'cost_per_tonne': 900000000.0, 'abatement_potential': 356955.31, 'implementation_time': 6, 'type': 'general'}, {'name': ' Decreasing clinker to 85% in OPC   ', 'cost_per_tonne': 1200000000.0, 'abatement_potential': 29746.28, 'implementation_time': 6, 'type': 'general'}, {'name': ' CCU                                ', 'cost_per_tonne': 1860000000.0, 'abatement_potential': 356955.31, 'implementation_time': 6, 'type': 'general'}, {'name': ' Offset                             ', 'cost_per_tonne': 1880000000.0, 'abatement_potential': 71391.06, 'implementation_time': 6, 'type': 'general'}]"
169,CE_F154, CEMENT   ,3846091,0.02,0.02,0.02,0.611311867,30028924965,133.8499661,True,0.1,200, ,30028900000000.0,30028924965,"[{'name': ' Efficient electrical equipment     ', 'cost_per_tonne': -430000000.0, 'abatement_potential': 22825.47, 'implementation_time': 6, 'type': 'general'}, {'name': ' Waste heat recovery                ', 'cost_per_tonne': -420000000.0, 'abatement_potential': 91301.86, 'implementation_time': 6, 'type': 'general'}, {'name': ' Automation system                  ', 'cost_per_tonne': -410000000.0, 'abatement_potential': 45650.93, 'implementation_time': 6, 'type': 'general'}, {'name': ' Efficient grinding system          ', 'cost_per_tonne': -360000000.0, 'abatement_potential': 57063.66, 'implementation_time': 6, 'type': 'general'}, {'name': ' Optimising auxiliary power         ', 'cost_per_tonne': -340000000.0, 'abatement_potential': 11412.73, 'implementation_time': 6, 'type': 'general'}, {'name': ' Increasing slag to 70% in PSC      ', 'cost_per_tonne': -300000000.0, 'abatement_potential': 57063.66, 'implementation_time': 6, 'type': 'general'}, {'name': ' Enhancement in Kiln                ', 'cost_per_tonne': -280000000.0, 'abatement_potential': 34238.2, 'implementation_time': 6, 'type': 'general'}, {'name': ' Heat rate reduction in CPP         ', 'cost_per_tonne': -260000000.0, 'abatement_potential': 22825.47, 'implementation_time': 6, 'type': 'general'}, {'name': ' Improving burnability of material  ', 'cost_per_tonne': -130000000.0, 'abatement_potential': 79889.13, 'implementation_time': 6, 'type': 'general'}, {'name': ' Burner retrofit                    ', 'cost_per_tonne': -120000000.0, 'abatement_potential': 11412.73, 'implementation_time': 6, 'type': 'general'}, {'name': ' High efficiency clinker coolers    ', 'cost_per_tonne': -100000000.0, 'abatement_potential': 34238.2, 'implementation_time': 6, 'type': 'general'}, {'name': ' Substitute OPC with LC3 cement     ', 'cost_per_tonne': -80000000.0, 'abatement_potential': 45650.93, 'implementation_time': 6, 'type': 'general'}, {'name': ' Increasing fly ash to 35% in PPC   ', 'cost_per_tonne': -70000000.0, 'abatement_potential': 114127.33, 'implementation_time': 6, 'type': 'general'}, {'name': ' Renewable energy use in electricity', 'cost_per_tonne': 180000000.0, 'abatement_potential': 91301.86, 'implementation_time': 6, 'type': 'general'}, {'name': ' Increasing TSR to 30% in kiln fuel ', 'cost_per_tonne': 420000000.0, 'abatement_potential': 205429.19, 'implementation_time': 6, 'type': 'general'}, {'name': ' CCS                                ', 'cost_per_tonne': 900000000.0, 'abatement_potential': 684763.98, 'implementation_time': 6, 'type': 'general'}, {'name': ' Decreasing clinker to 85% in OPC   ', 'cost_per_tonne': 1200000000.0, 'abatement_potential': 57063.66, 'implementation_time': 6, 'type': 'general'}, {'name': ' CCU                                ', 'cost_per_tonne': 1860000000.0, 'abatement_potential': 684763.98, 'implementation_time': 6, 'type': 'general'}, {'name': ' Offset                             ', 'cost_per_tonne': 1880000000.0, 'abatement_potential': 136952.8, 'implementation_time': 6, 'type': 'general'}]"
170,CE_F155, CEMENT   ,2638809,0.02,0.02,0.02,0.612018332,30023033979,133.6960569,True,0.1,200, ,30023000000000.0,30023033979,"[{'name': ' Efficient electrical equipment     ', 'cost_per_tonne': -430000000.0, 'abatement_potential': 15660.59, 'implementation_time': 6, 'type': 'general'}, {'name': ' Waste heat recovery                ', 'cost_per_tonne': -420000000.0, 'abatement_potential': 62642.35, 'implementation_time': 6, 'type': 'general'}, {'name': ' Automation system                  ', 'cost_per_tonne': -410000000.0, 'abatement_potential': 31321.18, 'implementation_time': 6, 'type': 'general'}, {'name': ' Efficient grinding system          ', 'cost_per_tonne': -360000000.0, 'abatement_potential': 39151.47, 'implementation_time': 6, 'type': 'general'}, {'name': ' Optimising auxiliary power         ', 'cost_per_tonne': -340000000.0, 'abatement_potential': 7830.29, 'implementation_time': 6, 'type': 'general'}, {'name': ' Increasing slag to 70% in PSC      ', 'cost_per_tonne': -300000000.0, 'abatement_potential': 39151.47, 'implementation_time': 6, 'type': 'general'}, {'name': ' Enhancement in Kiln                ', 'cost_per_tonne': -280000000.0, 'abatement_potential': 23490.88, 'implementation_time': 6, 'type': 'general'}, {'name': ' Heat rate reduction in CPP         ', 'cost_per_tonne': -260000000.0, 'abatement_potential': 15660.59, 'implementation_time': 6, 'type': 'general'}, {'name': ' Improving burnability of material  ', 'cost_per_tonne': -130000000.0, 'abatement_potential': 54812.06, 'implementation_time': 6, 'type': 'general'}, {'name': ' Burner retrofit                    ', 'cost_per_tonne': -120000000.0, 'abatement_potential': 7830.29, 'implementation_time': 6, 'type': 'general'}, {'name': ' High efficiency clinker coolers    ', 'cost_per_tonne': -100000000.0, 'abatement_potential': 23490.88, 'implementation_time': 6, 'type': 'general'}, {'name': ' Substitute OPC with LC3 cement     ', 'cost_per_tonne': -80000000.0, 'abatement_potential': 31321.18, 'implementation_time': 6, 'type': 'general'}, {'name': ' Increasing fly ash to 35% in PPC   ', 'cost_per_tonne': -70000000.0, 'abatement_potential': 78302.94, 'implementation_time': 6, 'type': 'general'}, {'name': ' Renewable energy use in electricity', 'cost_per_tonne': 180000000.0, 'abatement_potential': 62642.35, 'implementation_time': 6, 'type': 'general'}, {'name': ' Increasing TSR to 30% in kiln fuel ', 'cost_per_tonne': 420000000.0, 'abatement_potential': 140945.29, 'implementation_time': 6, 'type': 'general'}, {'name': ' CCS                                ', 'cost_per_tonne': 900000000.0, 'abatement_potential': 469817.63, 'implementation_time': 6, 'type': 'general'}, {'name': ' Decreasing clinker to 85% in OPC   ', 'cost_per_tonne': 1200000000.0, 'abatement_potential': 39151.47, 'implementation_time': 6, 'type': 'general'}, {'name': ' CCU                                ', 'cost_per_tonne': 1860000000.0, 'abatement_potential': 469817.63, 'implementation_time': 6, 'type': 'general'}, {'name': ' Offset                             ', 'cost_per_tonne': 1880000000.0, 'abatement_potential': 93963.53, 'implementation_time': 6, 'type': 'general'}]"
171,CE_F156, CEMENT   ,1116774,0.02,0.02,0.02,0.612724798,30017142993,133.5421478,True,0.1,200, ,30017100000000.0,30017142993,"[{'name': ' Efficient electrical equipment     ', 'cost_per_tonne': -430000000.0, 'abatement_potential': 6627.74, 'implementation_time': 6, 'type': 'general'}, {'name': ' Waste heat recovery                ', 'cost_per_tonne': -420000000.0, 'abatement_potential': 26510.96, 'implementation_time': 6, 'type': 'general'}, {'name': ' Automation system                  ', 'cost_per_tonne': -410000000.0, 'abatement_potential': 13255.48, 'implementation_time': 6, 'type': 'general'}, {'name': ' Efficient grinding system          ', 'cost_per_tonne': -360000000.0, 'abatement_potential': 16569.35, 'implementation_time': 6, 'type': 'general'}, {'name': ' Optimising auxiliary power         ', 'cost_per_tonne': -340000000.0, 'abatement_potential': 3313.87, 'implementation_time': 6, 'type': 'general'}, {'name': ' Increasing slag to 70% in PSC      ', 'cost_per_tonne': -300000000.0, 'abatement_potential': 16569.35, 'implementation_time': 6, 'type': 'general'}, {'name': ' Enhancement in Kiln                ', 'cost_per_tonne': -280000000.0, 'abatement_potential': 9941.61, 'implementation_time': 6, 'type': 'general'}, {'name': ' Heat rate reduction in CPP         ', 'cost_per_tonne': -260000000.0, 'abatement_potential': 6627.74, 'implementation_time': 6, 'type': 'general'}, {'name': ' Improving burnability of material  ', 'cost_per_tonne': -130000000.0, 'abatement_potential': 23197.09, 'implementation_time': 6, 'type': 'general'}, {'name': ' Burner retrofit                    ', 'cost_per_tonne': -120000000.0, 'abatement_potential': 3313.87, 'implementation_time': 6, 'type': 'general'}, {'name': ' High efficiency clinker coolers    ', 'cost_per_tonne': -100000000.0, 'abatement_potential': 9941.61, 'implementation_time': 6, 'type': 'general'}, {'name': ' Substitute OPC with LC3 cement     ', 'cost_per_tonne': -80000000.0, 'abatement_potential': 13255.48, 'implementation_time': 6, 'type': 'general'}, {'name': ' Increasing fly ash to 35% in PPC   ', 'cost_per_tonne': -70000000.0, 'abatement_potential': 33138.69, 'implementation_time': 6, 'type': 'general'}, {'name': ' Renewable energy use in electricity', 'cost_per_tonne': 180000000.0, 'abatement_potential': 26510.96, 'implementation_time': 6, 'type': 'general'}, {'name': ' Increasing TSR to 30% in kiln fuel ', 'cost_per_tonne': 420000000.0, 'abatement_potential': 59649.65, 'implementation_time': 6, 'type': 'general'}, {'name': ' CCS                                ', 'cost_per_tonne': 900000000.0, 'abatement_potential': 198832.17, 'implementation_time': 6, 'type': 'general'}, {'name': ' Decreasing clinker to 85% in OPC   ', 'cost_per_tonne': 1200000000.0, 'abatement_potential': 16569.35, 'implementation_time': 6, 'type': 'general'}, {'name': ' CCU                                ', 'cost_per_tonne': 1860000000.0, 'abatement_potential': 198832.17, 'implementation_time': 6, 'type': 'general'}, {'name': ' Offset                             ', 'cost_per_tonne': 1880000000.0, 'abatement_potential': 39766.43, 'implementation_time': 6, 'type': 'general'}]"
172,CE_F157, CEMENT   ,2659026,0.02,0.02,0.02,0.613431263,30011252007,133.3882386,True,0.1,200, ,30011300000000.0,30011252007,"[{'name': ' Efficient electrical equipment     ', 'cost_per_tonne': -430000000.0, 'abatement_potential': 15780.57, 'implementation_time': 6, 'type': 'general'}, {'name': ' Waste heat recovery                ', 'cost_per_tonne': -420000000.0, 'abatement_potential': 63122.28, 'implementation_time': 6, 'type': 'general'}, {'name': ' Automation system                  ', 'cost_per_tonne': -410000000.0, 'abatement_potential': 31561.14, 'implementation_time': 6, 'type': 'general'}, {'name': ' Efficient grinding system          ', 'cost_per_tonne': -360000000.0, 'abatement_potential': 39451.42, 'implementation_time': 6, 'type': 'general'}, {'name': ' Optimising auxiliary power         ', 'cost_per_tonne': -340000000.0, 'abatement_potential': 7890.28, 'implementation_time': 6, 'type': 'general'}, {'name': ' Increasing slag to 70% in PSC      ', 'cost_per_tonne': -300000000.0, 'abatement_potential': 39451.42, 'implementation_time': 6, 'type': 'general'}, {'name': ' Enhancement in Kiln                ', 'cost_per_tonne': -280000000.0, 'abatement_potential': 23670.85, 'implementation_time': 6, 'type': 'general'}, {'name': ' Heat rate reduction in CPP         ', 'cost_per_tonne': -260000000.0, 'abatement_potential': 15780.57, 'implementation_time': 6, 'type': 'general'}, {'name': ' Improving burnability of material  ', 'cost_per_tonne': -130000000.0, 'abatement_potential': 55231.99, 'implementation_time': 6, 'type': 'general'}, {'name': ' Burner retrofit                    ', 'cost_per_tonne': -120000000.0, 'abatement_potential': 7890.28, 'implementation_time': 6, 'type': 'general'}, {'name': ' High efficiency clinker coolers    ', 'cost_per_tonne': -100000000.0, 'abatement_potential': 23670.85, 'implementation_time': 6, 'type': 'general'}, {'name': ' Substitute OPC with LC3 cement     ', 'cost_per_tonne': -80000000.0, 'abatement_potential': 31561.14, 'implementation_time': 6, 'type': 'general'}, {'name': ' Increasing fly ash to 35% in PPC   ', 'cost_per_tonne': -70000000.0, 'abatement_potential': 78902.85, 'implementation_time': 6, 'type': 'general'}, {'name': ' Renewable energy use in electricity', 'cost_per_tonne': 180000000.0, 'abatement_potential': 63122.28, 'implementation_time': 6, 'type': 'general'}, {'name': ' Increasing TSR to 30% in kiln fuel ', 'cost_per_tonne': 420000000.0, 'abatement_potential': 142025.13, 'implementation_time': 6, 'type': 'general'}, {'name': ' CCS                                ', 'cost_per_tonne': 900000000.0, 'abatement_potential': 473417.09, 'implementation_time': 6, 'type': 'general'}, {'name': ' Decreasing clinker to 85% in OPC   ', 'cost_per_tonne': 1200000000.0, 'abatement_potential': 39451.42, 'implementation_time': 6, 'type': 'general'}, {'name': ' CCU                                ', 'cost_per_tonne': 1860000000.0, 'abatement_potential': 473417.09, 'implementation_time': 6, 'type': 'general'}, {'name': ' Offset                             ', 'cost_per_tonne': 1880000000.0, 'abatement_potential': 94683.42, 'implementation_time': 6, 'type': 'general'}]"
173,CE_F158, CEMENT   ,1441016,0.02,0.02,0.02,0.614137728,30005361021,133.2343294,True,0.1,200, ,30005400000000.0,30005361021,"[{'name': ' Efficient electrical equipment     ', 'cost_per_tonne': -430000000.0, 'abatement_potential': 8552.02, 'implementation_time': 6, 'type': 'general'}, {'name': ' Waste heat recovery                ', 'cost_per_tonne': -420000000.0, 'abatement_potential': 34208.09, 'implementation_time': 6, 'type': 'general'}, {'name': ' Automation system                  ', 'cost_per_tonne': -410000000.0, 'abatement_potential': 17104.05, 'implementation_time': 6, 'type': 'general'}, {'name': ' Efficient grinding system          ', 'cost_per_tonne': -360000000.0, 'abatement_potential': 21380.06, 'implementation_time': 6, 'type': 'general'}, {'name': ' Optimising auxiliary power         ', 'cost_per_tonne': -340000000.0, 'abatement_potential': 4276.01, 'implementation_time': 6, 'type': 'general'}, {'name': ' Increasing slag to 70% in PSC      ', 'cost_per_tonne': -300000000.0, 'abatement_potential': 21380.06, 'implementation_time': 6, 'type': 'general'}, {'name': ' Enhancement in Kiln                ', 'cost_per_tonne': -280000000.0, 'abatement_potential': 12828.04, 'implementation_time': 6, 'type': 'general'}, {'name': ' Heat rate reduction in CPP         ', 'cost_per_tonne': -260000000.0, 'abatement_potential': 8552.02, 'implementation_time': 6, 'type': 'general'}, {'name': ' Improving burnability of material  ', 'cost_per_tonne': -130000000.0, 'abatement_potential': 29932.08, 'implementation_time': 6, 'type': 'general'}, {'name': ' Burner retrofit                    ', 'cost_per_tonne': -120000000.0, 'abatement_potential': 4276.01, 'implementation_time': 6, 'type': 'general'}, {'name': ' High efficiency clinker coolers    ', 'cost_per_tonne': -100000000.0, 'abatement_potential': 12828.04, 'implementation_time': 6, 'type': 'general'}, {'name': ' Substitute OPC with LC3 cement     ', 'cost_per_tonne': -80000000.0, 'abatement_potential': 17104.05, 'implementation_time': 6, 'type': 'general'}, {'name': ' Increasing fly ash to 35% in PPC   ', 'cost_per_tonne': -70000000.0, 'abatement_potential': 42760.12, 'implementation_time': 6, 'type': 'general'}, {'name': ' Renewable energy use in electricity', 'cost_per_tonne': 180000000.0, 'abatement_potential': 34208.09, 'implementation_time': 6, 'type': 'general'}, {'name': ' Increasing TSR to 30% in kiln fuel ', 'cost_per_tonne': 420000000.0, 'abatement_potential': 76968.21, 'implementation_time': 6, 'type': 'general'}, {'name': ' CCS                                ', 'cost_per_tonne': 900000000.0, 'abatement_potential': 256560.71, 'implementation_time': 6, 'type': 'general'}, {'name': ' Decreasing clinker to 85% in OPC   ', 'cost_per_tonne': 1200000000.0, 'abatement_potential': 21380.06, 'implementation_time': 6, 'type': 'general'}, {'name': ' CCU                                ', 'cost_per_tonne': 1860000000.0, 'abatement_potential': 256560.71, 'implementation_time': 6, 'type': 'general'}, {'name': ' Offset                             ', 'cost_per_tonne': 1880000000.0, 'abatement_potential': 51312.14, 'implementation_time': 6, 'type': 'general'}]"
174,CE_F159, CEMENT   ,1059100,0.02,0.02,0.02,0.614844193,29999470035,133.0804202,True,0.1,200, ,29999500000000.0,29999470035,"[{'name': ' Efficient electrical equipment     ', 'cost_per_tonne': -430000000.0, 'abatement_potential': 6285.46, 'implementation_time': 6, 'type': 'general'}, {'name': ' Waste heat recovery                ', 'cost_per_tonne': -420000000.0, 'abatement_potential': 25141.84, 'implementation_time': 6, 'type': 'general'}, {'name': ' Automation system                  ', 'cost_per_tonne': -410000000.0, 'abatement_potential': 12570.92, 'implementation_time': 6, 'type': 'general'}, {'name': ' Efficient grinding system          ', 'cost_per_tonne': -360000000.0, 'abatement_potential': 15713.65, 'implementation_time': 6, 'type': 'general'}, {'name': ' Optimising auxiliary power         ', 'cost_per_tonne': -340000000.0, 'abatement_potential': 3142.73, 'implementation_time': 6, 'type': 'general'}, {'name': ' Increasing slag to 70% in PSC      ', 'cost_per_tonne': -300000000.0, 'abatement_potential': 15713.65, 'implementation_time': 6, 'type': 'general'}, {'name': ' Enhancement in Kiln                ', 'cost_per_tonne': -280000000.0, 'abatement_potential': 9428.19, 'implementation_time': 6, 'type': 'general'}, {'name': ' Heat rate reduction in CPP         ', 'cost_per_tonne': -260000000.0, 'abatement_potential': 6285.46, 'implementation_time': 6, 'type': 'general'}, {'name': ' Improving burnability of material  ', 'cost_per_tonne': -130000000.0, 'abatement_potential': 21999.11, 'implementation_time': 6, 'type': 'general'}, {'name': ' Burner retrofit                    ', 'cost_per_tonne': -120000000.0, 'abatement_potential': 3142.73, 'implementation_time': 6, 'type': 'general'}, {'name': ' High efficiency clinker coolers    ', 'cost_per_tonne': -100000000.0, 'abatement_potential': 9428.19, 'implementation_time': 6, 'type': 'general'}, {'name': ' Substitute OPC with LC3 cement     ', 'cost_per_tonne': -80000000.0, 'abatement_potential': 12570.92, 'implementation_time': 6, 'type': 'general'}, {'name': ' Increasing fly ash to 35% in PPC   ', 'cost_per_tonne': -70000000.0, 'abatement_potential': 31427.3, 'implementation_time': 6, 'type': 'general'}, {'name': ' Renewable energy use in electricity', 'cost_per_tonne': 180000000.0, 'abatement_potential': 25141.84, 'implementation_time': 6, 'type': 'general'}, {'name': ' Increasing TSR to 30% in kiln fuel ', 'cost_per_tonne': 420000000.0, 'abatement_potential': 56569.14, 'implementation_time': 6, 'type': 'general'}, {'name': ' CCS                                ', 'cost_per_tonne': 900000000.0, 'abatement_potential': 188563.8, 'implementation_time': 6, 'type': 'general'}, {'name': ' Decreasing clinker to 85% in OPC   ', 'cost_per_tonne': 1200000000.0, 'abatement_potential': 15713.65, 'implementation_time': 6, 'type': 'general'}, {'name': ' CCU                                ', 'cost_per_tonne': 1860000000.0, 'abatement_potential': 188563.8, 'implementation_time': 6, 'type': 'general'}, {'name': ' Offset                             ', 'cost_per_tonne': 1880000000.0, 'abatement_potential': 37712.76, 'implementation_time': 6, 'type': 'general'}]"
175,CE_F160, CEMENT   ,1636298,0.02,0.02,0.02,0.615550659,29993579049,132.9265111,True,0.1,200, ,29993600000000.0,29993579049,"[{'name': ' Efficient electrical equipment     ', 'cost_per_tonne': -430000000.0, 'abatement_potential': 9710.97, 'implementation_time': 6, 'type': 'general'}, {'name': ' Waste heat recovery                ', 'cost_per_tonne': -420000000.0, 'abatement_potential': 38843.87, 'implementation_time': 6, 'type': 'general'}, {'name': ' Automation system                  ', 'cost_per_tonne': -410000000.0, 'abatement_potential': 19421.93, 'implementation_time': 6, 'type': 'general'}, {'name': ' Efficient grinding system          ', 'cost_per_tonne': -360000000.0, 'abatement_potential': 24277.42, 'implementation_time': 6, 'type': 'general'}, {'name': ' Optimising auxiliary power         ', 'cost_per_tonne': -340000000.0, 'abatement_potential': 4855.48, 'implementation_time': 6, 'type': 'general'}, {'name': ' Increasing slag to 70% in PSC      ', 'cost_per_tonne': -300000000.0, 'abatement_potential': 24277.42, 'implementation_time': 6, 'type': 'general'}, {'name': ' Enhancement in Kiln                ', 'cost_per_tonne': -280000000.0, 'abatement_potential': 14566.45, 'implementation_time': 6, 'type': 'general'}, {'name': ' Heat rate reduction in CPP         ', 'cost_per_tonne': -260000000.0, 'abatement_potential': 9710.97, 'implementation_time': 6, 'type': 'general'}, {'name': ' Improving burnability of material  ', 'cost_per_tonne': -130000000.0, 'abatement_potential': 33988.39, 'implementation_time': 6, 'type': 'general'}, {'name': ' Burner retrofit                    ', 'cost_per_tonne': -120000000.0, 'abatement_potential': 4855.48, 'implementation_time': 6, 'type': 'general'}, {'name': ' High efficiency clinker coolers    ', 'cost_per_tonne': -100000000.0, 'abatement_potential': 14566.45, 'implementation_time': 6, 'type': 'general'}, {'name': ' Substitute OPC with LC3 cement     ', 'cost_per_tonne': -80000000.0, 'abatement_potential': 19421.93, 'implementation_time': 6, 'type': 'general'}, {'name': ' Increasing fly ash to 35% in PPC   ', 'cost_per_tonne': -70000000.0, 'abatement_potential': 48554.84, 'implementation_time': 6, 'type': 'general'}, {'name': ' Renewable energy use in electricity', 'cost_per_tonne': 180000000.0, 'abatement_potential': 38843.87, 'implementation_time': 6, 'type': 'general'}, {'name': ' Increasing TSR to 30% in kiln fuel ', 'cost_per_tonne': 420000000.0, 'abatement_potential': 87398.71, 'implementation_time': 6, 'type': 'general'}, {'name': ' CCS                                ', 'cost_per_tonne': 900000000.0, 'abatement_potential': 291329.02, 'implementation_time': 6, 'type': 'general'}, {'name': ' Decreasing clinker to 85% in OPC   ', 'cost_per_tonne': 1200000000.0, 'abatement_potential': 24277.42, 'implementation_time': 6, 'type': 'general'}, {'name': ' CCU                                ', 'cost_per_tonne': 1860000000.0, 'abatement_potential': 291329.02, 'implementation_time': 6, 'type': 'general'}, {'name': ' Offset                             ', 'cost_per_tonne': 1880000000.0, 'abatement_potential': 58265.8, 'implementation_time': 6, 'type': 'general'}]"
176,CE_F161, CEMENT   ,1274359,0.02,0.02,0.02,0.616257124,29987688063,132.7726019,True,0.1,200, ,29987700000000.0,29987688063,"[{'name': ' Efficient electrical equipment     ', 'cost_per_tonne': -430000000.0, 'abatement_potential': 7562.96, 'implementation_time': 6, 'type': 'general'}, {'name': ' Waste heat recovery                ', 'cost_per_tonne': -420000000.0, 'abatement_potential': 30251.85, 'implementation_time': 6, 'type': 'general'}, {'name': ' Automation system                  ', 'cost_per_tonne': -410000000.0, 'abatement_potential': 15125.92, 'implementation_time': 6, 'type': 'general'}, {'name': ' Efficient grinding system          ', 'cost_per_tonne': -360000000.0, 'abatement_potential': 18907.4, 'implementation_time': 6, 'type': 'general'}, {'name': ' Optimising auxiliary power         ', 'cost_per_tonne': -340000000.0, 'abatement_potential': 3781.48, 'implementation_time': 6, 'type': 'general'}, {'name': ' Increasing slag to 70% in PSC      ', 'cost_per_tonne': -300000000.0, 'abatement_potential': 18907.4, 'implementation_time': 6, 'type': 'general'}, {'name': ' Enhancement in Kiln                ', 'cost_per_tonne': -280000000.0, 'abatement_potential': 11344.44, 'implementation_time': 6, 'type': 'general'}, {'name': ' Heat rate reduction in CPP         ', 'cost_per_tonne': -260000000.0, 'abatement_potential': 7562.96, 'implementation_time': 6, 'type': 'general'}, {'name': ' Improving burnability of material  ', 'cost_per_tonne': -130000000.0, 'abatement_potential': 26470.36, 'implementation_time': 6, 'type': 'general'}, {'name': ' Burner retrofit                    ', 'cost_per_tonne': -120000000.0, 'abatement_potential': 3781.48, 'implementation_time': 6, 'type': 'general'}, {'name': ' High efficiency clinker coolers    ', 'cost_per_tonne': -100000000.0, 'abatement_potential': 11344.44, 'implementation_time': 6, 'type': 'general'}, {'name': ' Substitute OPC with LC3 cement     ', 'cost_per_tonne': -80000000.0, 'abatement_potential': 15125.92, 'implementation_time': 6, 'type': 'general'}, {'name': ' Increasing fly ash to 35% in PPC   ', 'cost_per_tonne': -70000000.0, 'abatement_potential': 37814.81, 'implementation_time': 6, 'type': 'general'}, {'name': ' Renewable energy use in electricity', 'cost_per_tonne': 180000000.0, 'abatement_potential': 30251.85, 'implementation_time': 6, 'type': 'general'}, {'name': ' Increasing TSR to 30% in kiln fuel ', 'cost_per_tonne': 420000000.0, 'abatement_potential': 68066.65, 'implementation_time': 6, 'type': 'general'}, {'name': ' CCS                                ', 'cost_per_tonne': 900000000.0, 'abatement_potential': 226888.84, 'implementation_time': 6, 'type': 'general'}, {'name': ' Decreasing clinker to 85% in OPC   ', 'cost_per_tonne': 1200000000.0, 'abatement_potential': 18907.4, 'implementation_time': 6, 'type': 'general'}, {'name': ' CCU                                ', 'cost_per_tonne': 1860000000.0, 'abatement_potential': 226888.84, 'implementation_time': 6, 'type': 'general'}, {'name': ' Offset                             ', 'cost_per_tonne': 1880000000.0, 'abatement_potential': 45377.77, 'implementation_time': 6, 'type': 'general'}]"
177,CE_F162, CEMENT   ,2397521,0.03,0.02,0.02,0.616963589,29981797077,132.6186927,True,0.1,200, ,29981800000000.0,29981797077,"[{'name': ' Efficient electrical equipment     ', 'cost_per_tonne': -430000000.0, 'abatement_potential': 14228.61, 'implementation_time': 6, 'type': 'general'}, {'name': ' Waste heat recovery                ', 'cost_per_tonne': -420000000.0, 'abatement_potential': 56914.45, 'implementation_time': 6, 'type': 'general'}, {'name': ' Automation system                  ', 'cost_per_tonne': -410000000.0, 'abatement_potential': 28457.22, 'implementation_time': 6, 'type': 'general'}, {'name': ' Efficient grinding system          ', 'cost_per_tonne': -360000000.0, 'abatement_potential': 35571.53, 'implementation_time': 6, 'type': 'general'}, {'name': ' Optimising auxiliary power         ', 'cost_per_tonne': -340000000.0, 'abatement_potential': 7114.31, 'implementation_time': 6, 'type': 'general'}, {'name': ' Increasing slag to 70% in PSC      ', 'cost_per_tonne': -300000000.0, 'abatement_potential': 35571.53, 'implementation_time': 6, 'type': 'general'}, {'name': ' Enhancement in Kiln                ', 'cost_per_tonne': -280000000.0, 'abatement_potential': 21342.92, 'implementation_time': 6, 'type': 'general'}, {'name': ' Heat rate reduction in CPP         ', 'cost_per_tonne': -260000000.0, 'abatement_potential': 14228.61, 'implementation_time': 6, 'type': 'general'}, {'name': ' Improving burnability of material  ', 'cost_per_tonne': -130000000.0, 'abatement_potential': 49800.14, 'implementation_time': 6, 'type': 'general'}, {'name': ' Burner retrofit                    ', 'cost_per_tonne': -120000000.0, 'abatement_potential': 7114.31, 'implementation_time': 6, 'type': 'general'}, {'name': ' High efficiency clinker coolers    ', 'cost_per_tonne': -100000000.0, 'abatement_potential': 21342.92, 'implementation_time': 6, 'type': 'general'}, {'name': ' Substitute OPC with LC3 cement     ', 'cost_per_tonne': -80000000.0, 'abatement_potential': 28457.22, 'implementation_time': 6, 'type': 'general'}, {'name': ' Increasing fly ash to 35% in PPC   ', 'cost_per_tonne': -70000000.0, 'abatement_potential': 71143.06, 'implementation_time': 6, 'type': 'general'}, {'name': ' Renewable energy use in electricity', 'cost_per_tonne': 180000000.0, 'abatement_potential': 56914.45, 'implementation_time': 6, 'type': 'general'}, {'name': ' Increasing TSR to 30% in kiln fuel ', 'cost_per_tonne': 420000000.0, 'abatement_potential': 128057.5, 'implementation_time': 6, 'type': 'general'}, {'name': ' CCS                                ', 'cost_per_tonne': 900000000.0, 'abatement_potential': 426858.34, 'implementation_time': 6, 'type': 'general'}, {'name': ' Decreasing clinker to 85% in OPC   ', 'cost_per_tonne': 1200000000.0, 'abatement_potential': 35571.53, 'implementation_time': 6, 'type': 'general'}, {'name': ' CCU                                ', 'cost_per_tonne': 1860000000.0, 'abatement_potential': 426858.34, 'implementation_time': 6, 'type': 'general'}, {'name': ' Offset                             ', 'cost_per_tonne': 1880000000.0, 'abatement_potential': 85371.67, 'implementation_time': 6, 'type': 'general'}]"
178,CE_F163, CEMENT   ,2580937,0.03,0.02,0.02,0.617670055,29975906091,132.4647836,True,0.1,200, ,29975900000000.0,29975906091,"[{'name': ' Efficient electrical equipment     ', 'cost_per_tonne': -430000000.0, 'abatement_potential': 15317.13, 'implementation_time': 6, 'type': 'general'}, {'name': ' Waste heat recovery                ', 'cost_per_tonne': -420000000.0, 'abatement_potential': 61268.53, 'implementation_time': 6, 'type': 'general'}, {'name': ' Automation system                  ', 'cost_per_tonne': -410000000.0, 'abatement_potential': 30634.27, 'implementation_time': 6, 'type': 'general'}, {'name': ' Efficient grinding system          ', 'cost_per_tonne': -360000000.0, 'abatement_potential': 38292.83, 'implementation_time': 6, 'type': 'general'}, {'name': ' Optimising auxiliary power         ', 'cost_per_tonne': -340000000.0, 'abatement_potential': 7658.57, 'implementation_time': 6, 'type': 'general'}, {'name': ' Increasing slag to 70% in PSC      ', 'cost_per_tonne': -300000000.0, 'abatement_potential': 38292.83, 'implementation_time': 6, 'type': 'general'}, {'name': ' Enhancement in Kiln                ', 'cost_per_tonne': -280000000.0, 'abatement_potential': 22975.7, 'implementation_time': 6, 'type': 'general'}, {'name': ' Heat rate reduction in CPP         ', 'cost_per_tonne': -260000000.0, 'abatement_potential': 15317.13, 'implementation_time': 6, 'type': 'general'}, {'name': ' Improving burnability of material  ', 'cost_per_tonne': -130000000.0, 'abatement_potential': 53609.97, 'implementation_time': 6, 'type': 'general'}, {'name': ' Burner retrofit                    ', 'cost_per_tonne': -120000000.0, 'abatement_potential': 7658.57, 'implementation_time': 6, 'type': 'general'}, {'name': ' High efficiency clinker coolers    ', 'cost_per_tonne': -100000000.0, 'abatement_potential': 22975.7, 'implementation_time': 6, 'type': 'general'}, {'name': ' Substitute OPC with LC3 cement     ', 'cost_per_tonne': -80000000.0, 'abatement_potential': 30634.27, 'implementation_time': 6, 'type': 'general'}, {'name': ' Increasing fly ash to 35% in PPC   ', 'cost_per_tonne': -70000000.0, 'abatement_potential': 76585.67, 'implementation_time': 6, 'type': 'general'}, {'name': ' Renewable energy use in electricity', 'cost_per_tonne': 180000000.0, 'abatement_potential': 61268.53, 'implementation_time': 6, 'type': 'general'}, {'name': ' Increasing TSR to 30% in kiln fuel ', 'cost_per_tonne': 420000000.0, 'abatement_potential': 137854.2, 'implementation_time': 6, 'type': 'general'}, {'name': ' CCS                                ', 'cost_per_tonne': 900000000.0, 'abatement_potential': 459514.01, 'implementation_time': 6, 'type': 'general'}, {'name': ' Decreasing clinker to 85% in OPC   ', 'cost_per_tonne': 1200000000.0, 'abatement_potential': 38292.83, 'implementation_time': 6, 'type': 'general'}, {'name': ' CCU                                ', 'cost_per_tonne': 1860000000.0, 'abatement_potential': 459514.01, 'implementation_time': 6, 'type': 'general'}, {'name': ' Offset                             ', 'cost_per_tonne': 1880000000.0, 'abatement_potential': 91902.8, 'implementation_time': 6, 'type': 'general'}]"
179,CE_F164, CEMENT   ,2343627,0.03,0.03,0.03,0.61837652,29970015105,132.3108744,True,0.1,200, ,29970000000000.0,29970015105,"[{'name': ' Efficient electrical equipment     ', 'cost_per_tonne': -430000000.0, 'abatement_potential': 13908.77, 'implementation_time': 6, 'type': 'general'}, {'name': ' Waste heat recovery                ', 'cost_per_tonne': -420000000.0, 'abatement_potential': 55635.06, 'implementation_time': 6, 'type': 'general'}, {'name': ' Automation system                  ', 'cost_per_tonne': -410000000.0, 'abatement_potential': 27817.53, 'implementation_time': 6, 'type': 'general'}, {'name': ' Efficient grinding system          ', 'cost_per_tonne': -360000000.0, 'abatement_potential': 34771.91, 'implementation_time': 6, 'type': 'general'}, {'name': ' Optimising auxiliary power         ', 'cost_per_tonne': -340000000.0, 'abatement_potential': 6954.38, 'implementation_time': 6, 'type': 'general'}, {'name': ' Increasing slag to 70% in PSC      ', 'cost_per_tonne': -300000000.0, 'abatement_potential': 34771.91, 'implementation_time': 6, 'type': 'general'}, {'name': ' Enhancement in Kiln                ', 'cost_per_tonne': -280000000.0, 'abatement_potential': 20863.15, 'implementation_time': 6, 'type': 'general'}, {'name': ' Heat rate reduction in CPP         ', 'cost_per_tonne': -260000000.0, 'abatement_potential': 13908.77, 'implementation_time': 6, 'type': 'general'}, {'name': ' Improving burnability of material  ', 'cost_per_tonne': -130000000.0, 'abatement_potential': 48680.68, 'implementation_time': 6, 'type': 'general'}, {'name': ' Burner retrofit                    ', 'cost_per_tonne': -120000000.0, 'abatement_potential': 6954.38, 'implementation_time': 6, 'type': 'general'}, {'name': ' High efficiency clinker coolers    ', 'cost_per_tonne': -100000000.0, 'abatement_potential': 20863.15, 'implementation_time': 6, 'type': 'general'}, {'name': ' Substitute OPC with LC3 cement     ', 'cost_per_tonne': -80000000.0, 'abatement_potential': 27817.53, 'implementation_time': 6, 'type': 'general'}, {'name': ' Increasing fly ash to 35% in PPC   ', 'cost_per_tonne': -70000000.0, 'abatement_potential': 69543.83, 'implementation_time': 6, 'type': 'general'}, {'name': ' Renewable energy use in electricity', 'cost_per_tonne': 180000000.0, 'abatement_potential': 55635.06, 'implementation_time': 6, 'type': 'general'}, {'name': ' Increasing TSR to 30% in kiln fuel ', 'cost_per_tonne': 420000000.0, 'abatement_potential': 125178.89, 'implementation_time': 6, 'type': 'general'}, {'name': ' CCS                                ', 'cost_per_tonne': 900000000.0, 'abatement_potential': 417262.97, 'implementation_time': 6, 'type': 'general'}, {'name': ' Decreasing clinker to 85% in OPC   ', 'cost_per_tonne': 1200000000.0, 'abatement_potential': 34771.91, 'implementation_time': 6, 'type': 'general'}, {'name': ' CCU                                ', 'cost_per_tonne': 1860000000.0, 'abatement_potential': 417262.97, 'implementation_time': 6, 'type': 'general'}, {'name': ' Offset                             ', 'cost_per_tonne': 1880000000.0, 'abatement_potential': 83452.59, 'implementation_time': 6, 'type': 'general'}]"
180,CE_F165, CEMENT   ,1908069,0.03,0.03,0.03,0.619082985,29964124119,132.1569652,True,0.1,200, ,29964100000000.0,29964124119,"[{'name': ' Efficient electrical equipment     ', 'cost_per_tonne': -430000000.0, 'abatement_potential': 11323.85, 'implementation_time': 6, 'type': 'general'}, {'name': ' Waste heat recovery                ', 'cost_per_tonne': -420000000.0, 'abatement_potential': 45295.41, 'implementation_time': 6, 'type': 'general'}, {'name': ' Automation system                  ', 'cost_per_tonne': -410000000.0, 'abatement_potential': 22647.7, 'implementation_time': 6, 'type': 'general'}, {'name': ' Efficient grinding system          ', 'cost_per_tonne': -360000000.0, 'abatement_potential': 28309.63, 'implementation_time': 6, 'type': 'general'}, {'name': ' Optimising auxiliary power         ', 'cost_per_tonne': -340000000.0, 'abatement_potential': 5661.93, 'implementation_time': 6, 'type': 'general'}, {'name': ' Increasing slag to 70% in PSC      ', 'cost_per_tonne': -300000000.0, 'abatement_potential': 28309.63, 'implementation_time': 6, 'type': 'general'}, {'name': ' Enhancement in Kiln                ', 'cost_per_tonne': -280000000.0, 'abatement_potential': 16985.78, 'implementation_time': 6, 'type': 'general'}, {'name': ' Heat rate reduction in CPP         ', 'cost_per_tonne': -260000000.0, 'abatement_potential': 11323.85, 'implementation_time': 6, 'type': 'general'}, {'name': ' Improving burnability of material  ', 'cost_per_tonne': -130000000.0, 'abatement_potential': 39633.48, 'implementation_time': 6, 'type': 'general'}, {'name': ' Burner retrofit                    ', 'cost_per_tonne': -120000000.0, 'abatement_potential': 5661.93, 'implementation_time': 6, 'type': 'general'}, {'name': ' High efficiency clinker coolers    ', 'cost_per_tonne': -100000000.0, 'abatement_potential': 16985.78, 'implementation_time': 6, 'type': 'general'}, {'name': ' Substitute OPC with LC3 cement     ', 'cost_per_tonne': -80000000.0, 'abatement_potential': 22647.7, 'implementation_time': 6, 'type': 'general'}, {'name': ' Increasing fly ash to 35% in PPC   ', 'cost_per_tonne': -70000000.0, 'abatement_potential': 56619.26, 'implementation_time': 6, 'type': 'general'}, {'name': ' Renewable energy use in electricity', 'cost_per_tonne': 180000000.0, 'abatement_potential': 45295.41, 'implementation_time': 6, 'type': 'general'}, {'name': ' Increasing TSR to 30% in kiln fuel ', 'cost_per_tonne': 420000000.0, 'abatement_potential': 101914.66, 'implementation_time': 6, 'type': 'general'}, {'name': ' CCS                                ', 'cost_per_tonne': 900000000.0, 'abatement_potential': 339715.55, 'implementation_time': 6, 'type': 'general'}, {'name': ' Decreasing clinker to 85% in OPC   ', 'cost_per_tonne': 1200000000.0, 'abatement_potential': 28309.63, 'implementation_time': 6, 'type': 'general'}, {'name': ' CCU                                ', 'cost_per_tonne': 1860000000.0, 'abatement_potential': 339715.55, 'implementation_time': 6, 'type': 'general'}, {'name': ' Offset                             ', 'cost_per_tonne': 1880000000.0, 'abatement_potential': 67943.11, 'implementation_time': 6, 'type': 'general'}]"
181,CE_F166, CEMENT   ,2299152,0.03,0.03,0.03,0.61978945,29958233134,132.0030561,True,0.1,200, ,29958200000000.0,29958233134,"[{'name': ' Efficient electrical equipment     ', 'cost_per_tonne': -430000000.0, 'abatement_potential': 13644.82, 'implementation_time': 6, 'type': 'general'}, {'name': ' Waste heat recovery                ', 'cost_per_tonne': -420000000.0, 'abatement_potential': 54579.28, 'implementation_time': 6, 'type': 'general'}, {'name': ' Automation system                  ', 'cost_per_tonne': -410000000.0, 'abatement_potential': 27289.64, 'implementation_time': 6, 'type': 'general'}, {'name': ' Efficient grinding system          ', 'cost_per_tonne': -360000000.0, 'abatement_potential': 34112.05, 'implementation_time': 6, 'type': 'general'}, {'name': ' Optimising auxiliary power         ', 'cost_per_tonne': -340000000.0, 'abatement_potential': 6822.41, 'implementation_time': 6, 'type': 'general'}, {'name': ' Increasing slag to 70% in PSC      ', 'cost_per_tonne': -300000000.0, 'abatement_potential': 34112.05, 'implementation_time': 6, 'type': 'general'}, {'name': ' Enhancement in Kiln                ', 'cost_per_tonne': -280000000.0, 'abatement_potential': 20467.23, 'implementation_time': 6, 'type': 'general'}, {'name': ' Heat rate reduction in CPP         ', 'cost_per_tonne': -260000000.0, 'abatement_potential': 13644.82, 'implementation_time': 6, 'type': 'general'}, {'name': ' Improving burnability of material  ', 'cost_per_tonne': -130000000.0, 'abatement_potential': 47756.87, 'implementation_time': 6, 'type': 'general'}, {'name': ' Burner retrofit                    ', 'cost_per_tonne': -120000000.0, 'abatement_potential': 6822.41, 'implementation_time': 6, 'type': 'general'}, {'name': ' High efficiency clinker coolers    ', 'cost_per_tonne': -100000000.0, 'abatement_potential': 20467.23, 'implementation_time': 6, 'type': 'general'}, {'name': ' Substitute OPC with LC3 cement     ', 'cost_per_tonne': -80000000.0, 'abatement_potential': 27289.64, 'implementation_time': 6, 'type': 'general'}, {'name': ' Increasing fly ash to 35% in PPC   ', 'cost_per_tonne': -70000000.0, 'abatement_potential': 68224.09, 'implementation_time': 6, 'type': 'general'}, {'name': ' Renewable energy use in electricity', 'cost_per_tonne': 180000000.0, 'abatement_potential': 54579.28, 'implementation_time': 6, 'type': 'general'}, {'name': ' Increasing TSR to 30% in kiln fuel ', 'cost_per_tonne': 420000000.0, 'abatement_potential': 122803.37, 'implementation_time': 6, 'type': 'general'}, {'name': ' CCS                                ', 'cost_per_tonne': 900000000.0, 'abatement_potential': 409344.57, 'implementation_time': 6, 'type': 'general'}, {'name': ' Decreasing clinker to 85% in OPC   ', 'cost_per_tonne': 1200000000.0, 'abatement_potential': 34112.05, 'implementation_time': 6, 'type': 'general'}, {'name': ' CCU                                ', 'cost_per_tonne': 1860000000.0, 'abatement_potential': 409344.57, 'implementation_time': 6, 'type': 'general'}, {'name': ' Offset                             ', 'cost_per_tonne': 1880000000.0, 'abatement_potential': 81868.91, 'implementation_time': 6, 'type': 'general'}]"
182,CE_F167, CEMENT   ,825818,0.03,0.03,0.03,0.620495916,29952342148,131.8491469,True,0.1,200, ,29952300000000.0,29952342148,"[{'name': ' Efficient electrical equipment     ', 'cost_per_tonne': -430000000.0, 'abatement_potential': 4901.0, 'implementation_time': 6, 'type': 'general'}, {'name': ' Waste heat recovery                ', 'cost_per_tonne': -420000000.0, 'abatement_potential': 19603.99, 'implementation_time': 6, 'type': 'general'}, {'name': ' Automation system                  ', 'cost_per_tonne': -410000000.0, 'abatement_potential': 9801.99, 'implementation_time': 6, 'type': 'general'}, {'name': ' Efficient grinding system          ', 'cost_per_tonne': -360000000.0, 'abatement_potential': 12252.49, 'implementation_time': 6, 'type': 'general'}, {'name': ' Optimising auxiliary power         ', 'cost_per_tonne': -340000000.0, 'abatement_potential': 2450.5, 'implementation_time': 6, 'type': 'general'}, {'name': ' Increasing slag to 70% in PSC      ', 'cost_per_tonne': -300000000.0, 'abatement_potential': 12252.49, 'implementation_time': 6, 'type': 'general'}, {'name': ' Enhancement in Kiln                ', 'cost_per_tonne': -280000000.0, 'abatement_potential': 7351.5, 'implementation_time': 6, 'type': 'general'}, {'name': ' Heat rate reduction in CPP         ', 'cost_per_tonne': -260000000.0, 'abatement_potential': 4901.0, 'implementation_time': 6, 'type': 'general'}, {'name': ' Improving burnability of material  ', 'cost_per_tonne': -130000000.0, 'abatement_potential': 17153.49, 'implementation_time': 6, 'type': 'general'}, {'name': ' Burner retrofit                    ', 'cost_per_tonne': -120000000.0, 'abatement_potential': 2450.5, 'implementation_time': 6, 'type': 'general'}, {'name': ' High efficiency clinker coolers    ', 'cost_per_tonne': -100000000.0, 'abatement_potential': 7351.5, 'implementation_time': 6, 'type': 'general'}, {'name': ' Substitute OPC with LC3 cement     ', 'cost_per_tonne': -80000000.0, 'abatement_potential': 9801.99, 'implementation_time': 6, 'type': 'general'}, {'name': ' Increasing fly ash to 35% in PPC   ', 'cost_per_tonne': -70000000.0, 'abatement_potential': 24504.99, 'implementation_time': 6, 'type': 'general'}, {'name': ' Renewable energy use in electricity', 'cost_per_tonne': 180000000.0, 'abatement_potential': 19603.99, 'implementation_time': 6, 'type': 'general'}, {'name': ' Increasing TSR to 30% in kiln fuel ', 'cost_per_tonne': 420000000.0, 'abatement_potential': 44108.97, 'implementation_time': 6, 'type': 'general'}, {'name': ' CCS                                ', 'cost_per_tonne': 900000000.0, 'abatement_potential': 147029.91, 'implementation_time': 6, 'type': 'general'}, {'name': ' Decreasing clinker to 85% in OPC   ', 'cost_per_tonne': 1200000000.0, 'abatement_potential': 12252.49, 'implementation_time': 6, 'type': 'general'}, {'name': ' CCU                                ', 'cost_per_tonne': 1860000000.0, 'abatement_potential': 147029.91, 'implementation_time': 6, 'type': 'general'}, {'name': ' Offset                             ', 'cost_per_tonne': 1880000000.0, 'abatement_potential': 29405.98, 'implementation_time': 6, 'type': 'general'}]"
183,CE_F168, CEMENT   ,1169127,0.03,0.03,0.03,0.621202381,29946451162,131.6952377,True,0.1,200, ,29946500000000.0,29946451162,"[{'name': ' Efficient electrical equipment     ', 'cost_per_tonne': -430000000.0, 'abatement_potential': 6938.44, 'implementation_time': 6, 'type': 'general'}, {'name': ' Waste heat recovery                ', 'cost_per_tonne': -420000000.0, 'abatement_potential': 27753.76, 'implementation_time': 6, 'type': 'general'}, {'name': ' Automation system                  ', 'cost_per_tonne': -410000000.0, 'abatement_potential': 13876.88, 'implementation_time': 6, 'type': 'general'}, {'name': ' Efficient grinding system          ', 'cost_per_tonne': -360000000.0, 'abatement_potential': 17346.1, 'implementation_time': 6, 'type': 'general'}, {'name': ' Optimising auxiliary power         ', 'cost_per_tonne': -340000000.0, 'abatement_potential': 3469.22, 'implementation_time': 6, 'type': 'general'}, {'name': ' Increasing slag to 70% in PSC      ', 'cost_per_tonne': -300000000.0, 'abatement_potential': 17346.1, 'implementation_time': 6, 'type': 'general'}, {'name': ' Enhancement in Kiln                ', 'cost_per_tonne': -280000000.0, 'abatement_potential': 10407.66, 'implementation_time': 6, 'type': 'general'}, {'name': ' Heat rate reduction in CPP         ', 'cost_per_tonne': -260000000.0, 'abatement_potential': 6938.44, 'implementation_time': 6, 'type': 'general'}, {'name': ' Improving burnability of material  ', 'cost_per_tonne': -130000000.0, 'abatement_potential': 24284.54, 'implementation_time': 6, 'type': 'general'}, {'name': ' Burner retrofit                    ', 'cost_per_tonne': -120000000.0, 'abatement_potential': 3469.22, 'implementation_time': 6, 'type': 'general'}, {'name': ' High efficiency clinker coolers    ', 'cost_per_tonne': -100000000.0, 'abatement_potential': 10407.66, 'implementation_time': 6, 'type': 'general'}, {'name': ' Substitute OPC with LC3 cement     ', 'cost_per_tonne': -80000000.0, 'abatement_potential': 13876.88, 'implementation_time': 6, 'type': 'general'}, {'name': ' Increasing fly ash to 35% in PPC   ', 'cost_per_tonne': -70000000.0, 'abatement_potential': 34692.2, 'implementation_time': 6, 'type': 'general'}, {'name': ' Renewable energy use in electricity', 'cost_per_tonne': 180000000.0, 'abatement_potential': 27753.76, 'implementation_time': 6, 'type': 'general'}, {'name': ' Increasing TSR to 30% in kiln fuel ', 'cost_per_tonne': 420000000.0, 'abatement_potential': 62445.95, 'implementation_time': 6, 'type': 'general'}, {'name': ' CCS                                ', 'cost_per_tonne': 900000000.0, 'abatement_potential': 208153.18, 'implementation_time': 6, 'type': 'general'}, {'name': ' Decreasing clinker to 85% in OPC   ', 'cost_per_tonne': 1200000000.0, 'abatement_potential': 17346.1, 'implementation_time': 6, 'type': 'general'}, {'name': ' CCU                                ', 'cost_per_tonne': 1860000000.0, 'abatement_potential': 208153.18, 'implementation_time': 6, 'type': 'general'}, {'name': ' Offset                             ', 'cost_per_tonne': 1880000000.0, 'abatement_potential': 41630.64, 'implementation_time': 6, 'type': 'general'}]"
184,CE_F169, CEMENT   ,1513204,0.03,0.03,0.03,0.621908846,29940560176,131.5413286,True,0.1,200, ,29940600000000.0,29940560176,"[{'name': ' Efficient electrical equipment     ', 'cost_per_tonne': -430000000.0, 'abatement_potential': 8980.44, 'implementation_time': 6, 'type': 'general'}, {'name': ' Waste heat recovery                ', 'cost_per_tonne': -420000000.0, 'abatement_potential': 35921.76, 'implementation_time': 6, 'type': 'general'}, {'name': ' Automation system                  ', 'cost_per_tonne': -410000000.0, 'abatement_potential': 17960.88, 'implementation_time': 6, 'type': 'general'}, {'name': ' Efficient grinding system          ', 'cost_per_tonne': -360000000.0, 'abatement_potential': 22451.1, 'implementation_time': 6, 'type': 'general'}, {'name': ' Optimising auxiliary power         ', 'cost_per_tonne': -340000000.0, 'abatement_potential': 4490.22, 'implementation_time': 6, 'type': 'general'}, {'name': ' Increasing slag to 70% in PSC      ', 'cost_per_tonne': -300000000.0, 'abatement_potential': 22451.1, 'implementation_time': 6, 'type': 'general'}, {'name': ' Enhancement in Kiln                ', 'cost_per_tonne': -280000000.0, 'abatement_potential': 13470.66, 'implementation_time': 6, 'type': 'general'}, {'name': ' Heat rate reduction in CPP         ', 'cost_per_tonne': -260000000.0, 'abatement_potential': 8980.44, 'implementation_time': 6, 'type': 'general'}, {'name': ' Improving burnability of material  ', 'cost_per_tonne': -130000000.0, 'abatement_potential': 31431.54, 'implementation_time': 6, 'type': 'general'}, {'name': ' Burner retrofit                    ', 'cost_per_tonne': -120000000.0, 'abatement_potential': 4490.22, 'implementation_time': 6, 'type': 'general'}, {'name': ' High efficiency clinker coolers    ', 'cost_per_tonne': -100000000.0, 'abatement_potential': 13470.66, 'implementation_time': 6, 'type': 'general'}, {'name': ' Substitute OPC with LC3 cement     ', 'cost_per_tonne': -80000000.0, 'abatement_potential': 17960.88, 'implementation_time': 6, 'type': 'general'}, {'name': ' Increasing fly ash to 35% in PPC   ', 'cost_per_tonne': -70000000.0, 'abatement_potential': 44902.2, 'implementation_time': 6, 'type': 'general'}, {'name': ' Renewable energy use in electricity', 'cost_per_tonne': 180000000.0, 'abatement_potential': 35921.76, 'implementation_time': 6, 'type': 'general'}, {'name': ' Increasing TSR to 30% in kiln fuel ', 'cost_per_tonne': 420000000.0, 'abatement_potential': 80823.95, 'implementation_time': 6, 'type': 'general'}, {'name': ' CCS                                ', 'cost_per_tonne': 900000000.0, 'abatement_potential': 269413.18, 'implementation_time': 6, 'type': 'general'}, {'name': ' Decreasing clinker to 85% in OPC   ', 'cost_per_tonne': 1200000000.0, 'abatement_potential': 22451.1, 'implementation_time': 6, 'type': 'general'}, {'name': ' CCU                                ', 'cost_per_tonne': 1860000000.0, 'abatement_potential': 269413.18, 'implementation_time': 6, 'type': 'general'}, {'name': ' Offset                             ', 'cost_per_tonne': 1880000000.0, 'abatement_potential': 53882.64, 'implementation_time': 6, 'type': 'general'}]"
185,CE_F170, CEMENT   ,1514881,0.03,0.03,0.03,0.622615311,29934669190,131.3874194,True,0.1,200, ,29934700000000.0,29934669190,"[{'name': ' Efficient electrical equipment     ', 'cost_per_tonne': -430000000.0, 'abatement_potential': 8990.39, 'implementation_time': 6, 'type': 'general'}, {'name': ' Waste heat recovery                ', 'cost_per_tonne': -420000000.0, 'abatement_potential': 35961.57, 'implementation_time': 6, 'type': 'general'}, {'name': ' Automation system                  ', 'cost_per_tonne': -410000000.0, 'abatement_potential': 17980.78, 'implementation_time': 6, 'type': 'general'}, {'name': ' Efficient grinding system          ', 'cost_per_tonne': -360000000.0, 'abatement_potential': 22475.98, 'implementation_time': 6, 'type': 'general'}, {'name': ' Optimising auxiliary power         ', 'cost_per_tonne': -340000000.0, 'abatement_potential': 4495.2, 'implementation_time': 6, 'type': 'general'}, {'name': ' Increasing slag to 70% in PSC      ', 'cost_per_tonne': -300000000.0, 'abatement_potential': 22475.98, 'implementation_time': 6, 'type': 'general'}, {'name': ' Enhancement in Kiln                ', 'cost_per_tonne': -280000000.0, 'abatement_potential': 13485.59, 'implementation_time': 6, 'type': 'general'}, {'name': ' Heat rate reduction in CPP         ', 'cost_per_tonne': -260000000.0, 'abatement_potential': 8990.39, 'implementation_time': 6, 'type': 'general'}, {'name': ' Improving burnability of material  ', 'cost_per_tonne': -130000000.0, 'abatement_potential': 31466.37, 'implementation_time': 6, 'type': 'general'}, {'name': ' Burner retrofit                    ', 'cost_per_tonne': -120000000.0, 'abatement_potential': 4495.2, 'implementation_time': 6, 'type': 'general'}, {'name': ' High efficiency clinker coolers    ', 'cost_per_tonne': -100000000.0, 'abatement_potential': 13485.59, 'implementation_time': 6, 'type': 'general'}, {'name': ' Substitute OPC with LC3 cement     ', 'cost_per_tonne': -80000000.0, 'abatement_potential': 17980.78, 'implementation_time': 6, 'type': 'general'}, {'name': ' Increasing fly ash to 35% in PPC   ', 'cost_per_tonne': -70000000.0, 'abatement_potential': 44951.96, 'implementation_time': 6, 'type': 'general'}, {'name': ' Renewable energy use in electricity', 'cost_per_tonne': 180000000.0, 'abatement_potential': 35961.57, 'implementation_time': 6, 'type': 'general'}, {'name': ' Increasing TSR to 30% in kiln fuel ', 'cost_per_tonne': 420000000.0, 'abatement_potential': 80913.53, 'implementation_time': 6, 'type': 'general'}, {'name': ' CCS                                ', 'cost_per_tonne': 900000000.0, 'abatement_potential': 269711.75, 'implementation_time': 6, 'type': 'general'}, {'name': ' Decreasing clinker to 85% in OPC   ', 'cost_per_tonne': 1200000000.0, 'abatement_potential': 22475.98, 'implementation_time': 6, 'type': 'general'}, {'name': ' CCU                                ', 'cost_per_tonne': 1860000000.0, 'abatement_potential': 269711.75, 'implementation_time': 6, 'type': 'general'}, {'name': ' Offset                             ', 'cost_per_tonne': 1880000000.0, 'abatement_potential': 53942.35, 'implementation_time': 6, 'type': 'general'}]"
186,CE_F171, CEMENT   ,1853913,0.04,0.03,0.03,0.623321777,29928778204,131.2335102,True,0.1,200, ,29928800000000.0,29928778204,"[{'name': ' Efficient electrical equipment     ', 'cost_per_tonne': -430000000.0, 'abatement_potential': 11002.45, 'implementation_time': 6, 'type': 'general'}, {'name': ' Waste heat recovery                ', 'cost_per_tonne': -420000000.0, 'abatement_potential': 44009.8, 'implementation_time': 6, 'type': 'general'}, {'name': ' Automation system                  ', 'cost_per_tonne': -410000000.0, 'abatement_potential': 22004.9, 'implementation_time': 6, 'type': 'general'}, {'name': ' Efficient grinding system          ', 'cost_per_tonne': -360000000.0, 'abatement_potential': 27506.13, 'implementation_time': 6, 'type': 'general'}, {'name': ' Optimising auxiliary power         ', 'cost_per_tonne': -340000000.0, 'abatement_potential': 5501.23, 'implementation_time': 6, 'type': 'general'}, {'name': ' Increasing slag to 70% in PSC      ', 'cost_per_tonne': -300000000.0, 'abatement_potential': 27506.13, 'implementation_time': 6, 'type': 'general'}, {'name': ' Enhancement in Kiln                ', 'cost_per_tonne': -280000000.0, 'abatement_potential': 16503.68, 'implementation_time': 6, 'type': 'general'}, {'name': ' Heat rate reduction in CPP         ', 'cost_per_tonne': -260000000.0, 'abatement_potential': 11002.45, 'implementation_time': 6, 'type': 'general'}, {'name': ' Improving burnability of material  ', 'cost_per_tonne': -130000000.0, 'abatement_potential': 38508.58, 'implementation_time': 6, 'type': 'general'}, {'name': ' Burner retrofit                    ', 'cost_per_tonne': -120000000.0, 'abatement_potential': 5501.23, 'implementation_time': 6, 'type': 'general'}, {'name': ' High efficiency clinker coolers    ', 'cost_per_tonne': -100000000.0, 'abatement_potential': 16503.68, 'implementation_time': 6, 'type': 'general'}, {'name': ' Substitute OPC with LC3 cement     ', 'cost_per_tonne': -80000000.0, 'abatement_potential': 22004.9, 'implementation_time': 6, 'type': 'general'}, {'name': ' Increasing fly ash to 35% in PPC   ', 'cost_per_tonne': -70000000.0, 'abatement_potential': 55012.26, 'implementation_time': 6, 'type': 'general'}, {'name': ' Renewable energy use in electricity', 'cost_per_tonne': 180000000.0, 'abatement_potential': 44009.8, 'implementation_time': 6, 'type': 'general'}, {'name': ' Increasing TSR to 30% in kiln fuel ', 'cost_per_tonne': 420000000.0, 'abatement_potential': 99022.06, 'implementation_time': 6, 'type': 'general'}, {'name': ' CCS                                ', 'cost_per_tonne': 900000000.0, 'abatement_potential': 330073.53, 'implementation_time': 6, 'type': 'general'}, {'name': ' Decreasing clinker to 85% in OPC   ', 'cost_per_tonne': 1200000000.0, 'abatement_potential': 27506.13, 'implementation_time': 6, 'type': 'general'}, {'name': ' CCU                                ', 'cost_per_tonne': 1860000000.0, 'abatement_potential': 330073.53, 'implementation_time': 6, 'type': 'general'}, {'name': ' Offset                             ', 'cost_per_tonne': 1880000000.0, 'abatement_potential': 66014.71, 'implementation_time': 6, 'type': 'general'}]"
187,CE_F172, CEMENT   ,3644388,0.04,0.03,0.03,0.624028242,29922887218,131.0796011,True,0.1,200, ,29922900000000.0,29922887218,"[{'name': ' Efficient electrical equipment     ', 'cost_per_tonne': -430000000.0, 'abatement_potential': 21628.42, 'implementation_time': 6, 'type': 'general'}, {'name': ' Waste heat recovery                ', 'cost_per_tonne': -420000000.0, 'abatement_potential': 86513.66, 'implementation_time': 6, 'type': 'general'}, {'name': ' Automation system                  ', 'cost_per_tonne': -410000000.0, 'abatement_potential': 43256.83, 'implementation_time': 6, 'type': 'general'}, {'name': ' Efficient grinding system          ', 'cost_per_tonne': -360000000.0, 'abatement_potential': 54071.04, 'implementation_time': 6, 'type': 'general'}, {'name': ' Optimising auxiliary power         ', 'cost_per_tonne': -340000000.0, 'abatement_potential': 10814.21, 'implementation_time': 6, 'type': 'general'}, {'name': ' Increasing slag to 70% in PSC      ', 'cost_per_tonne': -300000000.0, 'abatement_potential': 54071.04, 'implementation_time': 6, 'type': 'general'}, {'name': ' Enhancement in Kiln                ', 'cost_per_tonne': -280000000.0, 'abatement_potential': 32442.62, 'implementation_time': 6, 'type': 'general'}, {'name': ' Heat rate reduction in CPP         ', 'cost_per_tonne': -260000000.0, 'abatement_potential': 21628.42, 'implementation_time': 6, 'type': 'general'}, {'name': ' Improving burnability of material  ', 'cost_per_tonne': -130000000.0, 'abatement_potential': 75699.45, 'implementation_time': 6, 'type': 'general'}, {'name': ' Burner retrofit                    ', 'cost_per_tonne': -120000000.0, 'abatement_potential': 10814.21, 'implementation_time': 6, 'type': 'general'}, {'name': ' High efficiency clinker coolers    ', 'cost_per_tonne': -100000000.0, 'abatement_potential': 32442.62, 'implementation_time': 6, 'type': 'general'}, {'name': ' Substitute OPC with LC3 cement     ', 'cost_per_tonne': -80000000.0, 'abatement_potential': 43256.83, 'implementation_time': 6, 'type': 'general'}, {'name': ' Increasing fly ash to 35% in PPC   ', 'cost_per_tonne': -70000000.0, 'abatement_potential': 108142.08, 'implementation_time': 6, 'type': 'general'}, {'name': ' Renewable energy use in electricity', 'cost_per_tonne': 180000000.0, 'abatement_potential': 86513.66, 'implementation_time': 6, 'type': 'general'}, {'name': ' Increasing TSR to 30% in kiln fuel ', 'cost_per_tonne': 420000000.0, 'abatement_potential': 194655.74, 'implementation_time': 6, 'type': 'general'}, {'name': ' CCS                                ', 'cost_per_tonne': 900000000.0, 'abatement_potential': 648852.46, 'implementation_time': 6, 'type': 'general'}, {'name': ' Decreasing clinker to 85% in OPC   ', 'cost_per_tonne': 1200000000.0, 'abatement_potential': 54071.04, 'implementation_time': 6, 'type': 'general'}, {'name': ' CCU                                ', 'cost_per_tonne': 1860000000.0, 'abatement_potential': 648852.46, 'implementation_time': 6, 'type': 'general'}, {'name': ' Offset                             ', 'cost_per_tonne': 1880000000.0, 'abatement_potential': 129770.49, 'implementation_time': 6, 'type': 'general'}]"
188,CE_F173, CEMENT   ,2082352,0.04,0.03,0.03,0.624734707,29916996232,130.9256919,True,0.1,200, ,29917000000000.0,29916996232,"[{'name': ' Efficient electrical equipment     ', 'cost_per_tonne': -430000000.0, 'abatement_potential': 12358.17, 'implementation_time': 6, 'type': 'general'}, {'name': ' Waste heat recovery                ', 'cost_per_tonne': -420000000.0, 'abatement_potential': 49432.69, 'implementation_time': 6, 'type': 'general'}, {'name': ' Automation system                  ', 'cost_per_tonne': -410000000.0, 'abatement_potential': 24716.34, 'implementation_time': 6, 'type': 'general'}, {'name': ' Efficient grinding system          ', 'cost_per_tonne': -360000000.0, 'abatement_potential': 30895.43, 'implementation_time': 6, 'type': 'general'}, {'name': ' Optimising auxiliary power         ', 'cost_per_tonne': -340000000.0, 'abatement_potential': 6179.09, 'implementation_time': 6, 'type': 'general'}, {'name': ' Increasing slag to 70% in PSC      ', 'cost_per_tonne': -300000000.0, 'abatement_potential': 30895.43, 'implementation_time': 6, 'type': 'general'}, {'name': ' Enhancement in Kiln                ', 'cost_per_tonne': -280000000.0, 'abatement_potential': 18537.26, 'implementation_time': 6, 'type': 'general'}, {'name': ' Heat rate reduction in CPP         ', 'cost_per_tonne': -260000000.0, 'abatement_potential': 12358.17, 'implementation_time': 6, 'type': 'general'}, {'name': ' Improving burnability of material  ', 'cost_per_tonne': -130000000.0, 'abatement_potential': 43253.6, 'implementation_time': 6, 'type': 'general'}, {'name': ' Burner retrofit                    ', 'cost_per_tonne': -120000000.0, 'abatement_potential': 6179.09, 'implementation_time': 6, 'type': 'general'}, {'name': ' High efficiency clinker coolers    ', 'cost_per_tonne': -100000000.0, 'abatement_potential': 18537.26, 'implementation_time': 6, 'type': 'general'}, {'name': ' Substitute OPC with LC3 cement     ', 'cost_per_tonne': -80000000.0, 'abatement_potential': 24716.34, 'implementation_time': 6, 'type': 'general'}, {'name': ' Increasing fly ash to 35% in PPC   ', 'cost_per_tonne': -70000000.0, 'abatement_potential': 61790.86, 'implementation_time': 6, 'type': 'general'}, {'name': ' Renewable energy use in electricity', 'cost_per_tonne': 180000000.0, 'abatement_potential': 49432.69, 'implementation_time': 6, 'type': 'general'}, {'name': ' Increasing TSR to 30% in kiln fuel ', 'cost_per_tonne': 420000000.0, 'abatement_potential': 111223.55, 'implementation_time': 6, 'type': 'general'}, {'name': ' CCS                                ', 'cost_per_tonne': 900000000.0, 'abatement_potential': 370745.16, 'implementation_time': 6, 'type': 'general'}, {'name': ' Decreasing clinker to 85% in OPC   ', 'cost_per_tonne': 1200000000.0, 'abatement_potential': 30895.43, 'implementation_time': 6, 'type': 'general'}, {'name': ' CCU                                ', 'cost_per_tonne': 1860000000.0, 'abatement_potential': 370745.16, 'implementation_time': 6, 'type': 'general'}, {'name': ' Offset                             ', 'cost_per_tonne': 1880000000.0, 'abatement_potential': 74149.03, 'implementation_time': 6, 'type': 'general'}]"
189,CE_F174, CEMENT   ,3940086,0.04,0.03,0.03,0.625441172,29911105246,130.7717827,True,0.1,200, ,29911100000000.0,29911105246,"[{'name': ' Efficient electrical equipment     ', 'cost_per_tonne': -430000000.0, 'abatement_potential': 23383.3, 'implementation_time': 6, 'type': 'general'}, {'name': ' Waste heat recovery                ', 'cost_per_tonne': -420000000.0, 'abatement_potential': 93533.2, 'implementation_time': 6, 'type': 'general'}, {'name': ' Automation system                  ', 'cost_per_tonne': -410000000.0, 'abatement_potential': 46766.6, 'implementation_time': 6, 'type': 'general'}, {'name': ' Efficient grinding system          ', 'cost_per_tonne': -360000000.0, 'abatement_potential': 58458.25, 'implementation_time': 6, 'type': 'general'}, {'name': ' Optimising auxiliary power         ', 'cost_per_tonne': -340000000.0, 'abatement_potential': 11691.65, 'implementation_time': 6, 'type': 'general'}, {'name': ' Increasing slag to 70% in PSC      ', 'cost_per_tonne': -300000000.0, 'abatement_potential': 58458.25, 'implementation_time': 6, 'type': 'general'}, {'name': ' Enhancement in Kiln                ', 'cost_per_tonne': -280000000.0, 'abatement_potential': 35074.95, 'implementation_time': 6, 'type': 'general'}, {'name': ' Heat rate reduction in CPP         ', 'cost_per_tonne': -260000000.0, 'abatement_potential': 23383.3, 'implementation_time': 6, 'type': 'general'}, {'name': ' Improving burnability of material  ', 'cost_per_tonne': -130000000.0, 'abatement_potential': 81841.55, 'implementation_time': 6, 'type': 'general'}, {'name': ' Burner retrofit                    ', 'cost_per_tonne': -120000000.0, 'abatement_potential': 11691.65, 'implementation_time': 6, 'type': 'general'}, {'name': ' High efficiency clinker coolers    ', 'cost_per_tonne': -100000000.0, 'abatement_potential': 35074.95, 'implementation_time': 6, 'type': 'general'}, {'name': ' Substitute OPC with LC3 cement     ', 'cost_per_tonne': -80000000.0, 'abatement_potential': 46766.6, 'implementation_time': 6, 'type': 'general'}, {'name': ' Increasing fly ash to 35% in PPC   ', 'cost_per_tonne': -70000000.0, 'abatement_potential': 116916.5, 'implementation_time': 6, 'type': 'general'}, {'name': ' Renewable energy use in electricity', 'cost_per_tonne': 180000000.0, 'abatement_potential': 93533.2, 'implementation_time': 6, 'type': 'general'}, {'name': ' Increasing TSR to 30% in kiln fuel ', 'cost_per_tonne': 420000000.0, 'abatement_potential': 210449.7, 'implementation_time': 6, 'type': 'general'}, {'name': ' CCS                                ', 'cost_per_tonne': 900000000.0, 'abatement_potential': 701498.99, 'implementation_time': 6, 'type': 'general'}, {'name': ' Decreasing clinker to 85% in OPC   ', 'cost_per_tonne': 1200000000.0, 'abatement_potential': 58458.25, 'implementation_time': 6, 'type': 'general'}, {'name': ' CCU                                ', 'cost_per_tonne': 1860000000.0, 'abatement_potential': 701498.99, 'implementation_time': 6, 'type': 'general'}, {'name': ' Offset                             ', 'cost_per_tonne': 1880000000.0, 'abatement_potential': 140299.8, 'implementation_time': 6, 'type': 'general'}]"
190,CE_F175, CEMENT   ,2840336,0.04,0.03,0.03,0.626147638,29905214260,130.6178736,True,0.1,200, ,29905200000000.0,29905214260,"[{'name': ' Efficient electrical equipment     ', 'cost_per_tonne': -430000000.0, 'abatement_potential': 16856.59, 'implementation_time': 6, 'type': 'general'}, {'name': ' Waste heat recovery                ', 'cost_per_tonne': -420000000.0, 'abatement_potential': 67426.37, 'implementation_time': 6, 'type': 'general'}, {'name': ' Automation system                  ', 'cost_per_tonne': -410000000.0, 'abatement_potential': 33713.19, 'implementation_time': 6, 'type': 'general'}, {'name': ' Efficient grinding system          ', 'cost_per_tonne': -360000000.0, 'abatement_potential': 42141.48, 'implementation_time': 6, 'type': 'general'}, {'name': ' Optimising auxiliary power         ', 'cost_per_tonne': -340000000.0, 'abatement_potential': 8428.3, 'implementation_time': 6, 'type': 'general'}, {'name': ' Increasing slag to 70% in PSC      ', 'cost_per_tonne': -300000000.0, 'abatement_potential': 42141.48, 'implementation_time': 6, 'type': 'general'}, {'name': ' Enhancement in Kiln                ', 'cost_per_tonne': -280000000.0, 'abatement_potential': 25284.89, 'implementation_time': 6, 'type': 'general'}, {'name': ' Heat rate reduction in CPP         ', 'cost_per_tonne': -260000000.0, 'abatement_potential': 16856.59, 'implementation_time': 6, 'type': 'general'}, {'name': ' Improving burnability of material  ', 'cost_per_tonne': -130000000.0, 'abatement_potential': 58998.08, 'implementation_time': 6, 'type': 'general'}, {'name': ' Burner retrofit                    ', 'cost_per_tonne': -120000000.0, 'abatement_potential': 8428.3, 'implementation_time': 6, 'type': 'general'}, {'name': ' High efficiency clinker coolers    ', 'cost_per_tonne': -100000000.0, 'abatement_potential': 25284.89, 'implementation_time': 6, 'type': 'general'}, {'name': ' Substitute OPC with LC3 cement     ', 'cost_per_tonne': -80000000.0, 'abatement_potential': 33713.19, 'implementation_time': 6, 'type': 'general'}, {'name': ' Increasing fly ash to 35% in PPC   ', 'cost_per_tonne': -70000000.0, 'abatement_potential': 84282.97, 'implementation_time': 6, 'type': 'general'}, {'name': ' Renewable energy use in electricity', 'cost_per_tonne': 180000000.0, 'abatement_potential': 67426.37, 'implementation_time': 6, 'type': 'general'}, {'name': ' Increasing TSR to 30% in kiln fuel ', 'cost_per_tonne': 420000000.0, 'abatement_potential': 151709.34, 'implementation_time': 6, 'type': 'general'}, {'name': ' CCS                                ', 'cost_per_tonne': 900000000.0, 'abatement_potential': 505697.8, 'implementation_time': 6, 'type': 'general'}, {'name': ' Decreasing clinker to 85% in OPC   ', 'cost_per_tonne': 1200000000.0, 'abatement_potential': 42141.48, 'implementation_time': 6, 'type': 'general'}, {'name': ' CCU                                ', 'cost_per_tonne': 1860000000.0, 'abatement_potential': 505697.8, 'implementation_time': 6, 'type': 'general'}, {'name': ' Offset                             ', 'cost_per_tonne': 1880000000.0, 'abatement_potential': 101139.56, 'implementation_time': 6, 'type': 'general'}]"
191,CE_F176, CEMENT   ,2420442,0.04,0.04,0.04,0.626854103,29899323274,130.4639644,True,0.1,200, ,29899300000000.0,29899323274,"[{'name': ' Efficient electrical equipment     ', 'cost_per_tonne': -430000000.0, 'abatement_potential': 14364.64, 'implementation_time': 6, 'type': 'general'}, {'name': ' Waste heat recovery                ', 'cost_per_tonne': -420000000.0, 'abatement_potential': 57458.56, 'implementation_time': 6, 'type': 'general'}, {'name': ' Automation system                  ', 'cost_per_tonne': -410000000.0, 'abatement_potential': 28729.28, 'implementation_time': 6, 'type': 'general'}, {'name': ' Efficient grinding system          ', 'cost_per_tonne': -360000000.0, 'abatement_potential': 35911.6, 'implementation_time': 6, 'type': 'general'}, {'name': ' Optimising auxiliary power         ', 'cost_per_tonne': -340000000.0, 'abatement_potential': 7182.32, 'implementation_time': 6, 'type': 'general'}, {'name': ' Increasing slag to 70% in PSC      ', 'cost_per_tonne': -300000000.0, 'abatement_potential': 35911.6, 'implementation_time': 6, 'type': 'general'}, {'name': ' Enhancement in Kiln                ', 'cost_per_tonne': -280000000.0, 'abatement_potential': 21546.96, 'implementation_time': 6, 'type': 'general'}, {'name': ' Heat rate reduction in CPP         ', 'cost_per_tonne': -260000000.0, 'abatement_potential': 14364.64, 'implementation_time': 6, 'type': 'general'}, {'name': ' Improving burnability of material  ', 'cost_per_tonne': -130000000.0, 'abatement_potential': 50276.24, 'implementation_time': 6, 'type': 'general'}, {'name': ' Burner retrofit                    ', 'cost_per_tonne': -120000000.0, 'abatement_potential': 7182.32, 'implementation_time': 6, 'type': 'general'}, {'name': ' High efficiency clinker coolers    ', 'cost_per_tonne': -100000000.0, 'abatement_potential': 21546.96, 'implementation_time': 6, 'type': 'general'}, {'name': ' Substitute OPC with LC3 cement     ', 'cost_per_tonne': -80000000.0, 'abatement_potential': 28729.28, 'implementation_time': 6, 'type': 'general'}, {'name': ' Increasing fly ash to 35% in PPC   ', 'cost_per_tonne': -70000000.0, 'abatement_potential': 71823.2, 'implementation_time': 6, 'type': 'general'}, {'name': ' Renewable energy use in electricity', 'cost_per_tonne': 180000000.0, 'abatement_potential': 57458.56, 'implementation_time': 6, 'type': 'general'}, {'name': ' Increasing TSR to 30% in kiln fuel ', 'cost_per_tonne': 420000000.0, 'abatement_potential': 129281.77, 'implementation_time': 6, 'type': 'general'}, {'name': ' CCS                                ', 'cost_per_tonne': 900000000.0, 'abatement_potential': 430939.23, 'implementation_time': 6, 'type': 'general'}, {'name': ' Decreasing clinker to 85% in OPC   ', 'cost_per_tonne': 1200000000.0, 'abatement_potential': 35911.6, 'implementation_time': 6, 'type': 'general'}, {'name': ' CCU                                ', 'cost_per_tonne': 1860000000.0, 'abatement_potential': 430939.23, 'implementation_time': 6, 'type': 'general'}, {'name': ' Offset                             ', 'cost_per_tonne': 1880000000.0, 'abatement_potential': 86187.85, 'implementation_time': 6, 'type': 'general'}]"
192,CE_F177, CEMENT   ,2283939,0.04,0.04,0.04,0.627560568,29893432289,130.3100552,True,0.1,200, ,29893400000000.0,29893432289,"[{'name': ' Efficient electrical equipment     ', 'cost_per_tonne': -430000000.0, 'abatement_potential': 13554.53, 'implementation_time': 6, 'type': 'general'}, {'name': ' Waste heat recovery                ', 'cost_per_tonne': -420000000.0, 'abatement_potential': 54218.14, 'implementation_time': 6, 'type': 'general'}, {'name': ' Automation system                  ', 'cost_per_tonne': -410000000.0, 'abatement_potential': 27109.07, 'implementation_time': 6, 'type': 'general'}, {'name': ' Efficient grinding system          ', 'cost_per_tonne': -360000000.0, 'abatement_potential': 33886.34, 'implementation_time': 6, 'type': 'general'}, {'name': ' Optimising auxiliary power         ', 'cost_per_tonne': -340000000.0, 'abatement_potential': 6777.27, 'implementation_time': 6, 'type': 'general'}, {'name': ' Increasing slag to 70% in PSC      ', 'cost_per_tonne': -300000000.0, 'abatement_potential': 33886.34, 'implementation_time': 6, 'type': 'general'}, {'name': ' Enhancement in Kiln                ', 'cost_per_tonne': -280000000.0, 'abatement_potential': 20331.8, 'implementation_time': 6, 'type': 'general'}, {'name': ' Heat rate reduction in CPP         ', 'cost_per_tonne': -260000000.0, 'abatement_potential': 13554.53, 'implementation_time': 6, 'type': 'general'}, {'name': ' Improving burnability of material  ', 'cost_per_tonne': -130000000.0, 'abatement_potential': 47440.87, 'implementation_time': 6, 'type': 'general'}, {'name': ' Burner retrofit                    ', 'cost_per_tonne': -120000000.0, 'abatement_potential': 6777.27, 'implementation_time': 6, 'type': 'general'}, {'name': ' High efficiency clinker coolers    ', 'cost_per_tonne': -100000000.0, 'abatement_potential': 20331.8, 'implementation_time': 6, 'type': 'general'}, {'name': ' Substitute OPC with LC3 cement     ', 'cost_per_tonne': -80000000.0, 'abatement_potential': 27109.07, 'implementation_time': 6, 'type': 'general'}, {'name': ' Increasing fly ash to 35% in PPC   ', 'cost_per_tonne': -70000000.0, 'abatement_potential': 67772.67, 'implementation_time': 6, 'type': 'general'}, {'name': ' Renewable energy use in electricity', 'cost_per_tonne': 180000000.0, 'abatement_potential': 54218.14, 'implementation_time': 6, 'type': 'general'}, {'name': ' Increasing TSR to 30% in kiln fuel ', 'cost_per_tonne': 420000000.0, 'abatement_potential': 121990.81, 'implementation_time': 6, 'type': 'general'}, {'name': ' CCS                                ', 'cost_per_tonne': 900000000.0, 'abatement_potential': 406636.02, 'implementation_time': 6, 'type': 'general'}, {'name': ' Decreasing clinker to 85% in OPC   ', 'cost_per_tonne': 1200000000.0, 'abatement_potential': 33886.34, 'implementation_time': 6, 'type': 'general'}, {'name': ' CCU                                ', 'cost_per_tonne': 1860000000.0, 'abatement_potential': 406636.02, 'implementation_time': 6, 'type': 'general'}, {'name': ' Offset                             ', 'cost_per_tonne': 1880000000.0, 'abatement_potential': 81327.2, 'implementation_time': 6, 'type': 'general'}]"
193,CE_F178, CEMENT   ,720570,0.04,0.04,0.04,0.628267033,29887541303,130.1561461,True,0.1,200, ,29887500000000.0,29887541303,"[{'name': ' Efficient electrical equipment     ', 'cost_per_tonne': -430000000.0, 'abatement_potential': 4276.38, 'implementation_time': 6, 'type': 'general'}, {'name': ' Waste heat recovery                ', 'cost_per_tonne': -420000000.0, 'abatement_potential': 17105.52, 'implementation_time': 6, 'type': 'general'}, {'name': ' Automation system                  ', 'cost_per_tonne': -410000000.0, 'abatement_potential': 8552.76, 'implementation_time': 6, 'type': 'general'}, {'name': ' Efficient grinding system          ', 'cost_per_tonne': -360000000.0, 'abatement_potential': 10690.95, 'implementation_time': 6, 'type': 'general'}, {'name': ' Optimising auxiliary power         ', 'cost_per_tonne': -340000000.0, 'abatement_potential': 2138.19, 'implementation_time': 6, 'type': 'general'}, {'name': ' Increasing slag to 70% in PSC      ', 'cost_per_tonne': -300000000.0, 'abatement_potential': 10690.95, 'implementation_time': 6, 'type': 'general'}, {'name': ' Enhancement in Kiln                ', 'cost_per_tonne': -280000000.0, 'abatement_potential': 6414.57, 'implementation_time': 6, 'type': 'general'}, {'name': ' Heat rate reduction in CPP         ', 'cost_per_tonne': -260000000.0, 'abatement_potential': 4276.38, 'implementation_time': 6, 'type': 'general'}, {'name': ' Improving burnability of material  ', 'cost_per_tonne': -130000000.0, 'abatement_potential': 14967.33, 'implementation_time': 6, 'type': 'general'}, {'name': ' Burner retrofit                    ', 'cost_per_tonne': -120000000.0, 'abatement_potential': 2138.19, 'implementation_time': 6, 'type': 'general'}, {'name': ' High efficiency clinker coolers    ', 'cost_per_tonne': -100000000.0, 'abatement_potential': 6414.57, 'implementation_time': 6, 'type': 'general'}, {'name': ' Substitute OPC with LC3 cement     ', 'cost_per_tonne': -80000000.0, 'abatement_potential': 8552.76, 'implementation_time': 6, 'type': 'general'}, {'name': ' Increasing fly ash to 35% in PPC   ', 'cost_per_tonne': -70000000.0, 'abatement_potential': 21381.9, 'implementation_time': 6, 'type': 'general'}, {'name': ' Renewable energy use in electricity', 'cost_per_tonne': 180000000.0, 'abatement_potential': 17105.52, 'implementation_time': 6, 'type': 'general'}, {'name': ' Increasing TSR to 30% in kiln fuel ', 'cost_per_tonne': 420000000.0, 'abatement_potential': 38487.42, 'implementation_time': 6, 'type': 'general'}, {'name': ' CCS                                ', 'cost_per_tonne': 900000000.0, 'abatement_potential': 128291.39, 'implementation_time': 6, 'type': 'general'}, {'name': ' Decreasing clinker to 85% in OPC   ', 'cost_per_tonne': 1200000000.0, 'abatement_potential': 10690.95, 'implementation_time': 6, 'type': 'general'}, {'name': ' CCU                                ', 'cost_per_tonne': 1860000000.0, 'abatement_potential': 128291.39, 'implementation_time': 6, 'type': 'general'}, {'name': ' Offset                             ', 'cost_per_tonne': 1880000000.0, 'abatement_potential': 25658.28, 'implementation_time': 6, 'type': 'general'}]"
194,CE_F179, CEMENT   ,618373,0.05,0.04,0.04,0.628973499,29881650317,130.0022369,True,0.1,200, ,29881700000000.0,29881650317,"[{'name': ' Efficient electrical equipment     ', 'cost_per_tonne': -430000000.0, 'abatement_potential': 3669.87, 'implementation_time': 6, 'type': 'general'}, {'name': ' Waste heat recovery                ', 'cost_per_tonne': -420000000.0, 'abatement_potential': 14679.48, 'implementation_time': 6, 'type': 'general'}, {'name': ' Automation system                  ', 'cost_per_tonne': -410000000.0, 'abatement_potential': 7339.74, 'implementation_time': 6, 'type': 'general'}, {'name': ' Efficient grinding system          ', 'cost_per_tonne': -360000000.0, 'abatement_potential': 9174.67, 'implementation_time': 6, 'type': 'general'}, {'name': ' Optimising auxiliary power         ', 'cost_per_tonne': -340000000.0, 'abatement_potential': 1834.93, 'implementation_time': 6, 'type': 'general'}, {'name': ' Increasing slag to 70% in PSC      ', 'cost_per_tonne': -300000000.0, 'abatement_potential': 9174.67, 'implementation_time': 6, 'type': 'general'}, {'name': ' Enhancement in Kiln                ', 'cost_per_tonne': -280000000.0, 'abatement_potential': 5504.8, 'implementation_time': 6, 'type': 'general'}, {'name': ' Heat rate reduction in CPP         ', 'cost_per_tonne': -260000000.0, 'abatement_potential': 3669.87, 'implementation_time': 6, 'type': 'general'}, {'name': ' Improving burnability of material  ', 'cost_per_tonne': -130000000.0, 'abatement_potential': 12844.54, 'implementation_time': 6, 'type': 'general'}, {'name': ' Burner retrofit                    ', 'cost_per_tonne': -120000000.0, 'abatement_potential': 1834.93, 'implementation_time': 6, 'type': 'general'}, {'name': ' High efficiency clinker coolers    ', 'cost_per_tonne': -100000000.0, 'abatement_potential': 5504.8, 'implementation_time': 6, 'type': 'general'}, {'name': ' Substitute OPC with LC3 cement     ', 'cost_per_tonne': -80000000.0, 'abatement_potential': 7339.74, 'implementation_time': 6, 'type': 'general'}, {'name': ' Increasing fly ash to 35% in PPC   ', 'cost_per_tonne': -70000000.0, 'abatement_potential': 18349.35, 'implementation_time': 6, 'type': 'general'}, {'name': ' Renewable energy use in electricity', 'cost_per_tonne': 180000000.0, 'abatement_potential': 14679.48, 'implementation_time': 6, 'type': 'general'}, {'name': ' Increasing TSR to 30% in kiln fuel ', 'cost_per_tonne': 420000000.0, 'abatement_potential': 33028.82, 'implementation_time': 6, 'type': 'general'}, {'name': ' CCS                                ', 'cost_per_tonne': 900000000.0, 'abatement_potential': 110096.08, 'implementation_time': 6, 'type': 'general'}, {'name': ' Decreasing clinker to 85% in OPC   ', 'cost_per_tonne': 1200000000.0, 'abatement_potential': 9174.67, 'implementation_time': 6, 'type': 'general'}, {'name': ' CCU                                ', 'cost_per_tonne': 1860000000.0, 'abatement_potential': 110096.08, 'implementation_time': 6, 'type': 'general'}, {'name': ' Offset                             ', 'cost_per_tonne': 1880000000.0, 'abatement_potential': 22019.22, 'implementation_time': 6, 'type': 'general'}]"
195,CE_F180, CEMENT   ,3769042,0.05,0.04,0.04,0.629679964,29875759331,129.8483277,True,0.1,200, ,29875800000000.0,29875759331,"[{'name': ' Efficient electrical equipment     ', 'cost_per_tonne': -430000000.0, 'abatement_potential': 22368.2, 'implementation_time': 6, 'type': 'general'}, {'name': ' Waste heat recovery                ', 'cost_per_tonne': -420000000.0, 'abatement_potential': 89472.81, 'implementation_time': 6, 'type': 'general'}, {'name': ' Automation system                  ', 'cost_per_tonne': -410000000.0, 'abatement_potential': 44736.4, 'implementation_time': 6, 'type': 'general'}, {'name': ' Efficient grinding system          ', 'cost_per_tonne': -360000000.0, 'abatement_potential': 55920.5, 'implementation_time': 6, 'type': 'general'}, {'name': ' Optimising auxiliary power         ', 'cost_per_tonne': -340000000.0, 'abatement_potential': 11184.1, 'implementation_time': 6, 'type': 'general'}, {'name': ' Increasing slag to 70% in PSC      ', 'cost_per_tonne': -300000000.0, 'abatement_potential': 55920.5, 'implementation_time': 6, 'type': 'general'}, {'name': ' Enhancement in Kiln                ', 'cost_per_tonne': -280000000.0, 'abatement_potential': 33552.3, 'implementation_time': 6, 'type': 'general'}, {'name': ' Heat rate reduction in CPP         ', 'cost_per_tonne': -260000000.0, 'abatement_potential': 22368.2, 'implementation_time': 6, 'type': 'general'}, {'name': ' Improving burnability of material  ', 'cost_per_tonne': -130000000.0, 'abatement_potential': 78288.71, 'implementation_time': 6, 'type': 'general'}, {'name': ' Burner retrofit                    ', 'cost_per_tonne': -120000000.0, 'abatement_potential': 11184.1, 'implementation_time': 6, 'type': 'general'}, {'name': ' High efficiency clinker coolers    ', 'cost_per_tonne': -100000000.0, 'abatement_potential': 33552.3, 'implementation_time': 6, 'type': 'general'}, {'name': ' Substitute OPC with LC3 cement     ', 'cost_per_tonne': -80000000.0, 'abatement_potential': 44736.4, 'implementation_time': 6, 'type': 'general'}, {'name': ' Increasing fly ash to 35% in PPC   ', 'cost_per_tonne': -70000000.0, 'abatement_potential': 111841.01, 'implementation_time': 6, 'type': 'general'}, {'name': ' Renewable energy use in electricity', 'cost_per_tonne': 180000000.0, 'abatement_potential': 89472.81, 'implementation_time': 6, 'type': 'general'}, {'name': ' Increasing TSR to 30% in kiln fuel ', 'cost_per_tonne': 420000000.0, 'abatement_potential': 201313.82, 'implementation_time': 6, 'type': 'general'}, {'name': ' CCS                                ', 'cost_per_tonne': 900000000.0, 'abatement_potential': 671046.05, 'implementation_time': 6, 'type': 'general'}, {'name': ' Decreasing clinker to 85% in OPC   ', 'cost_per_tonne': 1200000000.0, 'abatement_potential': 55920.5, 'implementation_time': 6, 'type': 'general'}, {'name': ' CCU                                ', 'cost_per_tonne': 1860000000.0, 'abatement_potential': 671046.05, 'implementation_time': 6, 'type': 'general'}, {'name': ' Offset                             ', 'cost_per_tonne': 1880000000.0, 'abatement_potential': 134209.21, 'implementation_time': 6, 'type': 'general'}]"
196,CE_F181, CEMENT   ,962304,0.05,0.04,0.04,0.630386429,29869868345,129.6944186,True,0.1,200, ,29869900000000.0,29869868345,"[{'name': ' Efficient electrical equipment     ', 'cost_per_tonne': -430000000.0, 'abatement_potential': 5711.0, 'implementation_time': 6, 'type': 'general'}, {'name': ' Waste heat recovery                ', 'cost_per_tonne': -420000000.0, 'abatement_potential': 22844.01, 'implementation_time': 6, 'type': 'general'}, {'name': ' Automation system                  ', 'cost_per_tonne': -410000000.0, 'abatement_potential': 11422.01, 'implementation_time': 6, 'type': 'general'}, {'name': ' Efficient grinding system          ', 'cost_per_tonne': -360000000.0, 'abatement_potential': 14277.51, 'implementation_time': 6, 'type': 'general'}, {'name': ' Optimising auxiliary power         ', 'cost_per_tonne': -340000000.0, 'abatement_potential': 2855.5, 'implementation_time': 6, 'type': 'general'}, {'name': ' Increasing slag to 70% in PSC      ', 'cost_per_tonne': -300000000.0, 'abatement_potential': 14277.51, 'implementation_time': 6, 'type': 'general'}, {'name': ' Enhancement in Kiln                ', 'cost_per_tonne': -280000000.0, 'abatement_potential': 8566.5, 'implementation_time': 6, 'type': 'general'}, {'name': ' Heat rate reduction in CPP         ', 'cost_per_tonne': -260000000.0, 'abatement_potential': 5711.0, 'implementation_time': 6, 'type': 'general'}, {'name': ' Improving burnability of material  ', 'cost_per_tonne': -130000000.0, 'abatement_potential': 19988.51, 'implementation_time': 6, 'type': 'general'}, {'name': ' Burner retrofit                    ', 'cost_per_tonne': -120000000.0, 'abatement_potential': 2855.5, 'implementation_time': 6, 'type': 'general'}, {'name': ' High efficiency clinker coolers    ', 'cost_per_tonne': -100000000.0, 'abatement_potential': 8566.5, 'implementation_time': 6, 'type': 'general'}, {'name': ' Substitute OPC with LC3 cement     ', 'cost_per_tonne': -80000000.0, 'abatement_potential': 11422.01, 'implementation_time': 6, 'type': 'general'}, {'name': ' Increasing fly ash to 35% in PPC   ', 'cost_per_tonne': -70000000.0, 'abatement_potential': 28555.01, 'implementation_time': 6, 'type': 'general'}, {'name': ' Renewable energy use in electricity', 'cost_per_tonne': 180000000.0, 'abatement_potential': 22844.01, 'implementation_time': 6, 'type': 'general'}, {'name': ' Increasing TSR to 30% in kiln fuel ', 'cost_per_tonne': 420000000.0, 'abatement_potential': 51399.03, 'implementation_time': 6, 'type': 'general'}, {'name': ' CCS                                ', 'cost_per_tonne': 900000000.0, 'abatement_potential': 171330.09, 'implementation_time': 6, 'type': 'general'}, {'name': ' Decreasing clinker to 85% in OPC   ', 'cost_per_tonne': 1200000000.0, 'abatement_potential': 14277.51, 'implementation_time': 6, 'type': 'general'}, {'name': ' CCU                                ', 'cost_per_tonne': 1860000000.0, 'abatement_potential': 171330.09, 'implementation_time': 6, 'type': 'general'}, {'name': ' Offset                             ', 'cost_per_tonne': 1880000000.0, 'abatement_potential': 34266.02, 'implementation_time': 6, 'type': 'general'}]"
197,CE_F182, CEMENT   ,721193,0.06,0.05,0.05,0.631092895,29863977359,129.5405094,True,0.1,200, ,29864000000000.0,29863977359,"[{'name': ' Efficient electrical equipment     ', 'cost_per_tonne': -430000000.0, 'abatement_potential': 4280.08, 'implementation_time': 6, 'type': 'general'}, {'name': ' Waste heat recovery                ', 'cost_per_tonne': -420000000.0, 'abatement_potential': 17120.31, 'implementation_time': 6, 'type': 'general'}, {'name': ' Automation system                  ', 'cost_per_tonne': -410000000.0, 'abatement_potential': 8560.15, 'implementation_time': 6, 'type': 'general'}, {'name': ' Efficient grinding system          ', 'cost_per_tonne': -360000000.0, 'abatement_potential': 10700.19, 'implementation_time': 6, 'type': 'general'}, {'name': ' Optimising auxiliary power         ', 'cost_per_tonne': -340000000.0, 'abatement_potential': 2140.04, 'implementation_time': 6, 'type': 'general'}, {'name': ' Increasing slag to 70% in PSC      ', 'cost_per_tonne': -300000000.0, 'abatement_potential': 10700.19, 'implementation_time': 6, 'type': 'general'}, {'name': ' Enhancement in Kiln                ', 'cost_per_tonne': -280000000.0, 'abatement_potential': 6420.12, 'implementation_time': 6, 'type': 'general'}, {'name': ' Heat rate reduction in CPP         ', 'cost_per_tonne': -260000000.0, 'abatement_potential': 4280.08, 'implementation_time': 6, 'type': 'general'}, {'name': ' Improving burnability of material  ', 'cost_per_tonne': -130000000.0, 'abatement_potential': 14980.27, 'implementation_time': 6, 'type': 'general'}, {'name': ' Burner retrofit                    ', 'cost_per_tonne': -120000000.0, 'abatement_potential': 2140.04, 'implementation_time': 6, 'type': 'general'}, {'name': ' High efficiency clinker coolers    ', 'cost_per_tonne': -100000000.0, 'abatement_potential': 6420.12, 'implementation_time': 6, 'type': 'general'}, {'name': ' Substitute OPC with LC3 cement     ', 'cost_per_tonne': -80000000.0, 'abatement_potential': 8560.15, 'implementation_time': 6, 'type': 'general'}, {'name': ' Increasing fly ash to 35% in PPC   ', 'cost_per_tonne': -70000000.0, 'abatement_potential': 21400.39, 'implementation_time': 6, 'type': 'general'}, {'name': ' Renewable energy use in electricity', 'cost_per_tonne': 180000000.0, 'abatement_potential': 17120.31, 'implementation_time': 6, 'type': 'general'}, {'name': ' Increasing TSR to 30% in kiln fuel ', 'cost_per_tonne': 420000000.0, 'abatement_potential': 38520.69, 'implementation_time': 6, 'type': 'general'}, {'name': ' CCS                                ', 'cost_per_tonne': 900000000.0, 'abatement_potential': 128402.31, 'implementation_time': 6, 'type': 'general'}, {'name': ' Decreasing clinker to 85% in OPC   ', 'cost_per_tonne': 1200000000.0, 'abatement_potential': 10700.19, 'implementation_time': 6, 'type': 'general'}, {'name': ' CCU                                ', 'cost_per_tonne': 1860000000.0, 'abatement_potential': 128402.31, 'implementation_time': 6, 'type': 'general'}, {'name': ' Offset                             ', 'cost_per_tonne': 1880000000.0, 'abatement_potential': 25680.46, 'implementation_time': 6, 'type': 'general'}]"
198,CE_F183, CEMENT   ,6403206,0.07,0.06,0.06,0.63179936,29858086373,129.3866002,True,0.1,200, ,29858100000000.0,29858086373,"[{'name': ' Efficient electrical equipment     ', 'cost_per_tonne': -430000000.0, 'abatement_potential': 38001.22, 'implementation_time': 6, 'type': 'general'}, {'name': ' Waste heat recovery                ', 'cost_per_tonne': -420000000.0, 'abatement_potential': 152004.89, 'implementation_time': 6, 'type': 'general'}, {'name': ' Automation system                  ', 'cost_per_tonne': -410000000.0, 'abatement_potential': 76002.45, 'implementation_time': 6, 'type': 'general'}, {'name': ' Efficient grinding system          ', 'cost_per_tonne': -360000000.0, 'abatement_potential': 95003.06, 'implementation_time': 6, 'type': 'general'}, {'name': ' Optimising auxiliary power         ', 'cost_per_tonne': -340000000.0, 'abatement_potential': 19000.61, 'implementation_time': 6, 'type': 'general'}, {'name': ' Increasing slag to 70% in PSC      ', 'cost_per_tonne': -300000000.0, 'abatement_potential': 95003.06, 'implementation_time': 6, 'type': 'general'}, {'name': ' Enhancement in Kiln                ', 'cost_per_tonne': -280000000.0, 'abatement_potential': 57001.83, 'implementation_time': 6, 'type': 'general'}, {'name': ' Heat rate reduction in CPP         ', 'cost_per_tonne': -260000000.0, 'abatement_potential': 38001.22, 'implementation_time': 6, 'type': 'general'}, {'name': ' Improving burnability of material  ', 'cost_per_tonne': -130000000.0, 'abatement_potential': 133004.28, 'implementation_time': 6, 'type': 'general'}, {'name': ' Burner retrofit                    ', 'cost_per_tonne': -120000000.0, 'abatement_potential': 19000.61, 'implementation_time': 6, 'type': 'general'}, {'name': ' High efficiency clinker coolers    ', 'cost_per_tonne': -100000000.0, 'abatement_potential': 57001.83, 'implementation_time': 6, 'type': 'general'}, {'name': ' Substitute OPC with LC3 cement     ', 'cost_per_tonne': -80000000.0, 'abatement_potential': 76002.45, 'implementation_time': 6, 'type': 'general'}, {'name': ' Increasing fly ash to 35% in PPC   ', 'cost_per_tonne': -70000000.0, 'abatement_potential': 190006.11, 'implementation_time': 6, 'type': 'general'}, {'name': ' Renewable energy use in electricity', 'cost_per_tonne': 180000000.0, 'abatement_potential': 152004.89, 'implementation_time': 6, 'type': 'general'}, {'name': ' Increasing TSR to 30% in kiln fuel ', 'cost_per_tonne': 420000000.0, 'abatement_potential': 342011.0, 'implementation_time': 6, 'type': 'general'}, {'name': ' CCS                                ', 'cost_per_tonne': 900000000.0, 'abatement_potential': 1140036.68, 'implementation_time': 6, 'type': 'general'}, {'name': ' Decreasing clinker to 85% in OPC   ', 'cost_per_tonne': 1200000000.0, 'abatement_potential': 95003.06, 'implementation_time': 6, 'type': 'general'}, {'name': ' CCU                                ', 'cost_per_tonne': 1860000000.0, 'abatement_potential': 1140036.68, 'implementation_time': 6, 'type': 'general'}, {'name': ' Offset                             ', 'cost_per_tonne': 1880000000.0, 'abatement_potential': 228007.34, 'implementation_time': 6, 'type': 'general'}]"
199,CE_F184, CEMENT   ,1777990,0.07,0.06,0.06,0.632505825,29852195387,129.2326911,True,0.1,200, ,29852200000000.0,29852195387,"[{'name': ' Efficient electrical equipment     ', 'cost_per_tonne': -430000000.0, 'abatement_potential': 10551.87, 'implementation_time': 6, 'type': 'general'}, {'name': ' Waste heat recovery                ', 'cost_per_tonne': -420000000.0, 'abatement_potential': 42207.48, 'implementation_time': 6, 'type': 'general'}, {'name': ' Automation system                  ', 'cost_per_tonne': -410000000.0, 'abatement_potential': 21103.74, 'implementation_time': 6, 'type': 'general'}, {'name': ' Efficient grinding system          ', 'cost_per_tonne': -360000000.0, 'abatement_potential': 26379.67, 'implementation_time': 6, 'type': 'general'}, {'name': ' Optimising auxiliary power         ', 'cost_per_tonne': -340000000.0, 'abatement_potential': 5275.93, 'implementation_time': 6, 'type': 'general'}, {'name': ' Increasing slag to 70% in PSC      ', 'cost_per_tonne': -300000000.0, 'abatement_potential': 26379.67, 'implementation_time': 6, 'type': 'general'}, {'name': ' Enhancement in Kiln                ', 'cost_per_tonne': -280000000.0, 'abatement_potential': 15827.8, 'implementation_time': 6, 'type': 'general'}, {'name': ' Heat rate reduction in CPP         ', 'cost_per_tonne': -260000000.0, 'abatement_potential': 10551.87, 'implementation_time': 6, 'type': 'general'}, {'name': ' Improving burnability of material  ', 'cost_per_tonne': -130000000.0, 'abatement_potential': 36931.54, 'implementation_time': 6, 'type': 'general'}, {'name': ' Burner retrofit                    ', 'cost_per_tonne': -120000000.0, 'abatement_potential': 5275.93, 'implementation_time': 6, 'type': 'general'}, {'name': ' High efficiency clinker coolers    ', 'cost_per_tonne': -100000000.0, 'abatement_potential': 15827.8, 'implementation_time': 6, 'type': 'general'}, {'name': ' Substitute OPC with LC3 cement     ', 'cost_per_tonne': -80000000.0, 'abatement_potential': 21103.74, 'implementation_time': 6, 'type': 'general'}, {'name': ' Increasing fly ash to 35% in PPC   ', 'cost_per_tonne': -70000000.0, 'abatement_potential': 52759.35, 'implementation_time': 6, 'type': 'general'}, {'name': ' Renewable energy use in electricity', 'cost_per_tonne': 180000000.0, 'abatement_potential': 42207.48, 'implementation_time': 6, 'type': 'general'}, {'name': ' Increasing TSR to 30% in kiln fuel ', 'cost_per_tonne': 420000000.0, 'abatement_potential': 94966.82, 'implementation_time': 6, 'type': 'general'}, {'name': ' CCS                                ', 'cost_per_tonne': 900000000.0, 'abatement_potential': 316556.08, 'implementation_time': 6, 'type': 'general'}, {'name': ' Decreasing clinker to 85% in OPC   ', 'cost_per_tonne': 1200000000.0, 'abatement_potential': 26379.67, 'implementation_time': 6, 'type': 'general'}, {'name': ' CCU                                ', 'cost_per_tonne': 1860000000.0, 'abatement_potential': 316556.08, 'implementation_time': 6, 'type': 'general'}, {'name': ' Offset                             ', 'cost_per_tonne': 1880000000.0, 'abatement_potential': 63311.22, 'implementation_time': 6, 'type': 'general'}]"
200,CE_F185, CEMENT   ,724759,0.13,0.1,0.1,0.63321229,29846304401,129.0787819,True,0.1,200, ,29846300000000.0,29846304401,"[{'name': ' Efficient electrical equipment     ', 'cost_per_tonne': -430000000.0, 'abatement_potential': 4301.24, 'implementation_time': 6, 'type': 'general'}, {'name': ' Waste heat recovery                ', 'cost_per_tonne': -420000000.0, 'abatement_potential': 17204.96, 'implementation_time': 6, 'type': 'general'}, {'name': ' Automation system                  ', 'cost_per_tonne': -410000000.0, 'abatement_potential': 8602.48, 'implementation_time': 6, 'type': 'general'}, {'name': ' Efficient grinding system          ', 'cost_per_tonne': -360000000.0, 'abatement_potential': 10753.1, 'implementation_time': 6, 'type': 'general'}, {'name': ' Optimising auxiliary power         ', 'cost_per_tonne': -340000000.0, 'abatement_potential': 2150.62, 'implementation_time': 6, 'type': 'general'}, {'name': ' Increasing slag to 70% in PSC      ', 'cost_per_tonne': -300000000.0, 'abatement_potential': 10753.1, 'implementation_time': 6, 'type': 'general'}, {'name': ' Enhancement in Kiln                ', 'cost_per_tonne': -280000000.0, 'abatement_potential': 6451.86, 'implementation_time': 6, 'type': 'general'}, {'name': ' Heat rate reduction in CPP         ', 'cost_per_tonne': -260000000.0, 'abatement_potential': 4301.24, 'implementation_time': 6, 'type': 'general'}, {'name': ' Improving burnability of material  ', 'cost_per_tonne': -130000000.0, 'abatement_potential': 15054.34, 'implementation_time': 6, 'type': 'general'}, {'name': ' Burner retrofit                    ', 'cost_per_tonne': -120000000.0, 'abatement_potential': 2150.62, 'implementation_time': 6, 'type': 'general'}, {'name': ' High efficiency clinker coolers    ', 'cost_per_tonne': -100000000.0, 'abatement_potential': 6451.86, 'implementation_time': 6, 'type': 'general'}, {'name': ' Substitute OPC with LC3 cement     ', 'cost_per_tonne': -80000000.0, 'abatement_potential': 8602.48, 'implementation_time': 6, 'type': 'general'}, {'name': ' Increasing fly ash to 35% in PPC   ', 'cost_per_tonne': -70000000.0, 'abatement_potential': 21506.2, 'implementation_time': 6, 'type': 'general'}, {'name': ' Renewable energy use in electricity', 'cost_per_tonne': 180000000.0, 'abatement_potential': 17204.96, 'implementation_time': 6, 'type': 'general'}, {'name': ' Increasing TSR to 30% in kiln fuel ', 'cost_per_tonne': 420000000.0, 'abatement_potential': 38711.16, 'implementation_time': 6, 'type': 'general'}, {'name': ' CCS                                ', 'cost_per_tonne': 900000000.0, 'abatement_potential': 129037.21, 'implementation_time': 6, 'type': 'general'}, {'name': ' Decreasing clinker to 85% in OPC   ', 'cost_per_tonne': 1200000000.0, 'abatement_potential': 10753.1, 'implementation_time': 6, 'type': 'general'}, {'name': ' CCU                                ', 'cost_per_tonne': 1860000000.0, 'abatement_potential': 129037.21, 'implementation_time': 6, 'type': 'general'}, {'name': ' Offset                             ', 'cost_per_tonne': 1880000000.0, 'abatement_potential': 25807.44, 'implementation_time': 6, 'type': 'general'}]"
201,CE_F186, CEMENT   ,1605651,0.15,0.11,0.11,0.633918756,29840413415,128.9248727,True,0.1,200, ,29840400000000.0,29840413415,"[{'name': ' Efficient electrical equipment     ', 'cost_per_tonne': -430000000.0, 'abatement_potential': 9529.09, 'implementation_time': 6, 'type': 'general'}, {'name': ' Waste heat recovery                ', 'cost_per_tonne': -420000000.0, 'abatement_potential': 38116.34, 'implementation_time': 6, 'type': 'general'}, {'name': ' Automation system                  ', 'cost_per_tonne': -410000000.0, 'abatement_potential': 19058.17, 'implementation_time': 6, 'type': 'general'}, {'name': ' Efficient grinding system          ', 'cost_per_tonne': -360000000.0, 'abatement_potential': 23822.72, 'implementation_time': 6, 'type': 'general'}, {'name': ' Optimising auxiliary power         ', 'cost_per_tonne': -340000000.0, 'abatement_potential': 4764.54, 'implementation_time': 6, 'type': 'general'}, {'name': ' Increasing slag to 70% in PSC      ', 'cost_per_tonne': -300000000.0, 'abatement_potential': 23822.72, 'implementation_time': 6, 'type': 'general'}, {'name': ' Enhancement in Kiln                ', 'cost_per_tonne': -280000000.0, 'abatement_potential': 14293.63, 'implementation_time': 6, 'type': 'general'}, {'name': ' Heat rate reduction in CPP         ', 'cost_per_tonne': -260000000.0, 'abatement_potential': 9529.09, 'implementation_time': 6, 'type': 'general'}, {'name': ' Improving burnability of material  ', 'cost_per_tonne': -130000000.0, 'abatement_potential': 33351.8, 'implementation_time': 6, 'type': 'general'}, {'name': ' Burner retrofit                    ', 'cost_per_tonne': -120000000.0, 'abatement_potential': 4764.54, 'implementation_time': 6, 'type': 'general'}, {'name': ' High efficiency clinker coolers    ', 'cost_per_tonne': -100000000.0, 'abatement_potential': 14293.63, 'implementation_time': 6, 'type': 'general'}, {'name': ' Substitute OPC with LC3 cement     ', 'cost_per_tonne': -80000000.0, 'abatement_potential': 19058.17, 'implementation_time': 6, 'type': 'general'}, {'name': ' Increasing fly ash to 35% in PPC   ', 'cost_per_tonne': -70000000.0, 'abatement_potential': 47645.43, 'implementation_time': 6, 'type': 'general'}, {'name': ' Renewable energy use in electricity', 'cost_per_tonne': 180000000.0, 'abatement_potential': 38116.34, 'implementation_time': 6, 'type': 'general'}, {'name': ' Increasing TSR to 30% in kiln fuel ', 'cost_per_tonne': 420000000.0, 'abatement_potential': 85761.77, 'implementation_time': 6, 'type': 'general'}, {'name': ' CCS                                ', 'cost_per_tonne': 900000000.0, 'abatement_potential': 285872.58, 'implementation_time': 6, 'type': 'general'}, {'name': ' Decreasing clinker to 85% in OPC   ', 'cost_per_tonne': 1200000000.0, 'abatement_potential': 23822.72, 'implementation_time': 6, 'type': 'general'}, {'name': ' CCU                                ', 'cost_per_tonne': 1860000000.0, 'abatement_potential': 285872.58, 'implementation_time': 6, 'type': 'general'}, {'name': ' Offset                             ', 'cost_per_tonne': 1880000000.0, 'abatement_potential': 57174.52, 'implementation_time': 6, 'type': 'general'}]"
