,firm_id,project_num,project_name,cost_per_tonne,abatement_potential
0,CE_F1  ,1, Efficient electrical equipment     ,-430000000.0,20967.05
1,CE_F1  ,2, Waste heat recovery                ,-420000000.0,83868.2
2,CE_F1  ,3, Automation system                  ,-410000000.0,41934.1
3,CE_F1  ,4, Efficient grinding system          ,-360000000.0,52417.63
4,CE_F1  ,5, Optimising auxiliary power         ,-340000000.0,10483.53
5,CE_F1  ,6, Increasing slag to 70% in PSC      ,-300000000.0,52417.63
6,CE_F1  ,7, Enhancement in Kiln                ,-280000000.0,31450.58
7,CE_F1  ,8, Heat rate reduction in CPP         ,-260000000.0,20967.05
8,CE_F1  ,9, Improving burnability of material  ,-130000000.0,73384.68
9,CE_F1  ,10, Burner retrofit                    ,-120000000.0,10483.53
10,CE_F1  ,11, High efficiency clinker coolers    ,-100000000.0,31450.58
11,CE_F1  ,12, Substitute OPC with LC3 cement     ,-80000000.0,41934.1
12,CE_F1  ,13, Increasing fly ash to 35% in PPC   ,-70000000.0,104835.25
13,CE_F1  ,14, Renewable energy use in electricity,180000000.0,83868.2
14,CE_F1  ,15, Increasing TSR to 30% in kiln fuel ,420000000.0,188703.45
15,CE_F1  ,16, CCS                                ,900000000.0,629011.51
16,CE_F1  ,17, Decreasing clinker to 85% in OPC   ,1200000000.0,52417.63
17,CE_F1  ,18, CCU                                ,1860000000.0,629011.51
18,CE_F1  ,19, Offset                             ,1880000000.0,125802.3
19,CE_F2  ,1, Efficient electrical equipment     ,-430000000.0,15603.27
20,CE_F2  ,2, Waste heat recovery                ,-420000000.0,62413.08
21,CE_F2  ,3, Automation system                  ,-410000000.0,31206.54
22,CE_F2  ,4, Efficient grinding system          ,-360000000.0,39008.18
23,CE_F2  ,5, Optimising auxiliary power         ,-340000000.0,7801.64
24,CE_F2  ,6, Increasing slag to 70% in PSC      ,-300000000.0,39008.18
25,CE_F2  ,7, Enhancement in Kiln                ,-280000000.0,23404.91
26,CE_F2  ,8, Heat rate reduction in CPP         ,-260000000.0,15603.27
27,CE_F2  ,9, Improving burnability of material  ,-130000000.0,54611.45
28,CE_F2  ,10, Burner retrofit                    ,-120000000.0,7801.64
29,CE_F2  ,11, High efficiency clinker coolers    ,-100000000.0,23404.91
30,CE_F2  ,12, Substitute OPC with LC3 cement     ,-80000000.0,31206.54
31,CE_F2  ,13, Increasing fly ash to 35% in PPC   ,-70000000.0,78016.35
32,CE_F2  ,14, Renewable energy use in electricity,180000000.0,62413.08
33,CE_F2  ,15, Increasing TSR to 30% in kiln fuel ,420000000.0,140429.43
34,CE_F2  ,16, CCS                                ,900000000.0,468098.1
35,CE_F2  ,17, Decreasing clinker to 85% in OPC   ,1200000000.0,39008.18
36,CE_F2  ,18, CCU                                ,1860000000.0,468098.1
37,CE_F2  ,19, Offset                             ,1880000000.0,93619.62
38,CE_F3  ,1, Efficient electrical equipment     ,-430000000.0,18791.83
39,CE_F3  ,2, Waste heat recovery                ,-420000000.0,75167.31
40,CE_F3  ,3, Automation system                  ,-410000000.0,37583.66
41,CE_F3  ,4, Efficient grinding system          ,-360000000.0,46979.57
42,CE_F3  ,5, Optimising auxiliary power         ,-340000000.0,9395.91
43,CE_F3  ,6, Increasing slag to 70% in PSC      ,-300000000.0,46979.57
44,CE_F3  ,7, Enhancement in Kiln                ,-280000000.0,28187.74
45,CE_F3  ,8, Heat rate reduction in CPP         ,-260000000.0,18791.83
46,CE_F3  ,9, Improving burnability of material  ,-130000000.0,65771.4
47,CE_F3  ,10, Burner retrofit                    ,-120000000.0,9395.91
48,CE_F3  ,11, High efficiency clinker coolers    ,-100000000.0,28187.74
49,CE_F3  ,12, Substitute OPC with LC3 cement     ,-80000000.0,37583.66
50,CE_F3  ,13, Increasing fly ash to 35% in PPC   ,-70000000.0,93959.14
51,CE_F3  ,14, Renewable energy use in electricity,180000000.0,75167.31
52,CE_F3  ,15, Increasing TSR to 30% in kiln fuel ,420000000.0,169126.45
53,CE_F3  ,16, CCS                                ,900000000.0,563754.84
54,CE_F3  ,17, Decreasing clinker to 85% in OPC   ,1200000000.0,46979.57
55,CE_F3  ,18, CCU                                ,1860000000.0,563754.84
56,CE_F3  ,19, Offset                             ,1880000000.0,112750.97
57,CE_F4  ,1, Efficient electrical equipment     ,-430000000.0,6729.12
58,CE_F4  ,2, Waste heat recovery                ,-420000000.0,26916.49
59,CE_F4  ,3, Automation system                  ,-410000000.0,13458.24
60,CE_F4  ,4, Efficient grinding system          ,-360000000.0,16822.8
61,CE_F4  ,5, Optimising auxiliary power         ,-340000000.0,3364.56
62,CE_F4  ,6, Increasing slag to 70% in PSC      ,-300000000.0,16822.8
63,CE_F4  ,7, Enhancement in Kiln                ,-280000000.0,10093.68
64,CE_F4  ,8, Heat rate reduction in CPP         ,-260000000.0,6729.12
65,CE_F4  ,9, Improving burnability of material  ,-130000000.0,23551.93
66,CE_F4  ,10, Burner retrofit                    ,-120000000.0,3364.56
67,CE_F4  ,11, High efficiency clinker coolers    ,-100000000.0,10093.68
68,CE_F4  ,12, Substitute OPC with LC3 cement     ,-80000000.0,13458.24
69,CE_F4  ,13, Increasing fly ash to 35% in PPC   ,-70000000.0,33645.61
70,CE_F4  ,14, Renewable energy use in electricity,180000000.0,26916.49
71,CE_F4  ,15, Increasing TSR to 30% in kiln fuel ,420000000.0,60562.09
72,CE_F4  ,16, CCS                                ,900000000.0,201873.65
73,CE_F4  ,17, Decreasing clinker to 85% in OPC   ,1200000000.0,16822.8
74,CE_F4  ,18, CCU                                ,1860000000.0,201873.65
75,CE_F4  ,19, Offset                             ,1880000000.0,40374.73
76,CE_F5  ,1, Efficient electrical equipment     ,-430000000.0,25440.81
77,CE_F5  ,2, Waste heat recovery                ,-420000000.0,101763.23
78,CE_F5  ,3, Automation system                  ,-410000000.0,50881.61
79,CE_F5  ,4, Efficient grinding system          ,-360000000.0,63602.02
80,CE_F5  ,5, Optimising auxiliary power         ,-340000000.0,12720.4
81,CE_F5  ,6, Increasing slag to 70% in PSC      ,-300000000.0,63602.02
82,CE_F5  ,7, Enhancement in Kiln                ,-280000000.0,38161.21
83,CE_F5  ,8, Heat rate reduction in CPP         ,-260000000.0,25440.81
84,CE_F5  ,9, Improving burnability of material  ,-130000000.0,89042.82
85,CE_F5  ,10, Burner retrofit                    ,-120000000.0,12720.4
86,CE_F5  ,11, High efficiency clinker coolers    ,-100000000.0,38161.21
87,CE_F5  ,12, Substitute OPC with LC3 cement     ,-80000000.0,50881.61
88,CE_F5  ,13, Increasing fly ash to 35% in PPC   ,-70000000.0,127204.04
89,CE_F5  ,14, Renewable energy use in electricity,180000000.0,101763.23
90,CE_F5  ,15, Increasing TSR to 30% in kiln fuel ,420000000.0,228967.26
91,CE_F5  ,16, CCS                                ,900000000.0,763224.21
92,CE_F5  ,17, Decreasing clinker to 85% in OPC   ,1200000000.0,63602.02
93,CE_F5  ,18, CCU                                ,1860000000.0,763224.21
94,CE_F5  ,19, Offset                             ,1880000000.0,152644.84
95,CE_F6  ,1, Efficient electrical equipment     ,-430000000.0,67868.68
96,CE_F6  ,2, Waste heat recovery                ,-420000000.0,271474.71
97,CE_F6  ,3, Automation system                  ,-410000000.0,135737.35
98,CE_F6  ,4, Efficient grinding system          ,-360000000.0,169671.69
99,CE_F6  ,5, Optimising auxiliary power         ,-340000000.0,33934.34
100,CE_F6  ,6, Increasing slag to 70% in PSC      ,-300000000.0,169671.69
101,CE_F6  ,7, Enhancement in Kiln                ,-280000000.0,101803.01
102,CE_F6  ,8, Heat rate reduction in CPP         ,-260000000.0,67868.68
103,CE_F6  ,9, Improving burnability of material  ,-130000000.0,237540.37
104,CE_F6  ,10, Burner retrofit                    ,-120000000.0,33934.34
105,CE_F6  ,11, High efficiency clinker coolers    ,-100000000.0,101803.01
106,CE_F6  ,12, Substitute OPC with LC3 cement     ,-80000000.0,135737.35
107,CE_F6  ,13, Increasing fly ash to 35% in PPC   ,-70000000.0,339343.38
108,CE_F6  ,14, Renewable energy use in electricity,180000000.0,271474.71
109,CE_F6  ,15, Increasing TSR to 30% in kiln fuel ,420000000.0,610818.09
110,CE_F6  ,16, CCS                                ,900000000.0,2036060.3
111,CE_F6  ,17, Decreasing clinker to 85% in OPC   ,1200000000.0,169671.69
112,CE_F6  ,18, CCU                                ,1860000000.0,2036060.3
113,CE_F6  ,19, Offset                             ,1880000000.0,407212.06
114,CE_F7  ,1, Efficient electrical equipment     ,-430000000.0,5669.86
115,CE_F7  ,2, Waste heat recovery                ,-420000000.0,22679.45
116,CE_F7  ,3, Automation system                  ,-410000000.0,11339.73
117,CE_F7  ,4, Efficient grinding system          ,-360000000.0,14174.66
118,CE_F7  ,5, Optimising auxiliary power         ,-340000000.0,2834.93
119,CE_F7  ,6, Increasing slag to 70% in PSC      ,-300000000.0,14174.66
120,CE_F7  ,7, Enhancement in Kiln                ,-280000000.0,8504.8
121,CE_F7  ,8, Heat rate reduction in CPP         ,-260000000.0,5669.86
122,CE_F7  ,9, Improving burnability of material  ,-130000000.0,19844.52
123,CE_F7  ,10, Burner retrofit                    ,-120000000.0,2834.93
124,CE_F7  ,11, High efficiency clinker coolers    ,-100000000.0,8504.8
125,CE_F7  ,12, Substitute OPC with LC3 cement     ,-80000000.0,11339.73
126,CE_F7  ,13, Increasing fly ash to 35% in PPC   ,-70000000.0,28349.32
127,CE_F7  ,14, Renewable energy use in electricity,180000000.0,22679.45
128,CE_F7  ,15, Increasing TSR to 30% in kiln fuel ,420000000.0,51028.77
129,CE_F7  ,16, CCS                                ,900000000.0,170095.91
130,CE_F7  ,17, Decreasing clinker to 85% in OPC   ,1200000000.0,14174.66
131,CE_F7  ,18, CCU                                ,1860000000.0,170095.91
132,CE_F7  ,19, Offset                             ,1880000000.0,34019.18
133,CE_F8  ,1, Efficient electrical equipment     ,-430000000.0,25319.28
134,CE_F8  ,2, Waste heat recovery                ,-420000000.0,101277.1
135,CE_F8  ,3, Automation system                  ,-410000000.0,50638.55
136,CE_F8  ,4, Efficient grinding system          ,-360000000.0,63298.19
137,CE_F8  ,5, Optimising auxiliary power         ,-340000000.0,12659.64
138,CE_F8  ,6, Increasing slag to 70% in PSC      ,-300000000.0,63298.19
139,CE_F8  ,7, Enhancement in Kiln                ,-280000000.0,37978.91
140,CE_F8  ,8, Heat rate reduction in CPP         ,-260000000.0,25319.28
141,CE_F8  ,9, Improving burnability of material  ,-130000000.0,88617.47
142,CE_F8  ,10, Burner retrofit                    ,-120000000.0,12659.64
143,CE_F8  ,11, High efficiency clinker coolers    ,-100000000.0,37978.91
144,CE_F8  ,12, Substitute OPC with LC3 cement     ,-80000000.0,50638.55
145,CE_F8  ,13, Increasing fly ash to 35% in PPC   ,-70000000.0,126596.38
146,CE_F8  ,14, Renewable energy use in electricity,180000000.0,101277.1
147,CE_F8  ,15, Increasing TSR to 30% in kiln fuel ,420000000.0,227873.48
148,CE_F8  ,16, CCS                                ,900000000.0,759578.28
149,CE_F8  ,17, Decreasing clinker to 85% in OPC   ,1200000000.0,63298.19
150,CE_F8  ,18, CCU                                ,1860000000.0,759578.28
151,CE_F8  ,19, Offset                             ,1880000000.0,151915.66
152,CE_F9  ,1, Efficient electrical equipment     ,-430000000.0,43044.86
153,CE_F9  ,2, Waste heat recovery                ,-420000000.0,172179.44
154,CE_F9  ,3, Automation system                  ,-410000000.0,86089.72
155,CE_F9  ,4, Efficient grinding system          ,-360000000.0,107612.15
156,CE_F9  ,5, Optimising auxiliary power         ,-340000000.0,21522.43
157,CE_F9  ,6, Increasing slag to 70% in PSC      ,-300000000.0,107612.15
158,CE_F9  ,7, Enhancement in Kiln                ,-280000000.0,64567.29
159,CE_F9  ,8, Heat rate reduction in CPP         ,-260000000.0,43044.86
160,CE_F9  ,9, Improving burnability of material  ,-130000000.0,150657.01
161,CE_F9  ,10, Burner retrofit                    ,-120000000.0,21522.43
162,CE_F9  ,11, High efficiency clinker coolers    ,-100000000.0,64567.29
163,CE_F9  ,12, Substitute OPC with LC3 cement     ,-80000000.0,86089.72
164,CE_F9  ,13, Increasing fly ash to 35% in PPC   ,-70000000.0,215224.3
165,CE_F9  ,14, Renewable energy use in electricity,180000000.0,172179.44
166,CE_F9  ,15, Increasing TSR to 30% in kiln fuel ,420000000.0,387403.74
167,CE_F9  ,16, CCS                                ,900000000.0,1291345.82
168,CE_F9  ,17, Decreasing clinker to 85% in OPC   ,1200000000.0,107612.15
169,CE_F9  ,18, CCU                                ,1860000000.0,1291345.82
170,CE_F9  ,19, Offset                             ,1880000000.0,258269.16
171,CE_F10 ,1, Efficient electrical equipment     ,-430000000.0,9065.62
172,CE_F10 ,2, Waste heat recovery                ,-420000000.0,36262.48
173,CE_F10 ,3, Automation system                  ,-410000000.0,18131.24
174,CE_F10 ,4, Efficient grinding system          ,-360000000.0,22664.05
175,CE_F10 ,5, Optimising auxiliary power         ,-340000000.0,4532.81
176,CE_F10 ,6, Increasing slag to 70% in PSC      ,-300000000.0,22664.05
177,CE_F10 ,7, Enhancement in Kiln                ,-280000000.0,13598.43
178,CE_F10 ,8, Heat rate reduction in CPP         ,-260000000.0,9065.62
179,CE_F10 ,9, Improving burnability of material  ,-130000000.0,31729.67
180,CE_F10 ,10, Burner retrofit                    ,-120000000.0,4532.81
181,CE_F10 ,11, High efficiency clinker coolers    ,-100000000.0,13598.43
182,CE_F10 ,12, Substitute OPC with LC3 cement     ,-80000000.0,18131.24
183,CE_F10 ,13, Increasing fly ash to 35% in PPC   ,-70000000.0,45328.1
184,CE_F10 ,14, Renewable energy use in electricity,180000000.0,36262.48
185,CE_F10 ,15, Increasing TSR to 30% in kiln fuel ,420000000.0,81590.58
186,CE_F10 ,16, CCS                                ,900000000.0,271968.61
187,CE_F10 ,17, Decreasing clinker to 85% in OPC   ,1200000000.0,22664.05
188,CE_F10 ,18, CCU                                ,1860000000.0,271968.61
189,CE_F10 ,19, Offset                             ,1880000000.0,54393.72
190,CE_F11 ,1, Efficient electrical equipment     ,-430000000.0,33966.31
191,CE_F11 ,2, Waste heat recovery                ,-420000000.0,135865.26
192,CE_F11 ,3, Automation system                  ,-410000000.0,67932.63
193,CE_F11 ,4, Efficient grinding system          ,-360000000.0,84915.79
194,CE_F11 ,5, Optimising auxiliary power         ,-340000000.0,16983.16
195,CE_F11 ,6, Increasing slag to 70% in PSC      ,-300000000.0,84915.79
196,CE_F11 ,7, Enhancement in Kiln                ,-280000000.0,50949.47
197,CE_F11 ,8, Heat rate reduction in CPP         ,-260000000.0,33966.31
198,CE_F11 ,9, Improving burnability of material  ,-130000000.0,118882.1
199,CE_F11 ,10, Burner retrofit                    ,-120000000.0,16983.16
200,CE_F11 ,11, High efficiency clinker coolers    ,-100000000.0,50949.47
201,CE_F11 ,12, Substitute OPC with LC3 cement     ,-80000000.0,67932.63
202,CE_F11 ,13, Increasing fly ash to 35% in PPC   ,-70000000.0,169831.57
203,CE_F11 ,14, Renewable energy use in electricity,180000000.0,135865.26
204,CE_F11 ,15, Increasing TSR to 30% in kiln fuel ,420000000.0,305696.83
205,CE_F11 ,16, CCS                                ,900000000.0,1018989.44
206,CE_F11 ,17, Decreasing clinker to 85% in OPC   ,1200000000.0,84915.79
207,CE_F11 ,18, CCU                                ,1860000000.0,1018989.44
208,CE_F11 ,19, Offset                             ,1880000000.0,203797.89
209,CE_F12 ,1, Efficient electrical equipment     ,-430000000.0,25987.8
210,CE_F12 ,2, Waste heat recovery                ,-420000000.0,103951.19
211,CE_F12 ,3, Automation system                  ,-410000000.0,51975.6
212,CE_F12 ,4, Efficient grinding system          ,-360000000.0,64969.5
213,CE_F12 ,5, Optimising auxiliary power         ,-340000000.0,12993.9
214,CE_F12 ,6, Increasing slag to 70% in PSC      ,-300000000.0,64969.5
215,CE_F12 ,7, Enhancement in Kiln                ,-280000000.0,38981.7
216,CE_F12 ,8, Heat rate reduction in CPP         ,-260000000.0,25987.8
217,CE_F12 ,9, Improving burnability of material  ,-130000000.0,90957.29
218,CE_F12 ,10, Burner retrofit                    ,-120000000.0,12993.9
219,CE_F12 ,11, High efficiency clinker coolers    ,-100000000.0,38981.7
220,CE_F12 ,12, Substitute OPC with LC3 cement     ,-80000000.0,51975.6
221,CE_F12 ,13, Increasing fly ash to 35% in PPC   ,-70000000.0,129938.99
222,CE_F12 ,14, Renewable energy use in electricity,180000000.0,103951.19
223,CE_F12 ,15, Increasing TSR to 30% in kiln fuel ,420000000.0,233890.18
224,CE_F12 ,16, CCS                                ,900000000.0,779633.95
225,CE_F12 ,17, Decreasing clinker to 85% in OPC   ,1200000000.0,64969.5
226,CE_F12 ,18, CCU                                ,1860000000.0,779633.95
227,CE_F12 ,19, Offset                             ,1880000000.0,155926.79
228,CE_F13 ,1, Efficient electrical equipment     ,-430000000.0,46721.47
229,CE_F13 ,2, Waste heat recovery                ,-420000000.0,186885.86
230,CE_F13 ,3, Automation system                  ,-410000000.0,93442.93
231,CE_F13 ,4, Efficient grinding system          ,-360000000.0,116803.66
232,CE_F13 ,5, Optimising auxiliary power         ,-340000000.0,23360.73
233,CE_F13 ,6, Increasing slag to 70% in PSC      ,-300000000.0,116803.66
234,CE_F13 ,7, Enhancement in Kiln                ,-280000000.0,70082.2
235,CE_F13 ,8, Heat rate reduction in CPP         ,-260000000.0,46721.47
236,CE_F13 ,9, Improving burnability of material  ,-130000000.0,163525.13
237,CE_F13 ,10, Burner retrofit                    ,-120000000.0,23360.73
238,CE_F13 ,11, High efficiency clinker coolers    ,-100000000.0,70082.2
239,CE_F13 ,12, Substitute OPC with LC3 cement     ,-80000000.0,93442.93
240,CE_F13 ,13, Increasing fly ash to 35% in PPC   ,-70000000.0,233607.33
241,CE_F13 ,14, Renewable energy use in electricity,180000000.0,186885.86
242,CE_F13 ,15, Increasing TSR to 30% in kiln fuel ,420000000.0,420493.19
243,CE_F13 ,16, CCS                                ,900000000.0,1401643.98
244,CE_F13 ,17, Decreasing clinker to 85% in OPC   ,1200000000.0,116803.66
245,CE_F13 ,18, CCU                                ,1860000000.0,1401643.98
246,CE_F13 ,19, Offset                             ,1880000000.0,280328.8
247,CE_F14 ,1, Efficient electrical equipment     ,-430000000.0,8582.77
248,CE_F14 ,2, Waste heat recovery                ,-420000000.0,34331.09
249,CE_F14 ,3, Automation system                  ,-410000000.0,17165.54
250,CE_F14 ,4, Efficient grinding system          ,-360000000.0,21456.93
251,CE_F14 ,5, Optimising auxiliary power         ,-340000000.0,4291.39
252,CE_F14 ,6, Increasing slag to 70% in PSC      ,-300000000.0,21456.93
253,CE_F14 ,7, Enhancement in Kiln                ,-280000000.0,12874.16
254,CE_F14 ,8, Heat rate reduction in CPP         ,-260000000.0,8582.77
255,CE_F14 ,9, Improving burnability of material  ,-130000000.0,30039.7
256,CE_F14 ,10, Burner retrofit                    ,-120000000.0,4291.39
257,CE_F14 ,11, High efficiency clinker coolers    ,-100000000.0,12874.16
258,CE_F14 ,12, Substitute OPC with LC3 cement     ,-80000000.0,17165.54
259,CE_F14 ,13, Increasing fly ash to 35% in PPC   ,-70000000.0,42913.86
260,CE_F14 ,14, Renewable energy use in electricity,180000000.0,34331.09
261,CE_F14 ,15, Increasing TSR to 30% in kiln fuel ,420000000.0,77244.94
262,CE_F14 ,16, CCS                                ,900000000.0,257483.15
263,CE_F14 ,17, Decreasing clinker to 85% in OPC   ,1200000000.0,21456.93
264,CE_F14 ,18, CCU                                ,1860000000.0,257483.15
265,CE_F14 ,19, Offset                             ,1880000000.0,51496.63
266,CE_F15 ,1, Efficient electrical equipment     ,-430000000.0,21815.81
267,CE_F15 ,2, Waste heat recovery                ,-420000000.0,87263.24
268,CE_F15 ,3, Automation system                  ,-410000000.0,43631.62
269,CE_F15 ,4, Efficient grinding system          ,-360000000.0,54539.53
270,CE_F15 ,5, Optimising auxiliary power         ,-340000000.0,10907.91
271,CE_F15 ,6, Increasing slag to 70% in PSC      ,-300000000.0,54539.53
272,CE_F15 ,7, Enhancement in Kiln                ,-280000000.0,32723.72
273,CE_F15 ,8, Heat rate reduction in CPP         ,-260000000.0,21815.81
274,CE_F15 ,9, Improving burnability of material  ,-130000000.0,76355.34
275,CE_F15 ,10, Burner retrofit                    ,-120000000.0,10907.91
276,CE_F15 ,11, High efficiency clinker coolers    ,-100000000.0,32723.72
277,CE_F15 ,12, Substitute OPC with LC3 cement     ,-80000000.0,43631.62
278,CE_F15 ,13, Increasing fly ash to 35% in PPC   ,-70000000.0,109079.05
279,CE_F15 ,14, Renewable energy use in electricity,180000000.0,87263.24
280,CE_F15 ,15, Increasing TSR to 30% in kiln fuel ,420000000.0,196342.29
281,CE_F15 ,16, CCS                                ,900000000.0,654474.3
282,CE_F15 ,17, Decreasing clinker to 85% in OPC   ,1200000000.0,54539.53
283,CE_F15 ,18, CCU                                ,1860000000.0,654474.3
284,CE_F15 ,19, Offset                             ,1880000000.0,130894.86
285,CE_F16 ,1, Efficient electrical equipment     ,-430000000.0,20808.15
286,CE_F16 ,2, Waste heat recovery                ,-420000000.0,83232.62
287,CE_F16 ,3, Automation system                  ,-410000000.0,41616.31
288,CE_F16 ,4, Efficient grinding system          ,-360000000.0,52020.39
289,CE_F16 ,5, Optimising auxiliary power         ,-340000000.0,10404.08
290,CE_F16 ,6, Increasing slag to 70% in PSC      ,-300000000.0,52020.39
291,CE_F16 ,7, Enhancement in Kiln                ,-280000000.0,31212.23
292,CE_F16 ,8, Heat rate reduction in CPP         ,-260000000.0,20808.15
293,CE_F16 ,9, Improving burnability of material  ,-130000000.0,72828.54
294,CE_F16 ,10, Burner retrofit                    ,-120000000.0,10404.08
295,CE_F16 ,11, High efficiency clinker coolers    ,-100000000.0,31212.23
296,CE_F16 ,12, Substitute OPC with LC3 cement     ,-80000000.0,41616.31
297,CE_F16 ,13, Increasing fly ash to 35% in PPC   ,-70000000.0,104040.77
298,CE_F16 ,14, Renewable energy use in electricity,180000000.0,83232.62
299,CE_F16 ,15, Increasing TSR to 30% in kiln fuel ,420000000.0,187273.39
300,CE_F16 ,16, CCS                                ,900000000.0,624244.63
301,CE_F16 ,17, Decreasing clinker to 85% in OPC   ,1200000000.0,52020.39
302,CE_F16 ,18, CCU                                ,1860000000.0,624244.63
303,CE_F16 ,19, Offset                             ,1880000000.0,124848.93
304,CE_F17 ,1, Efficient electrical equipment     ,-430000000.0,10145.74
305,CE_F17 ,2, Waste heat recovery                ,-420000000.0,40582.96
306,CE_F17 ,3, Automation system                  ,-410000000.0,20291.48
307,CE_F17 ,4, Efficient grinding system          ,-360000000.0,25364.35
308,CE_F17 ,5, Optimising auxiliary power         ,-340000000.0,5072.87
309,CE_F17 ,6, Increasing slag to 70% in PSC      ,-300000000.0,25364.35
310,CE_F17 ,7, Enhancement in Kiln                ,-280000000.0,15218.61
311,CE_F17 ,8, Heat rate reduction in CPP         ,-260000000.0,10145.74
312,CE_F17 ,9, Improving burnability of material  ,-130000000.0,35510.09
313,CE_F17 ,10, Burner retrofit                    ,-120000000.0,5072.87
314,CE_F17 ,11, High efficiency clinker coolers    ,-100000000.0,15218.61
315,CE_F17 ,12, Substitute OPC with LC3 cement     ,-80000000.0,20291.48
316,CE_F17 ,13, Increasing fly ash to 35% in PPC   ,-70000000.0,50728.69
317,CE_F17 ,14, Renewable energy use in electricity,180000000.0,40582.96
318,CE_F17 ,15, Increasing TSR to 30% in kiln fuel ,420000000.0,91311.65
319,CE_F17 ,16, CCS                                ,900000000.0,304372.17
320,CE_F17 ,17, Decreasing clinker to 85% in OPC   ,1200000000.0,25364.35
321,CE_F17 ,18, CCU                                ,1860000000.0,304372.17
322,CE_F17 ,19, Offset                             ,1880000000.0,60874.43
323,CE_F18 ,1, Efficient electrical equipment     ,-430000000.0,29545.22
324,CE_F18 ,2, Waste heat recovery                ,-420000000.0,118180.89
325,CE_F18 ,3, Automation system                  ,-410000000.0,59090.45
326,CE_F18 ,4, Efficient grinding system          ,-360000000.0,73863.06
327,CE_F18 ,5, Optimising auxiliary power         ,-340000000.0,14772.61
328,CE_F18 ,6, Increasing slag to 70% in PSC      ,-300000000.0,73863.06
329,CE_F18 ,7, Enhancement in Kiln                ,-280000000.0,44317.83
330,CE_F18 ,8, Heat rate reduction in CPP         ,-260000000.0,29545.22
331,CE_F18 ,9, Improving burnability of material  ,-130000000.0,103408.28
332,CE_F18 ,10, Burner retrofit                    ,-120000000.0,14772.61
333,CE_F18 ,11, High efficiency clinker coolers    ,-100000000.0,44317.83
334,CE_F18 ,12, Substitute OPC with LC3 cement     ,-80000000.0,59090.45
335,CE_F18 ,13, Increasing fly ash to 35% in PPC   ,-70000000.0,147726.11
336,CE_F18 ,14, Renewable energy use in electricity,180000000.0,118180.89
337,CE_F18 ,15, Increasing TSR to 30% in kiln fuel ,420000000.0,265907.0
338,CE_F18 ,16, CCS                                ,900000000.0,886356.68
339,CE_F18 ,17, Decreasing clinker to 85% in OPC   ,1200000000.0,73863.06
340,CE_F18 ,18, CCU                                ,1860000000.0,886356.68
341,CE_F18 ,19, Offset                             ,1880000000.0,177271.34
342,CE_F19 ,1, Efficient electrical equipment     ,-430000000.0,31992.26
343,CE_F19 ,2, Waste heat recovery                ,-420000000.0,127969.02
344,CE_F19 ,3, Automation system                  ,-410000000.0,63984.51
345,CE_F19 ,4, Efficient grinding system          ,-360000000.0,79980.64
346,CE_F19 ,5, Optimising auxiliary power         ,-340000000.0,15996.13
347,CE_F19 ,6, Increasing slag to 70% in PSC      ,-300000000.0,79980.64
348,CE_F19 ,7, Enhancement in Kiln                ,-280000000.0,47988.38
349,CE_F19 ,8, Heat rate reduction in CPP         ,-260000000.0,31992.26
350,CE_F19 ,9, Improving burnability of material  ,-130000000.0,111972.89
351,CE_F19 ,10, Burner retrofit                    ,-120000000.0,15996.13
352,CE_F19 ,11, High efficiency clinker coolers    ,-100000000.0,47988.38
353,CE_F19 ,12, Substitute OPC with LC3 cement     ,-80000000.0,63984.51
354,CE_F19 ,13, Increasing fly ash to 35% in PPC   ,-70000000.0,159961.28
355,CE_F19 ,14, Renewable energy use in electricity,180000000.0,127969.02
356,CE_F19 ,15, Increasing TSR to 30% in kiln fuel ,420000000.0,287930.3
357,CE_F19 ,16, CCS                                ,900000000.0,959767.66
358,CE_F19 ,17, Decreasing clinker to 85% in OPC   ,1200000000.0,79980.64
359,CE_F19 ,18, CCU                                ,1860000000.0,959767.66
360,CE_F19 ,19, Offset                             ,1880000000.0,191953.53
361,CE_F20 ,1, Efficient electrical equipment     ,-430000000.0,23353.82
362,CE_F20 ,2, Waste heat recovery                ,-420000000.0,93415.26
363,CE_F20 ,3, Automation system                  ,-410000000.0,46707.63
364,CE_F20 ,4, Efficient grinding system          ,-360000000.0,58384.54
365,CE_F20 ,5, Optimising auxiliary power         ,-340000000.0,11676.91
366,CE_F20 ,6, Increasing slag to 70% in PSC      ,-300000000.0,58384.54
367,CE_F20 ,7, Enhancement in Kiln                ,-280000000.0,35030.72
368,CE_F20 ,8, Heat rate reduction in CPP         ,-260000000.0,23353.82
369,CE_F20 ,9, Improving burnability of material  ,-130000000.0,81738.36
370,CE_F20 ,10, Burner retrofit                    ,-120000000.0,11676.91
371,CE_F20 ,11, High efficiency clinker coolers    ,-100000000.0,35030.72
372,CE_F20 ,12, Substitute OPC with LC3 cement     ,-80000000.0,46707.63
373,CE_F20 ,13, Increasing fly ash to 35% in PPC   ,-70000000.0,116769.08
374,CE_F20 ,14, Renewable energy use in electricity,180000000.0,93415.26
375,CE_F20 ,15, Increasing TSR to 30% in kiln fuel ,420000000.0,210184.34
376,CE_F20 ,16, CCS                                ,900000000.0,700614.48
377,CE_F20 ,17, Decreasing clinker to 85% in OPC   ,1200000000.0,58384.54
378,CE_F20 ,18, CCU                                ,1860000000.0,700614.48
379,CE_F20 ,19, Offset                             ,1880000000.0,140122.9
380,CE_F21 ,1, Efficient electrical equipment     ,-430000000.0,25722.59
381,CE_F21 ,2, Waste heat recovery                ,-420000000.0,102890.35
382,CE_F21 ,3, Automation system                  ,-410000000.0,51445.18
383,CE_F21 ,4, Efficient grinding system          ,-360000000.0,64306.47
384,CE_F21 ,5, Optimising auxiliary power         ,-340000000.0,12861.29
385,CE_F21 ,6, Increasing slag to 70% in PSC      ,-300000000.0,64306.47
386,CE_F21 ,7, Enhancement in Kiln                ,-280000000.0,38583.88
387,CE_F21 ,8, Heat rate reduction in CPP         ,-260000000.0,25722.59
388,CE_F21 ,9, Improving burnability of material  ,-130000000.0,90029.06
389,CE_F21 ,10, Burner retrofit                    ,-120000000.0,12861.29
390,CE_F21 ,11, High efficiency clinker coolers    ,-100000000.0,38583.88
391,CE_F21 ,12, Substitute OPC with LC3 cement     ,-80000000.0,51445.18
392,CE_F21 ,13, Increasing fly ash to 35% in PPC   ,-70000000.0,128612.94
393,CE_F21 ,14, Renewable energy use in electricity,180000000.0,102890.35
394,CE_F21 ,15, Increasing TSR to 30% in kiln fuel ,420000000.0,231503.29
395,CE_F21 ,16, CCS                                ,900000000.0,771677.63
396,CE_F21 ,17, Decreasing clinker to 85% in OPC   ,1200000000.0,64306.47
397,CE_F21 ,18, CCU                                ,1860000000.0,771677.63
398,CE_F21 ,19, Offset                             ,1880000000.0,154335.53
399,CE_F22 ,1, Efficient electrical equipment     ,-430000000.0,13792.93
400,CE_F22 ,2, Waste heat recovery                ,-420000000.0,55171.73
401,CE_F22 ,3, Automation system                  ,-410000000.0,27585.86
402,CE_F22 ,4, Efficient grinding system          ,-360000000.0,34482.33
403,CE_F22 ,5, Optimising auxiliary power         ,-340000000.0,6896.47
404,CE_F22 ,6, Increasing slag to 70% in PSC      ,-300000000.0,34482.33
405,CE_F22 ,7, Enhancement in Kiln                ,-280000000.0,20689.4
406,CE_F22 ,8, Heat rate reduction in CPP         ,-260000000.0,13792.93
407,CE_F22 ,9, Improving burnability of material  ,-130000000.0,48275.26
408,CE_F22 ,10, Burner retrofit                    ,-120000000.0,6896.47
409,CE_F22 ,11, High efficiency clinker coolers    ,-100000000.0,20689.4
410,CE_F22 ,12, Substitute OPC with LC3 cement     ,-80000000.0,27585.86
411,CE_F22 ,13, Increasing fly ash to 35% in PPC   ,-70000000.0,68964.66
412,CE_F22 ,14, Renewable energy use in electricity,180000000.0,55171.73
413,CE_F22 ,15, Increasing TSR to 30% in kiln fuel ,420000000.0,124136.39
414,CE_F22 ,16, CCS                                ,900000000.0,413787.95
415,CE_F22 ,17, Decreasing clinker to 85% in OPC   ,1200000000.0,34482.33
416,CE_F22 ,18, CCU                                ,1860000000.0,413787.95
417,CE_F22 ,19, Offset                             ,1880000000.0,82757.59
418,CE_F23 ,1, Efficient electrical equipment     ,-430000000.0,4084.77
419,CE_F23 ,2, Waste heat recovery                ,-420000000.0,16339.09
420,CE_F23 ,3, Automation system                  ,-410000000.0,8169.54
421,CE_F23 ,4, Efficient grinding system          ,-360000000.0,10211.93
422,CE_F23 ,5, Optimising auxiliary power         ,-340000000.0,2042.39
423,CE_F23 ,6, Increasing slag to 70% in PSC      ,-300000000.0,10211.93
424,CE_F23 ,7, Enhancement in Kiln                ,-280000000.0,6127.16
425,CE_F23 ,8, Heat rate reduction in CPP         ,-260000000.0,4084.77
426,CE_F23 ,9, Improving burnability of material  ,-130000000.0,14296.7
427,CE_F23 ,10, Burner retrofit                    ,-120000000.0,2042.39
428,CE_F23 ,11, High efficiency clinker coolers    ,-100000000.0,6127.16
429,CE_F23 ,12, Substitute OPC with LC3 cement     ,-80000000.0,8169.54
430,CE_F23 ,13, Increasing fly ash to 35% in PPC   ,-70000000.0,20423.86
431,CE_F23 ,14, Renewable energy use in electricity,180000000.0,16339.09
432,CE_F23 ,15, Increasing TSR to 30% in kiln fuel ,420000000.0,36762.94
433,CE_F23 ,16, CCS                                ,900000000.0,122543.15
434,CE_F23 ,17, Decreasing clinker to 85% in OPC   ,1200000000.0,10211.93
435,CE_F23 ,18, CCU                                ,1860000000.0,122543.15
436,CE_F23 ,19, Offset                             ,1880000000.0,24508.63
437,CE_F24 ,1, Efficient electrical equipment     ,-430000000.0,13623.77
438,CE_F24 ,2, Waste heat recovery                ,-420000000.0,54495.1
439,CE_F24 ,3, Automation system                  ,-410000000.0,27247.55
440,CE_F24 ,4, Efficient grinding system          ,-360000000.0,34059.44
441,CE_F24 ,5, Optimising auxiliary power         ,-340000000.0,6811.89
442,CE_F24 ,6, Increasing slag to 70% in PSC      ,-300000000.0,34059.44
443,CE_F24 ,7, Enhancement in Kiln                ,-280000000.0,20435.66
444,CE_F24 ,8, Heat rate reduction in CPP         ,-260000000.0,13623.77
445,CE_F24 ,9, Improving burnability of material  ,-130000000.0,47683.21
446,CE_F24 ,10, Burner retrofit                    ,-120000000.0,6811.89
447,CE_F24 ,11, High efficiency clinker coolers    ,-100000000.0,20435.66
448,CE_F24 ,12, Substitute OPC with LC3 cement     ,-80000000.0,27247.55
449,CE_F24 ,13, Increasing fly ash to 35% in PPC   ,-70000000.0,68118.87
450,CE_F24 ,14, Renewable energy use in electricity,180000000.0,54495.1
451,CE_F24 ,15, Increasing TSR to 30% in kiln fuel ,420000000.0,122613.97
452,CE_F24 ,16, CCS                                ,900000000.0,408713.23
453,CE_F24 ,17, Decreasing clinker to 85% in OPC   ,1200000000.0,34059.44
454,CE_F24 ,18, CCU                                ,1860000000.0,408713.23
455,CE_F24 ,19, Offset                             ,1880000000.0,81742.65
456,CE_F25 ,1, Efficient electrical equipment     ,-430000000.0,12088.65
457,CE_F25 ,2, Waste heat recovery                ,-420000000.0,48354.61
458,CE_F25 ,3, Automation system                  ,-410000000.0,24177.31
459,CE_F25 ,4, Efficient grinding system          ,-360000000.0,30221.63
460,CE_F25 ,5, Optimising auxiliary power         ,-340000000.0,6044.33
461,CE_F25 ,6, Increasing slag to 70% in PSC      ,-300000000.0,30221.63
462,CE_F25 ,7, Enhancement in Kiln                ,-280000000.0,18132.98
463,CE_F25 ,8, Heat rate reduction in CPP         ,-260000000.0,12088.65
464,CE_F25 ,9, Improving burnability of material  ,-130000000.0,42310.28
465,CE_F25 ,10, Burner retrofit                    ,-120000000.0,6044.33
466,CE_F25 ,11, High efficiency clinker coolers    ,-100000000.0,18132.98
467,CE_F25 ,12, Substitute OPC with LC3 cement     ,-80000000.0,24177.31
468,CE_F25 ,13, Increasing fly ash to 35% in PPC   ,-70000000.0,60443.26
469,CE_F25 ,14, Renewable energy use in electricity,180000000.0,48354.61
470,CE_F25 ,15, Increasing TSR to 30% in kiln fuel ,420000000.0,108797.88
471,CE_F25 ,16, CCS                                ,900000000.0,362659.58
472,CE_F25 ,17, Decreasing clinker to 85% in OPC   ,1200000000.0,30221.63
473,CE_F25 ,18, CCU                                ,1860000000.0,362659.58
474,CE_F25 ,19, Offset                             ,1880000000.0,72531.92
475,CE_F26 ,1, Efficient electrical equipment     ,-430000000.0,32332.11
476,CE_F26 ,2, Waste heat recovery                ,-420000000.0,129328.45
477,CE_F26 ,3, Automation system                  ,-410000000.0,64664.23
478,CE_F26 ,4, Efficient grinding system          ,-360000000.0,80830.28
479,CE_F26 ,5, Optimising auxiliary power         ,-340000000.0,16166.06
480,CE_F26 ,6, Increasing slag to 70% in PSC      ,-300000000.0,80830.28
481,CE_F26 ,7, Enhancement in Kiln                ,-280000000.0,48498.17
482,CE_F26 ,8, Heat rate reduction in CPP         ,-260000000.0,32332.11
483,CE_F26 ,9, Improving burnability of material  ,-130000000.0,113162.39
484,CE_F26 ,10, Burner retrofit                    ,-120000000.0,16166.06
485,CE_F26 ,11, High efficiency clinker coolers    ,-100000000.0,48498.17
486,CE_F26 ,12, Substitute OPC with LC3 cement     ,-80000000.0,64664.23
487,CE_F26 ,13, Increasing fly ash to 35% in PPC   ,-70000000.0,161660.56
488,CE_F26 ,14, Renewable energy use in electricity,180000000.0,129328.45
489,CE_F26 ,15, Increasing TSR to 30% in kiln fuel ,420000000.0,290989.01
490,CE_F26 ,16, CCS                                ,900000000.0,969963.38
491,CE_F26 ,17, Decreasing clinker to 85% in OPC   ,1200000000.0,80830.28
492,CE_F26 ,18, CCU                                ,1860000000.0,969963.38
493,CE_F26 ,19, Offset                             ,1880000000.0,193992.68
494,CE_F27 ,1, Efficient electrical equipment     ,-430000000.0,19284.88
495,CE_F27 ,2, Waste heat recovery                ,-420000000.0,77139.54
496,CE_F27 ,3, Automation system                  ,-410000000.0,38569.77
497,CE_F27 ,4, Efficient grinding system          ,-360000000.0,48212.21
498,CE_F27 ,5, Optimising auxiliary power         ,-340000000.0,9642.44
499,CE_F27 ,6, Increasing slag to 70% in PSC      ,-300000000.0,48212.21
500,CE_F27 ,7, Enhancement in Kiln                ,-280000000.0,28927.33
501,CE_F27 ,8, Heat rate reduction in CPP         ,-260000000.0,19284.88
502,CE_F27 ,9, Improving burnability of material  ,-130000000.0,67497.09
503,CE_F27 ,10, Burner retrofit                    ,-120000000.0,9642.44
504,CE_F27 ,11, High efficiency clinker coolers    ,-100000000.0,28927.33
505,CE_F27 ,12, Substitute OPC with LC3 cement     ,-80000000.0,38569.77
506,CE_F27 ,13, Increasing fly ash to 35% in PPC   ,-70000000.0,96424.42
507,CE_F27 ,14, Renewable energy use in electricity,180000000.0,77139.54
508,CE_F27 ,15, Increasing TSR to 30% in kiln fuel ,420000000.0,173563.96
509,CE_F27 ,16, CCS                                ,900000000.0,578546.53
510,CE_F27 ,17, Decreasing clinker to 85% in OPC   ,1200000000.0,48212.21
511,CE_F27 ,18, CCU                                ,1860000000.0,578546.53
512,CE_F27 ,19, Offset                             ,1880000000.0,115709.31
513,CE_F28 ,1, Efficient electrical equipment     ,-430000000.0,8815.13
514,CE_F28 ,2, Waste heat recovery                ,-420000000.0,35260.53
515,CE_F28 ,3, Automation system                  ,-410000000.0,17630.27
516,CE_F28 ,4, Efficient grinding system          ,-360000000.0,22037.83
517,CE_F28 ,5, Optimising auxiliary power         ,-340000000.0,4407.57
518,CE_F28 ,6, Increasing slag to 70% in PSC      ,-300000000.0,22037.83
519,CE_F28 ,7, Enhancement in Kiln                ,-280000000.0,13222.7
520,CE_F28 ,8, Heat rate reduction in CPP         ,-260000000.0,8815.13
521,CE_F28 ,9, Improving burnability of material  ,-130000000.0,30852.97
522,CE_F28 ,10, Burner retrofit                    ,-120000000.0,4407.57
523,CE_F28 ,11, High efficiency clinker coolers    ,-100000000.0,13222.7
524,CE_F28 ,12, Substitute OPC with LC3 cement     ,-80000000.0,17630.27
525,CE_F28 ,13, Increasing fly ash to 35% in PPC   ,-70000000.0,44075.67
526,CE_F28 ,14, Renewable energy use in electricity,180000000.0,35260.53
527,CE_F28 ,15, Increasing TSR to 30% in kiln fuel ,420000000.0,79336.2
528,CE_F28 ,16, CCS                                ,900000000.0,264454.01
529,CE_F28 ,17, Decreasing clinker to 85% in OPC   ,1200000000.0,22037.83
530,CE_F28 ,18, CCU                                ,1860000000.0,264454.01
531,CE_F28 ,19, Offset                             ,1880000000.0,52890.8
532,CE_F29 ,1, Efficient electrical equipment     ,-430000000.0,8353.89
533,CE_F29 ,2, Waste heat recovery                ,-420000000.0,33415.57
534,CE_F29 ,3, Automation system                  ,-410000000.0,16707.79
535,CE_F29 ,4, Efficient grinding system          ,-360000000.0,20884.73
536,CE_F29 ,5, Optimising auxiliary power         ,-340000000.0,4176.95
537,CE_F29 ,6, Increasing slag to 70% in PSC      ,-300000000.0,20884.73
538,CE_F29 ,7, Enhancement in Kiln                ,-280000000.0,12530.84
539,CE_F29 ,8, Heat rate reduction in CPP         ,-260000000.0,8353.89
540,CE_F29 ,9, Improving burnability of material  ,-130000000.0,29238.63
541,CE_F29 ,10, Burner retrofit                    ,-120000000.0,4176.95
542,CE_F29 ,11, High efficiency clinker coolers    ,-100000000.0,12530.84
543,CE_F29 ,12, Substitute OPC with LC3 cement     ,-80000000.0,16707.79
544,CE_F29 ,13, Increasing fly ash to 35% in PPC   ,-70000000.0,41769.47
545,CE_F29 ,14, Renewable energy use in electricity,180000000.0,33415.57
546,CE_F29 ,15, Increasing TSR to 30% in kiln fuel ,420000000.0,75185.04
547,CE_F29 ,16, CCS                                ,900000000.0,250616.8
548,CE_F29 ,17, Decreasing clinker to 85% in OPC   ,1200000000.0,20884.73
549,CE_F29 ,18, CCU                                ,1860000000.0,250616.8
550,CE_F29 ,19, Offset                             ,1880000000.0,50123.36
551,CE_F30 ,1, Efficient electrical equipment     ,-430000000.0,15297.21
552,CE_F30 ,2, Waste heat recovery                ,-420000000.0,61188.84
553,CE_F30 ,3, Automation system                  ,-410000000.0,30594.42
554,CE_F30 ,4, Efficient grinding system          ,-360000000.0,38243.03
555,CE_F30 ,5, Optimising auxiliary power         ,-340000000.0,7648.61
556,CE_F30 ,6, Increasing slag to 70% in PSC      ,-300000000.0,38243.03
557,CE_F30 ,7, Enhancement in Kiln                ,-280000000.0,22945.82
558,CE_F30 ,8, Heat rate reduction in CPP         ,-260000000.0,15297.21
559,CE_F30 ,9, Improving burnability of material  ,-130000000.0,53540.24
560,CE_F30 ,10, Burner retrofit                    ,-120000000.0,7648.61
561,CE_F30 ,11, High efficiency clinker coolers    ,-100000000.0,22945.82
562,CE_F30 ,12, Substitute OPC with LC3 cement     ,-80000000.0,30594.42
563,CE_F30 ,13, Increasing fly ash to 35% in PPC   ,-70000000.0,76486.05
564,CE_F30 ,14, Renewable energy use in electricity,180000000.0,61188.84
565,CE_F30 ,15, Increasing TSR to 30% in kiln fuel ,420000000.0,137674.9
566,CE_F30 ,16, CCS                                ,900000000.0,458916.32
567,CE_F30 ,17, Decreasing clinker to 85% in OPC   ,1200000000.0,38243.03
568,CE_F30 ,18, CCU                                ,1860000000.0,458916.32
569,CE_F30 ,19, Offset                             ,1880000000.0,91783.26
570,CE_F31 ,1, Efficient electrical equipment     ,-430000000.0,51692.43
571,CE_F31 ,2, Waste heat recovery                ,-420000000.0,206769.73
572,CE_F31 ,3, Automation system                  ,-410000000.0,103384.87
573,CE_F31 ,4, Efficient grinding system          ,-360000000.0,129231.08
574,CE_F31 ,5, Optimising auxiliary power         ,-340000000.0,25846.22
575,CE_F31 ,6, Increasing slag to 70% in PSC      ,-300000000.0,129231.08
576,CE_F31 ,7, Enhancement in Kiln                ,-280000000.0,77538.65
577,CE_F31 ,8, Heat rate reduction in CPP         ,-260000000.0,51692.43
578,CE_F31 ,9, Improving burnability of material  ,-130000000.0,180923.52
579,CE_F31 ,10, Burner retrofit                    ,-120000000.0,25846.22
580,CE_F31 ,11, High efficiency clinker coolers    ,-100000000.0,77538.65
581,CE_F31 ,12, Substitute OPC with LC3 cement     ,-80000000.0,103384.87
582,CE_F31 ,13, Increasing fly ash to 35% in PPC   ,-70000000.0,258462.17
583,CE_F31 ,14, Renewable energy use in electricity,180000000.0,206769.73
584,CE_F31 ,15, Increasing TSR to 30% in kiln fuel ,420000000.0,465231.9
585,CE_F31 ,16, CCS                                ,900000000.0,1550773.0
586,CE_F31 ,17, Decreasing clinker to 85% in OPC   ,1200000000.0,129231.08
587,CE_F31 ,18, CCU                                ,1860000000.0,1550773.0
588,CE_F31 ,19, Offset                             ,1880000000.0,310154.6
589,CE_F32 ,1, Efficient electrical equipment     ,-430000000.0,28377.79
590,CE_F32 ,2, Waste heat recovery                ,-420000000.0,113511.17
591,CE_F32 ,3, Automation system                  ,-410000000.0,56755.58
592,CE_F32 ,4, Efficient grinding system          ,-360000000.0,70944.48
593,CE_F32 ,5, Optimising auxiliary power         ,-340000000.0,14188.9
594,CE_F32 ,6, Increasing slag to 70% in PSC      ,-300000000.0,70944.48
595,CE_F32 ,7, Enhancement in Kiln                ,-280000000.0,42566.69
596,CE_F32 ,8, Heat rate reduction in CPP         ,-260000000.0,28377.79
597,CE_F32 ,9, Improving burnability of material  ,-130000000.0,99322.27
598,CE_F32 ,10, Burner retrofit                    ,-120000000.0,14188.9
599,CE_F32 ,11, High efficiency clinker coolers    ,-100000000.0,42566.69
600,CE_F32 ,12, Substitute OPC with LC3 cement     ,-80000000.0,56755.58
601,CE_F32 ,13, Increasing fly ash to 35% in PPC   ,-70000000.0,141888.96
602,CE_F32 ,14, Renewable energy use in electricity,180000000.0,113511.17
603,CE_F32 ,15, Increasing TSR to 30% in kiln fuel ,420000000.0,255400.13
604,CE_F32 ,16, CCS                                ,900000000.0,851333.77
605,CE_F32 ,17, Decreasing clinker to 85% in OPC   ,1200000000.0,70944.48
606,CE_F32 ,18, CCU                                ,1860000000.0,851333.77
607,CE_F32 ,19, Offset                             ,1880000000.0,170266.75
608,CE_F33 ,1, Efficient electrical equipment     ,-430000000.0,7731.61
609,CE_F33 ,2, Waste heat recovery                ,-420000000.0,30926.43
610,CE_F33 ,3, Automation system                  ,-410000000.0,15463.22
611,CE_F33 ,4, Efficient grinding system          ,-360000000.0,19329.02
612,CE_F33 ,5, Optimising auxiliary power         ,-340000000.0,3865.8
613,CE_F33 ,6, Increasing slag to 70% in PSC      ,-300000000.0,19329.02
614,CE_F33 ,7, Enhancement in Kiln                ,-280000000.0,11597.41
615,CE_F33 ,8, Heat rate reduction in CPP         ,-260000000.0,7731.61
616,CE_F33 ,9, Improving burnability of material  ,-130000000.0,27060.63
617,CE_F33 ,10, Burner retrofit                    ,-120000000.0,3865.8
618,CE_F33 ,11, High efficiency clinker coolers    ,-100000000.0,11597.41
619,CE_F33 ,12, Substitute OPC with LC3 cement     ,-80000000.0,15463.22
620,CE_F33 ,13, Increasing fly ash to 35% in PPC   ,-70000000.0,38658.04
621,CE_F33 ,14, Renewable energy use in electricity,180000000.0,30926.43
622,CE_F33 ,15, Increasing TSR to 30% in kiln fuel ,420000000.0,69584.47
623,CE_F33 ,16, CCS                                ,900000000.0,231948.25
624,CE_F33 ,17, Decreasing clinker to 85% in OPC   ,1200000000.0,19329.02
625,CE_F33 ,18, CCU                                ,1860000000.0,231948.25
626,CE_F33 ,19, Offset                             ,1880000000.0,46389.65
627,CE_F34 ,1, Efficient electrical equipment     ,-430000000.0,23100.09
628,CE_F34 ,2, Waste heat recovery                ,-420000000.0,92400.38
629,CE_F34 ,3, Automation system                  ,-410000000.0,46200.19
630,CE_F34 ,4, Efficient grinding system          ,-360000000.0,57750.24
631,CE_F34 ,5, Optimising auxiliary power         ,-340000000.0,11550.05
632,CE_F34 ,6, Increasing slag to 70% in PSC      ,-300000000.0,57750.24
633,CE_F34 ,7, Enhancement in Kiln                ,-280000000.0,34650.14
634,CE_F34 ,8, Heat rate reduction in CPP         ,-260000000.0,23100.09
635,CE_F34 ,9, Improving burnability of material  ,-130000000.0,80850.33
636,CE_F34 ,10, Burner retrofit                    ,-120000000.0,11550.05
637,CE_F34 ,11, High efficiency clinker coolers    ,-100000000.0,34650.14
638,CE_F34 ,12, Substitute OPC with LC3 cement     ,-80000000.0,46200.19
639,CE_F34 ,13, Increasing fly ash to 35% in PPC   ,-70000000.0,115500.47
640,CE_F34 ,14, Renewable energy use in electricity,180000000.0,92400.38
641,CE_F34 ,15, Increasing TSR to 30% in kiln fuel ,420000000.0,207900.85
642,CE_F34 ,16, CCS                                ,900000000.0,693002.85
643,CE_F34 ,17, Decreasing clinker to 85% in OPC   ,1200000000.0,57750.24
644,CE_F34 ,18, CCU                                ,1860000000.0,693002.85
645,CE_F34 ,19, Offset                             ,1880000000.0,138600.57
646,CE_F35 ,1, Efficient electrical equipment     ,-430000000.0,18463.83
647,CE_F35 ,2, Waste heat recovery                ,-420000000.0,73855.34
648,CE_F35 ,3, Automation system                  ,-410000000.0,36927.67
649,CE_F35 ,4, Efficient grinding system          ,-360000000.0,46159.58
650,CE_F35 ,5, Optimising auxiliary power         ,-340000000.0,9231.92
651,CE_F35 ,6, Increasing slag to 70% in PSC      ,-300000000.0,46159.58
652,CE_F35 ,7, Enhancement in Kiln                ,-280000000.0,27695.75
653,CE_F35 ,8, Heat rate reduction in CPP         ,-260000000.0,18463.83
654,CE_F35 ,9, Improving burnability of material  ,-130000000.0,64623.42
655,CE_F35 ,10, Burner retrofit                    ,-120000000.0,9231.92
656,CE_F35 ,11, High efficiency clinker coolers    ,-100000000.0,27695.75
657,CE_F35 ,12, Substitute OPC with LC3 cement     ,-80000000.0,36927.67
658,CE_F35 ,13, Increasing fly ash to 35% in PPC   ,-70000000.0,92319.17
659,CE_F35 ,14, Renewable energy use in electricity,180000000.0,73855.34
660,CE_F35 ,15, Increasing TSR to 30% in kiln fuel ,420000000.0,166174.5
661,CE_F35 ,16, CCS                                ,900000000.0,553915.01
662,CE_F35 ,17, Decreasing clinker to 85% in OPC   ,1200000000.0,46159.58
663,CE_F35 ,18, CCU                                ,1860000000.0,553915.01
664,CE_F35 ,19, Offset                             ,1880000000.0,110783.0
665,CE_F36 ,1, Efficient electrical equipment     ,-430000000.0,36398.8
666,CE_F36 ,2, Waste heat recovery                ,-420000000.0,145595.18
667,CE_F36 ,3, Automation system                  ,-410000000.0,72797.59
668,CE_F36 ,4, Efficient grinding system          ,-360000000.0,90996.99
669,CE_F36 ,5, Optimising auxiliary power         ,-340000000.0,18199.4
670,CE_F36 ,6, Increasing slag to 70% in PSC      ,-300000000.0,90996.99
671,CE_F36 ,7, Enhancement in Kiln                ,-280000000.0,54598.19
672,CE_F36 ,8, Heat rate reduction in CPP         ,-260000000.0,36398.8
673,CE_F36 ,9, Improving burnability of material  ,-130000000.0,127395.78
674,CE_F36 ,10, Burner retrofit                    ,-120000000.0,18199.4
675,CE_F36 ,11, High efficiency clinker coolers    ,-100000000.0,54598.19
676,CE_F36 ,12, Substitute OPC with LC3 cement     ,-80000000.0,72797.59
677,CE_F36 ,13, Increasing fly ash to 35% in PPC   ,-70000000.0,181993.98
678,CE_F36 ,14, Renewable energy use in electricity,180000000.0,145595.18
679,CE_F36 ,15, Increasing TSR to 30% in kiln fuel ,420000000.0,327589.16
680,CE_F36 ,16, CCS                                ,900000000.0,1091963.86
681,CE_F36 ,17, Decreasing clinker to 85% in OPC   ,1200000000.0,90996.99
682,CE_F36 ,18, CCU                                ,1860000000.0,1091963.86
683,CE_F36 ,19, Offset                             ,1880000000.0,218392.77
684,CE_F37 ,1, Efficient electrical equipment     ,-430000000.0,16995.1
685,CE_F37 ,2, Waste heat recovery                ,-420000000.0,67980.42
686,CE_F37 ,3, Automation system                  ,-410000000.0,33990.21
687,CE_F37 ,4, Efficient grinding system          ,-360000000.0,42487.76
688,CE_F37 ,5, Optimising auxiliary power         ,-340000000.0,8497.55
689,CE_F37 ,6, Increasing slag to 70% in PSC      ,-300000000.0,42487.76
690,CE_F37 ,7, Enhancement in Kiln                ,-280000000.0,25492.66
691,CE_F37 ,8, Heat rate reduction in CPP         ,-260000000.0,16995.1
692,CE_F37 ,9, Improving burnability of material  ,-130000000.0,59482.86
693,CE_F37 ,10, Burner retrofit                    ,-120000000.0,8497.55
694,CE_F37 ,11, High efficiency clinker coolers    ,-100000000.0,25492.66
695,CE_F37 ,12, Substitute OPC with LC3 cement     ,-80000000.0,33990.21
696,CE_F37 ,13, Increasing fly ash to 35% in PPC   ,-70000000.0,84975.52
697,CE_F37 ,14, Renewable energy use in electricity,180000000.0,67980.42
698,CE_F37 ,15, Increasing TSR to 30% in kiln fuel ,420000000.0,152955.93
699,CE_F37 ,16, CCS                                ,900000000.0,509853.12
700,CE_F37 ,17, Decreasing clinker to 85% in OPC   ,1200000000.0,42487.76
701,CE_F37 ,18, CCU                                ,1860000000.0,509853.12
702,CE_F37 ,19, Offset                             ,1880000000.0,101970.62
703,CE_F38 ,1, Efficient electrical equipment     ,-430000000.0,27351.09
704,CE_F38 ,2, Waste heat recovery                ,-420000000.0,109404.34
705,CE_F38 ,3, Automation system                  ,-410000000.0,54702.17
706,CE_F38 ,4, Efficient grinding system          ,-360000000.0,68377.72
707,CE_F38 ,5, Optimising auxiliary power         ,-340000000.0,13675.54
708,CE_F38 ,6, Increasing slag to 70% in PSC      ,-300000000.0,68377.72
709,CE_F38 ,7, Enhancement in Kiln                ,-280000000.0,41026.63
710,CE_F38 ,8, Heat rate reduction in CPP         ,-260000000.0,27351.09
711,CE_F38 ,9, Improving burnability of material  ,-130000000.0,95728.8
712,CE_F38 ,10, Burner retrofit                    ,-120000000.0,13675.54
713,CE_F38 ,11, High efficiency clinker coolers    ,-100000000.0,41026.63
714,CE_F38 ,12, Substitute OPC with LC3 cement     ,-80000000.0,54702.17
715,CE_F38 ,13, Increasing fly ash to 35% in PPC   ,-70000000.0,136755.43
716,CE_F38 ,14, Renewable energy use in electricity,180000000.0,109404.34
717,CE_F38 ,15, Increasing TSR to 30% in kiln fuel ,420000000.0,246159.77
718,CE_F38 ,16, CCS                                ,900000000.0,820532.58
719,CE_F38 ,17, Decreasing clinker to 85% in OPC   ,1200000000.0,68377.72
720,CE_F38 ,18, CCU                                ,1860000000.0,820532.58
721,CE_F38 ,19, Offset                             ,1880000000.0,164106.52
722,CE_F39 ,1, Efficient electrical equipment     ,-430000000.0,45138.36
723,CE_F39 ,2, Waste heat recovery                ,-420000000.0,180553.45
724,CE_F39 ,3, Automation system                  ,-410000000.0,90276.72
725,CE_F39 ,4, Efficient grinding system          ,-360000000.0,112845.91
726,CE_F39 ,5, Optimising auxiliary power         ,-340000000.0,22569.18
727,CE_F39 ,6, Increasing slag to 70% in PSC      ,-300000000.0,112845.91
728,CE_F39 ,7, Enhancement in Kiln                ,-280000000.0,67707.54
729,CE_F39 ,8, Heat rate reduction in CPP         ,-260000000.0,45138.36
730,CE_F39 ,9, Improving burnability of material  ,-130000000.0,157984.27
731,CE_F39 ,10, Burner retrofit                    ,-120000000.0,22569.18
732,CE_F39 ,11, High efficiency clinker coolers    ,-100000000.0,67707.54
733,CE_F39 ,12, Substitute OPC with LC3 cement     ,-80000000.0,90276.72
734,CE_F39 ,13, Increasing fly ash to 35% in PPC   ,-70000000.0,225691.81
735,CE_F39 ,14, Renewable energy use in electricity,180000000.0,180553.45
736,CE_F39 ,15, Increasing TSR to 30% in kiln fuel ,420000000.0,406245.26
737,CE_F39 ,16, CCS                                ,900000000.0,1354150.86
738,CE_F39 ,17, Decreasing clinker to 85% in OPC   ,1200000000.0,112845.91
739,CE_F39 ,18, CCU                                ,1860000000.0,1354150.86
740,CE_F39 ,19, Offset                             ,1880000000.0,270830.17
741,CE_F40 ,1, Efficient electrical equipment     ,-430000000.0,63677.77
742,CE_F40 ,2, Waste heat recovery                ,-420000000.0,254711.1
743,CE_F40 ,3, Automation system                  ,-410000000.0,127355.55
744,CE_F40 ,4, Efficient grinding system          ,-360000000.0,159194.44
745,CE_F40 ,5, Optimising auxiliary power         ,-340000000.0,31838.89
746,CE_F40 ,6, Increasing slag to 70% in PSC      ,-300000000.0,159194.44
747,CE_F40 ,7, Enhancement in Kiln                ,-280000000.0,95516.66
748,CE_F40 ,8, Heat rate reduction in CPP         ,-260000000.0,63677.77
749,CE_F40 ,9, Improving burnability of material  ,-130000000.0,222872.21
750,CE_F40 ,10, Burner retrofit                    ,-120000000.0,31838.89
751,CE_F40 ,11, High efficiency clinker coolers    ,-100000000.0,95516.66
752,CE_F40 ,12, Substitute OPC with LC3 cement     ,-80000000.0,127355.55
753,CE_F40 ,13, Increasing fly ash to 35% in PPC   ,-70000000.0,318388.87
754,CE_F40 ,14, Renewable energy use in electricity,180000000.0,254711.1
755,CE_F40 ,15, Increasing TSR to 30% in kiln fuel ,420000000.0,573099.97
756,CE_F40 ,16, CCS                                ,900000000.0,1910333.23
757,CE_F40 ,17, Decreasing clinker to 85% in OPC   ,1200000000.0,159194.44
758,CE_F40 ,18, CCU                                ,1860000000.0,1910333.23
759,CE_F40 ,19, Offset                             ,1880000000.0,382066.65
760,CE_F41 ,1, Efficient electrical equipment     ,-430000000.0,12491.37
761,CE_F41 ,2, Waste heat recovery                ,-420000000.0,49965.48
762,CE_F41 ,3, Automation system                  ,-410000000.0,24982.74
763,CE_F41 ,4, Efficient grinding system          ,-360000000.0,31228.43
764,CE_F41 ,5, Optimising auxiliary power         ,-340000000.0,6245.69
765,CE_F41 ,6, Increasing slag to 70% in PSC      ,-300000000.0,31228.43
766,CE_F41 ,7, Enhancement in Kiln                ,-280000000.0,18737.06
767,CE_F41 ,8, Heat rate reduction in CPP         ,-260000000.0,12491.37
768,CE_F41 ,9, Improving burnability of material  ,-130000000.0,43719.8
769,CE_F41 ,10, Burner retrofit                    ,-120000000.0,6245.69
770,CE_F41 ,11, High efficiency clinker coolers    ,-100000000.0,18737.06
771,CE_F41 ,12, Substitute OPC with LC3 cement     ,-80000000.0,24982.74
772,CE_F41 ,13, Increasing fly ash to 35% in PPC   ,-70000000.0,62456.85
773,CE_F41 ,14, Renewable energy use in electricity,180000000.0,49965.48
774,CE_F41 ,15, Increasing TSR to 30% in kiln fuel ,420000000.0,112422.34
775,CE_F41 ,16, CCS                                ,900000000.0,374741.13
776,CE_F41 ,17, Decreasing clinker to 85% in OPC   ,1200000000.0,31228.43
777,CE_F41 ,18, CCU                                ,1860000000.0,374741.13
778,CE_F41 ,19, Offset                             ,1880000000.0,74948.23
779,CE_F42 ,1, Efficient electrical equipment     ,-430000000.0,29323.58
780,CE_F42 ,2, Waste heat recovery                ,-420000000.0,117294.31
781,CE_F42 ,3, Automation system                  ,-410000000.0,58647.16
782,CE_F42 ,4, Efficient grinding system          ,-360000000.0,73308.95
783,CE_F42 ,5, Optimising auxiliary power         ,-340000000.0,14661.79
784,CE_F42 ,6, Increasing slag to 70% in PSC      ,-300000000.0,73308.95
785,CE_F42 ,7, Enhancement in Kiln                ,-280000000.0,43985.37
786,CE_F42 ,8, Heat rate reduction in CPP         ,-260000000.0,29323.58
787,CE_F42 ,9, Improving burnability of material  ,-130000000.0,102632.53
788,CE_F42 ,10, Burner retrofit                    ,-120000000.0,14661.79
789,CE_F42 ,11, High efficiency clinker coolers    ,-100000000.0,43985.37
790,CE_F42 ,12, Substitute OPC with LC3 cement     ,-80000000.0,58647.16
791,CE_F42 ,13, Increasing fly ash to 35% in PPC   ,-70000000.0,146617.89
792,CE_F42 ,14, Renewable energy use in electricity,180000000.0,117294.31
793,CE_F42 ,15, Increasing TSR to 30% in kiln fuel ,420000000.0,263912.21
794,CE_F42 ,16, CCS                                ,900000000.0,879707.36
795,CE_F42 ,17, Decreasing clinker to 85% in OPC   ,1200000000.0,73308.95
796,CE_F42 ,18, CCU                                ,1860000000.0,879707.36
797,CE_F42 ,19, Offset                             ,1880000000.0,175941.47
798,CE_F43 ,1, Efficient electrical equipment     ,-430000000.0,27747.16
799,CE_F43 ,2, Waste heat recovery                ,-420000000.0,110988.65
800,CE_F43 ,3, Automation system                  ,-410000000.0,55494.33
801,CE_F43 ,4, Efficient grinding system          ,-360000000.0,69367.91
802,CE_F43 ,5, Optimising auxiliary power         ,-340000000.0,13873.58
803,CE_F43 ,6, Increasing slag to 70% in PSC      ,-300000000.0,69367.91
804,CE_F43 ,7, Enhancement in Kiln                ,-280000000.0,41620.74
805,CE_F43 ,8, Heat rate reduction in CPP         ,-260000000.0,27747.16
806,CE_F43 ,9, Improving burnability of material  ,-130000000.0,97115.07
807,CE_F43 ,10, Burner retrofit                    ,-120000000.0,13873.58
808,CE_F43 ,11, High efficiency clinker coolers    ,-100000000.0,41620.74
809,CE_F43 ,12, Substitute OPC with LC3 cement     ,-80000000.0,55494.33
810,CE_F43 ,13, Increasing fly ash to 35% in PPC   ,-70000000.0,138735.82
811,CE_F43 ,14, Renewable energy use in electricity,180000000.0,110988.65
812,CE_F43 ,15, Increasing TSR to 30% in kiln fuel ,420000000.0,249724.47
813,CE_F43 ,16, CCS                                ,900000000.0,832414.9
814,CE_F43 ,17, Decreasing clinker to 85% in OPC   ,1200000000.0,69367.91
815,CE_F43 ,18, CCU                                ,1860000000.0,832414.9
816,CE_F43 ,19, Offset                             ,1880000000.0,166482.98
817,CE_F44 ,1, Efficient electrical equipment     ,-430000000.0,20073.59
818,CE_F44 ,2, Waste heat recovery                ,-420000000.0,80294.36
819,CE_F44 ,3, Automation system                  ,-410000000.0,40147.18
820,CE_F44 ,4, Efficient grinding system          ,-360000000.0,50183.98
821,CE_F44 ,5, Optimising auxiliary power         ,-340000000.0,10036.8
822,CE_F44 ,6, Increasing slag to 70% in PSC      ,-300000000.0,50183.98
823,CE_F44 ,7, Enhancement in Kiln                ,-280000000.0,30110.39
824,CE_F44 ,8, Heat rate reduction in CPP         ,-260000000.0,20073.59
825,CE_F44 ,9, Improving burnability of material  ,-130000000.0,70257.57
826,CE_F44 ,10, Burner retrofit                    ,-120000000.0,10036.8
827,CE_F44 ,11, High efficiency clinker coolers    ,-100000000.0,30110.39
828,CE_F44 ,12, Substitute OPC with LC3 cement     ,-80000000.0,40147.18
829,CE_F44 ,13, Increasing fly ash to 35% in PPC   ,-70000000.0,100367.95
830,CE_F44 ,14, Renewable energy use in electricity,180000000.0,80294.36
831,CE_F44 ,15, Increasing TSR to 30% in kiln fuel ,420000000.0,180662.31
832,CE_F44 ,16, CCS                                ,900000000.0,602207.72
833,CE_F44 ,17, Decreasing clinker to 85% in OPC   ,1200000000.0,50183.98
834,CE_F44 ,18, CCU                                ,1860000000.0,602207.72
835,CE_F44 ,19, Offset                             ,1880000000.0,120441.54
836,CE_F45 ,1, Efficient electrical equipment     ,-430000000.0,7517.2
837,CE_F45 ,2, Waste heat recovery                ,-420000000.0,30068.82
838,CE_F45 ,3, Automation system                  ,-410000000.0,15034.41
839,CE_F45 ,4, Efficient grinding system          ,-360000000.0,18793.01
840,CE_F45 ,5, Optimising auxiliary power         ,-340000000.0,3758.6
841,CE_F45 ,6, Increasing slag to 70% in PSC      ,-300000000.0,18793.01
842,CE_F45 ,7, Enhancement in Kiln                ,-280000000.0,11275.81
843,CE_F45 ,8, Heat rate reduction in CPP         ,-260000000.0,7517.2
844,CE_F45 ,9, Improving burnability of material  ,-130000000.0,26310.22
845,CE_F45 ,10, Burner retrofit                    ,-120000000.0,3758.6
846,CE_F45 ,11, High efficiency clinker coolers    ,-100000000.0,11275.81
847,CE_F45 ,12, Substitute OPC with LC3 cement     ,-80000000.0,15034.41
848,CE_F45 ,13, Increasing fly ash to 35% in PPC   ,-70000000.0,37586.02
849,CE_F45 ,14, Renewable energy use in electricity,180000000.0,30068.82
850,CE_F45 ,15, Increasing TSR to 30% in kiln fuel ,420000000.0,67654.84
851,CE_F45 ,16, CCS                                ,900000000.0,225516.14
852,CE_F45 ,17, Decreasing clinker to 85% in OPC   ,1200000000.0,18793.01
853,CE_F45 ,18, CCU                                ,1860000000.0,225516.14
854,CE_F45 ,19, Offset                             ,1880000000.0,45103.23
855,CE_F46 ,1, Efficient electrical equipment     ,-430000000.0,23831.46
856,CE_F46 ,2, Waste heat recovery                ,-420000000.0,95325.84
857,CE_F46 ,3, Automation system                  ,-410000000.0,47662.92
858,CE_F46 ,4, Efficient grinding system          ,-360000000.0,59578.65
859,CE_F46 ,5, Optimising auxiliary power         ,-340000000.0,11915.73
860,CE_F46 ,6, Increasing slag to 70% in PSC      ,-300000000.0,59578.65
861,CE_F46 ,7, Enhancement in Kiln                ,-280000000.0,35747.19
862,CE_F46 ,8, Heat rate reduction in CPP         ,-260000000.0,23831.46
863,CE_F46 ,9, Improving burnability of material  ,-130000000.0,83410.11
864,CE_F46 ,10, Burner retrofit                    ,-120000000.0,11915.73
865,CE_F46 ,11, High efficiency clinker coolers    ,-100000000.0,35747.19
866,CE_F46 ,12, Substitute OPC with LC3 cement     ,-80000000.0,47662.92
867,CE_F46 ,13, Increasing fly ash to 35% in PPC   ,-70000000.0,119157.3
868,CE_F46 ,14, Renewable energy use in electricity,180000000.0,95325.84
869,CE_F46 ,15, Increasing TSR to 30% in kiln fuel ,420000000.0,214483.14
870,CE_F46 ,16, CCS                                ,900000000.0,714943.8
871,CE_F46 ,17, Decreasing clinker to 85% in OPC   ,1200000000.0,59578.65
872,CE_F46 ,18, CCU                                ,1860000000.0,714943.8
873,CE_F46 ,19, Offset                             ,1880000000.0,142988.76
874,CE_F47 ,1, Efficient electrical equipment     ,-430000000.0,4464.62
875,CE_F47 ,2, Waste heat recovery                ,-420000000.0,17858.49
876,CE_F47 ,3, Automation system                  ,-410000000.0,8929.25
877,CE_F47 ,4, Efficient grinding system          ,-360000000.0,11161.56
878,CE_F47 ,5, Optimising auxiliary power         ,-340000000.0,2232.31
879,CE_F47 ,6, Increasing slag to 70% in PSC      ,-300000000.0,11161.56
880,CE_F47 ,7, Enhancement in Kiln                ,-280000000.0,6696.93
881,CE_F47 ,8, Heat rate reduction in CPP         ,-260000000.0,4464.62
882,CE_F47 ,9, Improving burnability of material  ,-130000000.0,15626.18
883,CE_F47 ,10, Burner retrofit                    ,-120000000.0,2232.31
884,CE_F47 ,11, High efficiency clinker coolers    ,-100000000.0,6696.93
885,CE_F47 ,12, Substitute OPC with LC3 cement     ,-80000000.0,8929.25
886,CE_F47 ,13, Increasing fly ash to 35% in PPC   ,-70000000.0,22323.12
887,CE_F47 ,14, Renewable energy use in electricity,180000000.0,17858.49
888,CE_F47 ,15, Increasing TSR to 30% in kiln fuel ,420000000.0,40181.61
889,CE_F47 ,16, CCS                                ,900000000.0,133938.69
890,CE_F47 ,17, Decreasing clinker to 85% in OPC   ,1200000000.0,11161.56
891,CE_F47 ,18, CCU                                ,1860000000.0,133938.69
892,CE_F47 ,19, Offset                             ,1880000000.0,26787.74
893,CE_F48 ,1, Efficient electrical equipment     ,-430000000.0,28314.4
894,CE_F48 ,2, Waste heat recovery                ,-420000000.0,113257.61
895,CE_F48 ,3, Automation system                  ,-410000000.0,56628.81
896,CE_F48 ,4, Efficient grinding system          ,-360000000.0,70786.01
897,CE_F48 ,5, Optimising auxiliary power         ,-340000000.0,14157.2
898,CE_F48 ,6, Increasing slag to 70% in PSC      ,-300000000.0,70786.01
899,CE_F48 ,7, Enhancement in Kiln                ,-280000000.0,42471.61
900,CE_F48 ,8, Heat rate reduction in CPP         ,-260000000.0,28314.4
901,CE_F48 ,9, Improving burnability of material  ,-130000000.0,99100.41
902,CE_F48 ,10, Burner retrofit                    ,-120000000.0,14157.2
903,CE_F48 ,11, High efficiency clinker coolers    ,-100000000.0,42471.61
904,CE_F48 ,12, Substitute OPC with LC3 cement     ,-80000000.0,56628.81
905,CE_F48 ,13, Increasing fly ash to 35% in PPC   ,-70000000.0,141572.02
906,CE_F48 ,14, Renewable energy use in electricity,180000000.0,113257.61
907,CE_F48 ,15, Increasing TSR to 30% in kiln fuel ,420000000.0,254829.63
908,CE_F48 ,16, CCS                                ,900000000.0,849432.11
909,CE_F48 ,17, Decreasing clinker to 85% in OPC   ,1200000000.0,70786.01
910,CE_F48 ,18, CCU                                ,1860000000.0,849432.11
911,CE_F48 ,19, Offset                             ,1880000000.0,169886.42
912,CE_F49 ,1, Efficient electrical equipment     ,-430000000.0,7948.09
913,CE_F49 ,2, Waste heat recovery                ,-420000000.0,31792.38
914,CE_F49 ,3, Automation system                  ,-410000000.0,15896.19
915,CE_F49 ,4, Efficient grinding system          ,-360000000.0,19870.24
916,CE_F49 ,5, Optimising auxiliary power         ,-340000000.0,3974.05
917,CE_F49 ,6, Increasing slag to 70% in PSC      ,-300000000.0,19870.24
918,CE_F49 ,7, Enhancement in Kiln                ,-280000000.0,11922.14
919,CE_F49 ,8, Heat rate reduction in CPP         ,-260000000.0,7948.09
920,CE_F49 ,9, Improving burnability of material  ,-130000000.0,27818.33
921,CE_F49 ,10, Burner retrofit                    ,-120000000.0,3974.05
922,CE_F49 ,11, High efficiency clinker coolers    ,-100000000.0,11922.14
923,CE_F49 ,12, Substitute OPC with LC3 cement     ,-80000000.0,15896.19
924,CE_F49 ,13, Increasing fly ash to 35% in PPC   ,-70000000.0,39740.47
925,CE_F49 ,14, Renewable energy use in electricity,180000000.0,31792.38
926,CE_F49 ,15, Increasing TSR to 30% in kiln fuel ,420000000.0,71532.85
927,CE_F49 ,16, CCS                                ,900000000.0,238442.85
928,CE_F49 ,17, Decreasing clinker to 85% in OPC   ,1200000000.0,19870.24
929,CE_F49 ,18, CCU                                ,1860000000.0,238442.85
930,CE_F49 ,19, Offset                             ,1880000000.0,47688.57
931,CE_F50 ,1, Efficient electrical equipment     ,-430000000.0,4137.15
932,CE_F50 ,2, Waste heat recovery                ,-420000000.0,16548.61
933,CE_F50 ,3, Automation system                  ,-410000000.0,8274.3
934,CE_F50 ,4, Efficient grinding system          ,-360000000.0,10342.88
935,CE_F50 ,5, Optimising auxiliary power         ,-340000000.0,2068.58
936,CE_F50 ,6, Increasing slag to 70% in PSC      ,-300000000.0,10342.88
937,CE_F50 ,7, Enhancement in Kiln                ,-280000000.0,6205.73
938,CE_F50 ,8, Heat rate reduction in CPP         ,-260000000.0,4137.15
939,CE_F50 ,9, Improving burnability of material  ,-130000000.0,14480.03
940,CE_F50 ,10, Burner retrofit                    ,-120000000.0,2068.58
941,CE_F50 ,11, High efficiency clinker coolers    ,-100000000.0,6205.73
942,CE_F50 ,12, Substitute OPC with LC3 cement     ,-80000000.0,8274.3
943,CE_F50 ,13, Increasing fly ash to 35% in PPC   ,-70000000.0,20685.76
944,CE_F50 ,14, Renewable energy use in electricity,180000000.0,16548.61
945,CE_F50 ,15, Increasing TSR to 30% in kiln fuel ,420000000.0,37234.36
946,CE_F50 ,16, CCS                                ,900000000.0,124114.54
947,CE_F50 ,17, Decreasing clinker to 85% in OPC   ,1200000000.0,10342.88
948,CE_F50 ,18, CCU                                ,1860000000.0,124114.54
949,CE_F50 ,19, Offset                             ,1880000000.0,24822.91
950,CE_F51 ,1, Efficient electrical equipment     ,-430000000.0,4932.9
951,CE_F51 ,2, Waste heat recovery                ,-420000000.0,19731.58
952,CE_F51 ,3, Automation system                  ,-410000000.0,9865.79
953,CE_F51 ,4, Efficient grinding system          ,-360000000.0,12332.24
954,CE_F51 ,5, Optimising auxiliary power         ,-340000000.0,2466.45
955,CE_F51 ,6, Increasing slag to 70% in PSC      ,-300000000.0,12332.24
956,CE_F51 ,7, Enhancement in Kiln                ,-280000000.0,7399.34
957,CE_F51 ,8, Heat rate reduction in CPP         ,-260000000.0,4932.9
958,CE_F51 ,9, Improving burnability of material  ,-130000000.0,17265.14
959,CE_F51 ,10, Burner retrofit                    ,-120000000.0,2466.45
960,CE_F51 ,11, High efficiency clinker coolers    ,-100000000.0,7399.34
961,CE_F51 ,12, Substitute OPC with LC3 cement     ,-80000000.0,9865.79
962,CE_F51 ,13, Increasing fly ash to 35% in PPC   ,-70000000.0,24664.48
963,CE_F51 ,14, Renewable energy use in electricity,180000000.0,19731.58
964,CE_F51 ,15, Increasing TSR to 30% in kiln fuel ,420000000.0,44396.07
965,CE_F51 ,16, CCS                                ,900000000.0,147986.88
966,CE_F51 ,17, Decreasing clinker to 85% in OPC   ,1200000000.0,12332.24
967,CE_F51 ,18, CCU                                ,1860000000.0,147986.88
968,CE_F51 ,19, Offset                             ,1880000000.0,29597.38
969,CE_F52 ,1, Efficient electrical equipment     ,-430000000.0,5505.45
970,CE_F52 ,2, Waste heat recovery                ,-420000000.0,22021.79
971,CE_F52 ,3, Automation system                  ,-410000000.0,11010.9
972,CE_F52 ,4, Efficient grinding system          ,-360000000.0,13763.62
973,CE_F52 ,5, Optimising auxiliary power         ,-340000000.0,2752.72
974,CE_F52 ,6, Increasing slag to 70% in PSC      ,-300000000.0,13763.62
975,CE_F52 ,7, Enhancement in Kiln                ,-280000000.0,8258.17
976,CE_F52 ,8, Heat rate reduction in CPP         ,-260000000.0,5505.45
977,CE_F52 ,9, Improving burnability of material  ,-130000000.0,19269.07
978,CE_F52 ,10, Burner retrofit                    ,-120000000.0,2752.72
979,CE_F52 ,11, High efficiency clinker coolers    ,-100000000.0,8258.17
980,CE_F52 ,12, Substitute OPC with LC3 cement     ,-80000000.0,11010.9
981,CE_F52 ,13, Increasing fly ash to 35% in PPC   ,-70000000.0,27527.24
982,CE_F52 ,14, Renewable energy use in electricity,180000000.0,22021.79
983,CE_F52 ,15, Increasing TSR to 30% in kiln fuel ,420000000.0,49549.03
984,CE_F52 ,16, CCS                                ,900000000.0,165163.44
985,CE_F52 ,17, Decreasing clinker to 85% in OPC   ,1200000000.0,13763.62
986,CE_F52 ,18, CCU                                ,1860000000.0,165163.44
987,CE_F52 ,19, Offset                             ,1880000000.0,33032.69
988,CE_F53 ,1, Efficient electrical equipment     ,-430000000.0,13233.06
989,CE_F53 ,2, Waste heat recovery                ,-420000000.0,52932.25
990,CE_F53 ,3, Automation system                  ,-410000000.0,26466.12
991,CE_F53 ,4, Efficient grinding system          ,-360000000.0,33082.66
992,CE_F53 ,5, Optimising auxiliary power         ,-340000000.0,6616.53
993,CE_F53 ,6, Increasing slag to 70% in PSC      ,-300000000.0,33082.66
994,CE_F53 ,7, Enhancement in Kiln                ,-280000000.0,19849.59
995,CE_F53 ,8, Heat rate reduction in CPP         ,-260000000.0,13233.06
996,CE_F53 ,9, Improving burnability of material  ,-130000000.0,46315.72
997,CE_F53 ,10, Burner retrofit                    ,-120000000.0,6616.53
998,CE_F53 ,11, High efficiency clinker coolers    ,-100000000.0,19849.59
999,CE_F53 ,12, Substitute OPC with LC3 cement     ,-80000000.0,26466.12
1000,CE_F53 ,13, Increasing fly ash to 35% in PPC   ,-70000000.0,66165.31
1001,CE_F53 ,14, Renewable energy use in electricity,180000000.0,52932.25
1002,CE_F53 ,15, Increasing TSR to 30% in kiln fuel ,420000000.0,119097.56
1003,CE_F53 ,16, CCS                                ,900000000.0,396991.87
1004,CE_F53 ,17, Decreasing clinker to 85% in OPC   ,1200000000.0,33082.66
1005,CE_F53 ,18, CCU                                ,1860000000.0,396991.87
1006,CE_F53 ,19, Offset                             ,1880000000.0,79398.37
1007,CE_F54 ,1, Efficient electrical equipment     ,-430000000.0,26546.93
1008,CE_F54 ,2, Waste heat recovery                ,-420000000.0,106187.73
1009,CE_F54 ,3, Automation system                  ,-410000000.0,53093.86
1010,CE_F54 ,4, Efficient grinding system          ,-360000000.0,66367.33
1011,CE_F54 ,5, Optimising auxiliary power         ,-340000000.0,13273.47
1012,CE_F54 ,6, Increasing slag to 70% in PSC      ,-300000000.0,66367.33
1013,CE_F54 ,7, Enhancement in Kiln                ,-280000000.0,39820.4
1014,CE_F54 ,8, Heat rate reduction in CPP         ,-260000000.0,26546.93
1015,CE_F54 ,9, Improving burnability of material  ,-130000000.0,92914.26
1016,CE_F54 ,10, Burner retrofit                    ,-120000000.0,13273.47
1017,CE_F54 ,11, High efficiency clinker coolers    ,-100000000.0,39820.4
1018,CE_F54 ,12, Substitute OPC with LC3 cement     ,-80000000.0,53093.86
1019,CE_F54 ,13, Increasing fly ash to 35% in PPC   ,-70000000.0,132734.66
1020,CE_F54 ,14, Renewable energy use in electricity,180000000.0,106187.73
1021,CE_F54 ,15, Increasing TSR to 30% in kiln fuel ,420000000.0,238922.39
1022,CE_F54 ,16, CCS                                ,900000000.0,796407.95
1023,CE_F54 ,17, Decreasing clinker to 85% in OPC   ,1200000000.0,66367.33
1024,CE_F54 ,18, CCU                                ,1860000000.0,796407.95
1025,CE_F54 ,19, Offset                             ,1880000000.0,159281.59
1026,CE_F55 ,1, Efficient electrical equipment     ,-430000000.0,12563.72
1027,CE_F55 ,2, Waste heat recovery                ,-420000000.0,50254.86
1028,CE_F55 ,3, Automation system                  ,-410000000.0,25127.43
1029,CE_F55 ,4, Efficient grinding system          ,-360000000.0,31409.29
1030,CE_F55 ,5, Optimising auxiliary power         ,-340000000.0,6281.86
1031,CE_F55 ,6, Increasing slag to 70% in PSC      ,-300000000.0,31409.29
1032,CE_F55 ,7, Enhancement in Kiln                ,-280000000.0,18845.57
1033,CE_F55 ,8, Heat rate reduction in CPP         ,-260000000.0,12563.72
1034,CE_F55 ,9, Improving burnability of material  ,-130000000.0,43973.0
1035,CE_F55 ,10, Burner retrofit                    ,-120000000.0,6281.86
1036,CE_F55 ,11, High efficiency clinker coolers    ,-100000000.0,18845.57
1037,CE_F55 ,12, Substitute OPC with LC3 cement     ,-80000000.0,25127.43
1038,CE_F55 ,13, Increasing fly ash to 35% in PPC   ,-70000000.0,62818.58
1039,CE_F55 ,14, Renewable energy use in electricity,180000000.0,50254.86
1040,CE_F55 ,15, Increasing TSR to 30% in kiln fuel ,420000000.0,113073.44
1041,CE_F55 ,16, CCS                                ,900000000.0,376911.45
1042,CE_F55 ,17, Decreasing clinker to 85% in OPC   ,1200000000.0,31409.29
1043,CE_F55 ,18, CCU                                ,1860000000.0,376911.45
1044,CE_F55 ,19, Offset                             ,1880000000.0,75382.29
1045,CE_F56 ,1, Efficient electrical equipment     ,-430000000.0,29051.86
1046,CE_F56 ,2, Waste heat recovery                ,-420000000.0,116207.43
1047,CE_F56 ,3, Automation system                  ,-410000000.0,58103.72
1048,CE_F56 ,4, Efficient grinding system          ,-360000000.0,72629.64
1049,CE_F56 ,5, Optimising auxiliary power         ,-340000000.0,14525.93
1050,CE_F56 ,6, Increasing slag to 70% in PSC      ,-300000000.0,72629.64
1051,CE_F56 ,7, Enhancement in Kiln                ,-280000000.0,43577.79
1052,CE_F56 ,8, Heat rate reduction in CPP         ,-260000000.0,29051.86
1053,CE_F56 ,9, Improving burnability of material  ,-130000000.0,101681.5
1054,CE_F56 ,10, Burner retrofit                    ,-120000000.0,14525.93
1055,CE_F56 ,11, High efficiency clinker coolers    ,-100000000.0,43577.79
1056,CE_F56 ,12, Substitute OPC with LC3 cement     ,-80000000.0,58103.72
1057,CE_F56 ,13, Increasing fly ash to 35% in PPC   ,-70000000.0,145259.29
1058,CE_F56 ,14, Renewable energy use in electricity,180000000.0,116207.43
1059,CE_F56 ,15, Increasing TSR to 30% in kiln fuel ,420000000.0,261466.72
1060,CE_F56 ,16, CCS                                ,900000000.0,871555.73
1061,CE_F56 ,17, Decreasing clinker to 85% in OPC   ,1200000000.0,72629.64
1062,CE_F56 ,18, CCU                                ,1860000000.0,871555.73
1063,CE_F56 ,19, Offset                             ,1880000000.0,174311.15
1064,CE_F57 ,1, Efficient electrical equipment     ,-430000000.0,14395.07
1065,CE_F57 ,2, Waste heat recovery                ,-420000000.0,57580.27
1066,CE_F57 ,3, Automation system                  ,-410000000.0,28790.14
1067,CE_F57 ,4, Efficient grinding system          ,-360000000.0,35987.67
1068,CE_F57 ,5, Optimising auxiliary power         ,-340000000.0,7197.53
1069,CE_F57 ,6, Increasing slag to 70% in PSC      ,-300000000.0,35987.67
1070,CE_F57 ,7, Enhancement in Kiln                ,-280000000.0,21592.6
1071,CE_F57 ,8, Heat rate reduction in CPP         ,-260000000.0,14395.07
1072,CE_F57 ,9, Improving burnability of material  ,-130000000.0,50382.74
1073,CE_F57 ,10, Burner retrofit                    ,-120000000.0,7197.53
1074,CE_F57 ,11, High efficiency clinker coolers    ,-100000000.0,21592.6
1075,CE_F57 ,12, Substitute OPC with LC3 cement     ,-80000000.0,28790.14
1076,CE_F57 ,13, Increasing fly ash to 35% in PPC   ,-70000000.0,71975.34
1077,CE_F57 ,14, Renewable energy use in electricity,180000000.0,57580.27
1078,CE_F57 ,15, Increasing TSR to 30% in kiln fuel ,420000000.0,129555.61
1079,CE_F57 ,16, CCS                                ,900000000.0,431852.05
1080,CE_F57 ,17, Decreasing clinker to 85% in OPC   ,1200000000.0,35987.67
1081,CE_F57 ,18, CCU                                ,1860000000.0,431852.05
1082,CE_F57 ,19, Offset                             ,1880000000.0,86370.41
1083,CE_F58 ,1, Efficient electrical equipment     ,-430000000.0,10021.99
1084,CE_F58 ,2, Waste heat recovery                ,-420000000.0,40087.95
1085,CE_F58 ,3, Automation system                  ,-410000000.0,20043.98
1086,CE_F58 ,4, Efficient grinding system          ,-360000000.0,25054.97
1087,CE_F58 ,5, Optimising auxiliary power         ,-340000000.0,5010.99
1088,CE_F58 ,6, Increasing slag to 70% in PSC      ,-300000000.0,25054.97
1089,CE_F58 ,7, Enhancement in Kiln                ,-280000000.0,15032.98
1090,CE_F58 ,8, Heat rate reduction in CPP         ,-260000000.0,10021.99
1091,CE_F58 ,9, Improving burnability of material  ,-130000000.0,35076.96
1092,CE_F58 ,10, Burner retrofit                    ,-120000000.0,5010.99
1093,CE_F58 ,11, High efficiency clinker coolers    ,-100000000.0,15032.98
1094,CE_F58 ,12, Substitute OPC with LC3 cement     ,-80000000.0,20043.98
1095,CE_F58 ,13, Increasing fly ash to 35% in PPC   ,-70000000.0,50109.94
1096,CE_F58 ,14, Renewable energy use in electricity,180000000.0,40087.95
1097,CE_F58 ,15, Increasing TSR to 30% in kiln fuel ,420000000.0,90197.89
1098,CE_F58 ,16, CCS                                ,900000000.0,300659.64
1099,CE_F58 ,17, Decreasing clinker to 85% in OPC   ,1200000000.0,25054.97
1100,CE_F58 ,18, CCU                                ,1860000000.0,300659.64
1101,CE_F58 ,19, Offset                             ,1880000000.0,60131.93
1102,CE_F59 ,1, Efficient electrical equipment     ,-430000000.0,38147.03
1103,CE_F59 ,2, Waste heat recovery                ,-420000000.0,152588.13
1104,CE_F59 ,3, Automation system                  ,-410000000.0,76294.07
1105,CE_F59 ,4, Efficient grinding system          ,-360000000.0,95367.58
1106,CE_F59 ,5, Optimising auxiliary power         ,-340000000.0,19073.52
1107,CE_F59 ,6, Increasing slag to 70% in PSC      ,-300000000.0,95367.58
1108,CE_F59 ,7, Enhancement in Kiln                ,-280000000.0,57220.55
1109,CE_F59 ,8, Heat rate reduction in CPP         ,-260000000.0,38147.03
1110,CE_F59 ,9, Improving burnability of material  ,-130000000.0,133514.61
1111,CE_F59 ,10, Burner retrofit                    ,-120000000.0,19073.52
1112,CE_F59 ,11, High efficiency clinker coolers    ,-100000000.0,57220.55
1113,CE_F59 ,12, Substitute OPC with LC3 cement     ,-80000000.0,76294.07
1114,CE_F59 ,13, Increasing fly ash to 35% in PPC   ,-70000000.0,190735.16
1115,CE_F59 ,14, Renewable energy use in electricity,180000000.0,152588.13
1116,CE_F59 ,15, Increasing TSR to 30% in kiln fuel ,420000000.0,343323.29
1117,CE_F59 ,16, CCS                                ,900000000.0,1144410.98
1118,CE_F59 ,17, Decreasing clinker to 85% in OPC   ,1200000000.0,95367.58
1119,CE_F59 ,18, CCU                                ,1860000000.0,1144410.98
1120,CE_F59 ,19, Offset                             ,1880000000.0,228882.2
1121,CE_F60 ,1, Efficient electrical equipment     ,-430000000.0,3540.08
1122,CE_F60 ,2, Waste heat recovery                ,-420000000.0,14160.31
1123,CE_F60 ,3, Automation system                  ,-410000000.0,7080.15
1124,CE_F60 ,4, Efficient grinding system          ,-360000000.0,8850.19
1125,CE_F60 ,5, Optimising auxiliary power         ,-340000000.0,1770.04
1126,CE_F60 ,6, Increasing slag to 70% in PSC      ,-300000000.0,8850.19
1127,CE_F60 ,7, Enhancement in Kiln                ,-280000000.0,5310.12
1128,CE_F60 ,8, Heat rate reduction in CPP         ,-260000000.0,3540.08
1129,CE_F60 ,9, Improving burnability of material  ,-130000000.0,12390.27
1130,CE_F60 ,10, Burner retrofit                    ,-120000000.0,1770.04
1131,CE_F60 ,11, High efficiency clinker coolers    ,-100000000.0,5310.12
1132,CE_F60 ,12, Substitute OPC with LC3 cement     ,-80000000.0,7080.15
1133,CE_F60 ,13, Increasing fly ash to 35% in PPC   ,-70000000.0,17700.39
1134,CE_F60 ,14, Renewable energy use in electricity,180000000.0,14160.31
1135,CE_F60 ,15, Increasing TSR to 30% in kiln fuel ,420000000.0,31860.69
1136,CE_F60 ,16, CCS                                ,900000000.0,106202.31
1137,CE_F60 ,17, Decreasing clinker to 85% in OPC   ,1200000000.0,8850.19
1138,CE_F60 ,18, CCU                                ,1860000000.0,106202.31
1139,CE_F60 ,19, Offset                             ,1880000000.0,21240.46
1140,CE_F61 ,1, Efficient electrical equipment     ,-430000000.0,22554.99
1141,CE_F61 ,2, Waste heat recovery                ,-420000000.0,90219.94
1142,CE_F61 ,3, Automation system                  ,-410000000.0,45109.97
1143,CE_F61 ,4, Efficient grinding system          ,-360000000.0,56387.46
1144,CE_F61 ,5, Optimising auxiliary power         ,-340000000.0,11277.49
1145,CE_F61 ,6, Increasing slag to 70% in PSC      ,-300000000.0,56387.46
1146,CE_F61 ,7, Enhancement in Kiln                ,-280000000.0,33832.48
1147,CE_F61 ,8, Heat rate reduction in CPP         ,-260000000.0,22554.99
1148,CE_F61 ,9, Improving burnability of material  ,-130000000.0,78942.45
1149,CE_F61 ,10, Burner retrofit                    ,-120000000.0,11277.49
1150,CE_F61 ,11, High efficiency clinker coolers    ,-100000000.0,33832.48
1151,CE_F61 ,12, Substitute OPC with LC3 cement     ,-80000000.0,45109.97
1152,CE_F61 ,13, Increasing fly ash to 35% in PPC   ,-70000000.0,112774.93
1153,CE_F61 ,14, Renewable energy use in electricity,180000000.0,90219.94
1154,CE_F61 ,15, Increasing TSR to 30% in kiln fuel ,420000000.0,202994.87
1155,CE_F61 ,16, CCS                                ,900000000.0,676649.55
1156,CE_F61 ,17, Decreasing clinker to 85% in OPC   ,1200000000.0,56387.46
1157,CE_F61 ,18, CCU                                ,1860000000.0,676649.55
1158,CE_F61 ,19, Offset                             ,1880000000.0,135329.91
1159,CE_F62 ,1, Efficient electrical equipment     ,-430000000.0,8392.33
1160,CE_F62 ,2, Waste heat recovery                ,-420000000.0,33569.31
1161,CE_F62 ,3, Automation system                  ,-410000000.0,16784.65
1162,CE_F62 ,4, Efficient grinding system          ,-360000000.0,20980.82
1163,CE_F62 ,5, Optimising auxiliary power         ,-340000000.0,4196.16
1164,CE_F62 ,6, Increasing slag to 70% in PSC      ,-300000000.0,20980.82
1165,CE_F62 ,7, Enhancement in Kiln                ,-280000000.0,12588.49
1166,CE_F62 ,8, Heat rate reduction in CPP         ,-260000000.0,8392.33
1167,CE_F62 ,9, Improving burnability of material  ,-130000000.0,29373.14
1168,CE_F62 ,10, Burner retrofit                    ,-120000000.0,4196.16
1169,CE_F62 ,11, High efficiency clinker coolers    ,-100000000.0,12588.49
1170,CE_F62 ,12, Substitute OPC with LC3 cement     ,-80000000.0,16784.65
1171,CE_F62 ,13, Increasing fly ash to 35% in PPC   ,-70000000.0,41961.63
1172,CE_F62 ,14, Renewable energy use in electricity,180000000.0,33569.31
1173,CE_F62 ,15, Increasing TSR to 30% in kiln fuel ,420000000.0,75530.94
1174,CE_F62 ,16, CCS                                ,900000000.0,251769.79
1175,CE_F62 ,17, Decreasing clinker to 85% in OPC   ,1200000000.0,20980.82
1176,CE_F62 ,18, CCU                                ,1860000000.0,251769.79
1177,CE_F62 ,19, Offset                             ,1880000000.0,50353.96
1178,CE_F63 ,1, Efficient electrical equipment     ,-430000000.0,20502.91
1179,CE_F63 ,2, Waste heat recovery                ,-420000000.0,82011.66
1180,CE_F63 ,3, Automation system                  ,-410000000.0,41005.83
1181,CE_F63 ,4, Efficient grinding system          ,-360000000.0,51257.28
1182,CE_F63 ,5, Optimising auxiliary power         ,-340000000.0,10251.46
1183,CE_F63 ,6, Increasing slag to 70% in PSC      ,-300000000.0,51257.28
1184,CE_F63 ,7, Enhancement in Kiln                ,-280000000.0,30754.37
1185,CE_F63 ,8, Heat rate reduction in CPP         ,-260000000.0,20502.91
1186,CE_F63 ,9, Improving burnability of material  ,-130000000.0,71760.2
1187,CE_F63 ,10, Burner retrofit                    ,-120000000.0,10251.46
1188,CE_F63 ,11, High efficiency clinker coolers    ,-100000000.0,30754.37
1189,CE_F63 ,12, Substitute OPC with LC3 cement     ,-80000000.0,41005.83
1190,CE_F63 ,13, Increasing fly ash to 35% in PPC   ,-70000000.0,102514.57
1191,CE_F63 ,14, Renewable energy use in electricity,180000000.0,82011.66
1192,CE_F63 ,15, Increasing TSR to 30% in kiln fuel ,420000000.0,184526.23
1193,CE_F63 ,16, CCS                                ,900000000.0,615087.42
1194,CE_F63 ,17, Decreasing clinker to 85% in OPC   ,1200000000.0,51257.28
1195,CE_F63 ,18, CCU                                ,1860000000.0,615087.42
1196,CE_F63 ,19, Offset                             ,1880000000.0,123017.48
1197,CE_F64 ,1, Efficient electrical equipment     ,-430000000.0,13403.54
1198,CE_F64 ,2, Waste heat recovery                ,-420000000.0,53614.15
1199,CE_F64 ,3, Automation system                  ,-410000000.0,26807.07
1200,CE_F64 ,4, Efficient grinding system          ,-360000000.0,33508.84
1201,CE_F64 ,5, Optimising auxiliary power         ,-340000000.0,6701.77
1202,CE_F64 ,6, Increasing slag to 70% in PSC      ,-300000000.0,33508.84
1203,CE_F64 ,7, Enhancement in Kiln                ,-280000000.0,20105.31
1204,CE_F64 ,8, Heat rate reduction in CPP         ,-260000000.0,13403.54
1205,CE_F64 ,9, Improving burnability of material  ,-130000000.0,46912.38
1206,CE_F64 ,10, Burner retrofit                    ,-120000000.0,6701.77
1207,CE_F64 ,11, High efficiency clinker coolers    ,-100000000.0,20105.31
1208,CE_F64 ,12, Substitute OPC with LC3 cement     ,-80000000.0,26807.07
1209,CE_F64 ,13, Increasing fly ash to 35% in PPC   ,-70000000.0,67017.69
1210,CE_F64 ,14, Renewable energy use in electricity,180000000.0,53614.15
1211,CE_F64 ,15, Increasing TSR to 30% in kiln fuel ,420000000.0,120631.83
1212,CE_F64 ,16, CCS                                ,900000000.0,402106.11
1213,CE_F64 ,17, Decreasing clinker to 85% in OPC   ,1200000000.0,33508.84
1214,CE_F64 ,18, CCU                                ,1860000000.0,402106.11
1215,CE_F64 ,19, Offset                             ,1880000000.0,80421.22
1216,CE_F65 ,1, Efficient electrical equipment     ,-430000000.0,24603.65
1217,CE_F65 ,2, Waste heat recovery                ,-420000000.0,98414.6
1218,CE_F65 ,3, Automation system                  ,-410000000.0,49207.3
1219,CE_F65 ,4, Efficient grinding system          ,-360000000.0,61509.12
1220,CE_F65 ,5, Optimising auxiliary power         ,-340000000.0,12301.82
1221,CE_F65 ,6, Increasing slag to 70% in PSC      ,-300000000.0,61509.12
1222,CE_F65 ,7, Enhancement in Kiln                ,-280000000.0,36905.47
1223,CE_F65 ,8, Heat rate reduction in CPP         ,-260000000.0,24603.65
1224,CE_F65 ,9, Improving burnability of material  ,-130000000.0,86112.77
1225,CE_F65 ,10, Burner retrofit                    ,-120000000.0,12301.82
1226,CE_F65 ,11, High efficiency clinker coolers    ,-100000000.0,36905.47
1227,CE_F65 ,12, Substitute OPC with LC3 cement     ,-80000000.0,49207.3
1228,CE_F65 ,13, Increasing fly ash to 35% in PPC   ,-70000000.0,123018.25
1229,CE_F65 ,14, Renewable energy use in electricity,180000000.0,98414.6
1230,CE_F65 ,15, Increasing TSR to 30% in kiln fuel ,420000000.0,221432.85
1231,CE_F65 ,16, CCS                                ,900000000.0,738109.5
1232,CE_F65 ,17, Decreasing clinker to 85% in OPC   ,1200000000.0,61509.12
1233,CE_F65 ,18, CCU                                ,1860000000.0,738109.5
1234,CE_F65 ,19, Offset                             ,1880000000.0,147621.9
1235,CE_F66 ,1, Efficient electrical equipment     ,-430000000.0,15077.42
1236,CE_F66 ,2, Waste heat recovery                ,-420000000.0,60309.7
1237,CE_F66 ,3, Automation system                  ,-410000000.0,30154.85
1238,CE_F66 ,4, Efficient grinding system          ,-360000000.0,37693.56
1239,CE_F66 ,5, Optimising auxiliary power         ,-340000000.0,7538.71
1240,CE_F66 ,6, Increasing slag to 70% in PSC      ,-300000000.0,37693.56
1241,CE_F66 ,7, Enhancement in Kiln                ,-280000000.0,22616.14
1242,CE_F66 ,8, Heat rate reduction in CPP         ,-260000000.0,15077.42
1243,CE_F66 ,9, Improving burnability of material  ,-130000000.0,52770.99
1244,CE_F66 ,10, Burner retrofit                    ,-120000000.0,7538.71
1245,CE_F66 ,11, High efficiency clinker coolers    ,-100000000.0,22616.14
1246,CE_F66 ,12, Substitute OPC with LC3 cement     ,-80000000.0,30154.85
1247,CE_F66 ,13, Increasing fly ash to 35% in PPC   ,-70000000.0,75387.12
1248,CE_F66 ,14, Renewable energy use in electricity,180000000.0,60309.7
1249,CE_F66 ,15, Increasing TSR to 30% in kiln fuel ,420000000.0,135696.82
1250,CE_F66 ,16, CCS                                ,900000000.0,452322.73
1251,CE_F66 ,17, Decreasing clinker to 85% in OPC   ,1200000000.0,37693.56
1252,CE_F66 ,18, CCU                                ,1860000000.0,452322.73
1253,CE_F66 ,19, Offset                             ,1880000000.0,90464.55
1254,CE_F67 ,1, Efficient electrical equipment     ,-430000000.0,2986.91
1255,CE_F67 ,2, Waste heat recovery                ,-420000000.0,11947.64
1256,CE_F67 ,3, Automation system                  ,-410000000.0,5973.82
1257,CE_F67 ,4, Efficient grinding system          ,-360000000.0,7467.28
1258,CE_F67 ,5, Optimising auxiliary power         ,-340000000.0,1493.46
1259,CE_F67 ,6, Increasing slag to 70% in PSC      ,-300000000.0,7467.28
1260,CE_F67 ,7, Enhancement in Kiln                ,-280000000.0,4480.37
1261,CE_F67 ,8, Heat rate reduction in CPP         ,-260000000.0,2986.91
1262,CE_F67 ,9, Improving burnability of material  ,-130000000.0,10454.19
1263,CE_F67 ,10, Burner retrofit                    ,-120000000.0,1493.46
1264,CE_F67 ,11, High efficiency clinker coolers    ,-100000000.0,4480.37
1265,CE_F67 ,12, Substitute OPC with LC3 cement     ,-80000000.0,5973.82
1266,CE_F67 ,13, Increasing fly ash to 35% in PPC   ,-70000000.0,14934.55
1267,CE_F67 ,14, Renewable energy use in electricity,180000000.0,9956.37
1268,CE_F67 ,15, Increasing TSR to 30% in kiln fuel ,420000000.0,22401.83
1269,CE_F67 ,16, CCS                                ,900000000.0,74672.76
1270,CE_F67 ,17, Decreasing clinker to 85% in OPC   ,1200000000.0,1244.55
1271,CE_F67 ,18, CCU                                ,1860000000.0,14934.55
1272,CE_F67 ,19, Offset                             ,1880000000.0,2986.91
1273,CE_F68 ,1, Efficient electrical equipment     ,-430000000.0,17309.13
1274,CE_F68 ,2, Waste heat recovery                ,-420000000.0,69236.51
1275,CE_F68 ,3, Automation system                  ,-410000000.0,34618.26
1276,CE_F68 ,4, Efficient grinding system          ,-360000000.0,43272.82
1277,CE_F68 ,5, Optimising auxiliary power         ,-340000000.0,8654.56
1278,CE_F68 ,6, Increasing slag to 70% in PSC      ,-300000000.0,43272.82
1279,CE_F68 ,7, Enhancement in Kiln                ,-280000000.0,25963.69
1280,CE_F68 ,8, Heat rate reduction in CPP         ,-260000000.0,17309.13
1281,CE_F68 ,9, Improving burnability of material  ,-130000000.0,60581.95
1282,CE_F68 ,10, Burner retrofit                    ,-120000000.0,8654.56
1283,CE_F68 ,11, High efficiency clinker coolers    ,-100000000.0,25963.69
1284,CE_F68 ,12, Substitute OPC with LC3 cement     ,-80000000.0,34618.26
1285,CE_F68 ,13, Increasing fly ash to 35% in PPC   ,-70000000.0,86545.64
1286,CE_F68 ,14, Renewable energy use in electricity,180000000.0,69236.51
1287,CE_F68 ,15, Increasing TSR to 30% in kiln fuel ,420000000.0,155782.15
1288,CE_F68 ,16, CCS                                ,900000000.0,519273.83
1289,CE_F68 ,17, Decreasing clinker to 85% in OPC   ,1200000000.0,43272.82
1290,CE_F68 ,18, CCU                                ,1860000000.0,519273.83
1291,CE_F68 ,19, Offset                             ,1880000000.0,103854.77
1292,CE_F69 ,1, Efficient electrical equipment     ,-430000000.0,5722.16
1293,CE_F69 ,2, Waste heat recovery                ,-420000000.0,22888.64
1294,CE_F69 ,3, Automation system                  ,-410000000.0,11444.32
1295,CE_F69 ,4, Efficient grinding system          ,-360000000.0,14305.4
1296,CE_F69 ,5, Optimising auxiliary power         ,-340000000.0,2861.08
1297,CE_F69 ,6, Increasing slag to 70% in PSC      ,-300000000.0,14305.4
1298,CE_F69 ,7, Enhancement in Kiln                ,-280000000.0,8583.24
1299,CE_F69 ,8, Heat rate reduction in CPP         ,-260000000.0,5722.16
1300,CE_F69 ,9, Improving burnability of material  ,-130000000.0,20027.56
1301,CE_F69 ,10, Burner retrofit                    ,-120000000.0,2861.08
1302,CE_F69 ,11, High efficiency clinker coolers    ,-100000000.0,8583.24
1303,CE_F69 ,12, Substitute OPC with LC3 cement     ,-80000000.0,11444.32
1304,CE_F69 ,13, Increasing fly ash to 35% in PPC   ,-70000000.0,28610.8
1305,CE_F69 ,14, Renewable energy use in electricity,180000000.0,22888.64
1306,CE_F69 ,15, Increasing TSR to 30% in kiln fuel ,420000000.0,51499.44
1307,CE_F69 ,16, CCS                                ,900000000.0,171664.81
1308,CE_F69 ,17, Decreasing clinker to 85% in OPC   ,1200000000.0,14305.4
1309,CE_F69 ,18, CCU                                ,1860000000.0,171664.81
1310,CE_F69 ,19, Offset                             ,1880000000.0,34332.96
1311,CE_F70 ,1, Efficient electrical equipment     ,-430000000.0,23251.82
1312,CE_F70 ,2, Waste heat recovery                ,-420000000.0,93007.29
1313,CE_F70 ,3, Automation system                  ,-410000000.0,46503.64
1314,CE_F70 ,4, Efficient grinding system          ,-360000000.0,58129.55
1315,CE_F70 ,5, Optimising auxiliary power         ,-340000000.0,11625.91
1316,CE_F70 ,6, Increasing slag to 70% in PSC      ,-300000000.0,58129.55
1317,CE_F70 ,7, Enhancement in Kiln                ,-280000000.0,34877.73
1318,CE_F70 ,8, Heat rate reduction in CPP         ,-260000000.0,23251.82
1319,CE_F70 ,9, Improving burnability of material  ,-130000000.0,81381.38
1320,CE_F70 ,10, Burner retrofit                    ,-120000000.0,11625.91
1321,CE_F70 ,11, High efficiency clinker coolers    ,-100000000.0,34877.73
1322,CE_F70 ,12, Substitute OPC with LC3 cement     ,-80000000.0,46503.64
1323,CE_F70 ,13, Increasing fly ash to 35% in PPC   ,-70000000.0,116259.11
1324,CE_F70 ,14, Renewable energy use in electricity,180000000.0,93007.29
1325,CE_F70 ,15, Increasing TSR to 30% in kiln fuel ,420000000.0,209266.4
1326,CE_F70 ,16, CCS                                ,900000000.0,697554.66
1327,CE_F70 ,17, Decreasing clinker to 85% in OPC   ,1200000000.0,58129.55
1328,CE_F70 ,18, CCU                                ,1860000000.0,697554.66
1329,CE_F70 ,19, Offset                             ,1880000000.0,139510.93
1330,CE_F71 ,1, Efficient electrical equipment     ,-430000000.0,5479.82
1331,CE_F71 ,2, Waste heat recovery                ,-420000000.0,21919.26
1332,CE_F71 ,3, Automation system                  ,-410000000.0,10959.63
1333,CE_F71 ,4, Efficient grinding system          ,-360000000.0,13699.54
1334,CE_F71 ,5, Optimising auxiliary power         ,-340000000.0,2739.91
1335,CE_F71 ,6, Increasing slag to 70% in PSC      ,-300000000.0,13699.54
1336,CE_F71 ,7, Enhancement in Kiln                ,-280000000.0,8219.72
1337,CE_F71 ,8, Heat rate reduction in CPP         ,-260000000.0,5479.82
1338,CE_F71 ,9, Improving burnability of material  ,-130000000.0,19179.36
1339,CE_F71 ,10, Burner retrofit                    ,-120000000.0,2739.91
1340,CE_F71 ,11, High efficiency clinker coolers    ,-100000000.0,8219.72
1341,CE_F71 ,12, Substitute OPC with LC3 cement     ,-80000000.0,10959.63
1342,CE_F71 ,13, Increasing fly ash to 35% in PPC   ,-70000000.0,27399.08
1343,CE_F71 ,14, Renewable energy use in electricity,180000000.0,21919.26
1344,CE_F71 ,15, Increasing TSR to 30% in kiln fuel ,420000000.0,49318.34
1345,CE_F71 ,16, CCS                                ,900000000.0,164394.48
1346,CE_F71 ,17, Decreasing clinker to 85% in OPC   ,1200000000.0,13699.54
1347,CE_F71 ,18, CCU                                ,1860000000.0,164394.48
1348,CE_F71 ,19, Offset                             ,1880000000.0,32878.9
1349,CE_F72 ,1, Efficient electrical equipment     ,-430000000.0,2906.4
1350,CE_F72 ,2, Waste heat recovery                ,-420000000.0,11625.6
1351,CE_F72 ,3, Automation system                  ,-410000000.0,5812.8
1352,CE_F72 ,4, Efficient grinding system          ,-360000000.0,7266.0
1353,CE_F72 ,5, Optimising auxiliary power         ,-340000000.0,1453.2
1354,CE_F72 ,6, Increasing slag to 70% in PSC      ,-300000000.0,7266.0
1355,CE_F72 ,7, Enhancement in Kiln                ,-280000000.0,4359.6
1356,CE_F72 ,8, Heat rate reduction in CPP         ,-260000000.0,2906.4
1357,CE_F72 ,9, Improving burnability of material  ,-130000000.0,10172.4
1358,CE_F72 ,10, Burner retrofit                    ,-120000000.0,1453.2
1359,CE_F72 ,11, High efficiency clinker coolers    ,-100000000.0,4359.6
1360,CE_F72 ,12, Substitute OPC with LC3 cement     ,-80000000.0,5812.8
1361,CE_F72 ,13, Increasing fly ash to 35% in PPC   ,-70000000.0,14532.0
1362,CE_F72 ,14, Renewable energy use in electricity,180000000.0,9688.0
1363,CE_F72 ,15, Increasing TSR to 30% in kiln fuel ,420000000.0,21798.0
1364,CE_F72 ,16, CCS                                ,900000000.0,72660.0
1365,CE_F72 ,17, Decreasing clinker to 85% in OPC   ,1200000000.0,1211.0
1366,CE_F72 ,18, CCU                                ,1860000000.0,14532.0
1367,CE_F72 ,19, Offset                             ,1880000000.0,2906.4
1368,CE_F73 ,1, Efficient electrical equipment     ,-430000000.0,17018.87
1369,CE_F73 ,2, Waste heat recovery                ,-420000000.0,68075.47
1370,CE_F73 ,3, Automation system                  ,-410000000.0,34037.73
1371,CE_F73 ,4, Efficient grinding system          ,-360000000.0,42547.17
1372,CE_F73 ,5, Optimising auxiliary power         ,-340000000.0,8509.43
1373,CE_F73 ,6, Increasing slag to 70% in PSC      ,-300000000.0,42547.17
1374,CE_F73 ,7, Enhancement in Kiln                ,-280000000.0,25528.3
1375,CE_F73 ,8, Heat rate reduction in CPP         ,-260000000.0,17018.87
1376,CE_F73 ,9, Improving burnability of material  ,-130000000.0,59566.03
1377,CE_F73 ,10, Burner retrofit                    ,-120000000.0,8509.43
1378,CE_F73 ,11, High efficiency clinker coolers    ,-100000000.0,25528.3
1379,CE_F73 ,12, Substitute OPC with LC3 cement     ,-80000000.0,34037.73
1380,CE_F73 ,13, Increasing fly ash to 35% in PPC   ,-70000000.0,85094.33
1381,CE_F73 ,14, Renewable energy use in electricity,180000000.0,68075.47
1382,CE_F73 ,15, Increasing TSR to 30% in kiln fuel ,420000000.0,153169.8
1383,CE_F73 ,16, CCS                                ,900000000.0,510565.99
1384,CE_F73 ,17, Decreasing clinker to 85% in OPC   ,1200000000.0,42547.17
1385,CE_F73 ,18, CCU                                ,1860000000.0,510565.99
1386,CE_F73 ,19, Offset                             ,1880000000.0,102113.2
1387,CE_F74 ,1, Efficient electrical equipment     ,-430000000.0,3229.69
1388,CE_F74 ,2, Waste heat recovery                ,-420000000.0,12918.75
1389,CE_F74 ,3, Automation system                  ,-410000000.0,6459.38
1390,CE_F74 ,4, Efficient grinding system          ,-360000000.0,8074.22
1391,CE_F74 ,5, Optimising auxiliary power         ,-340000000.0,1614.84
1392,CE_F74 ,6, Increasing slag to 70% in PSC      ,-300000000.0,8074.22
1393,CE_F74 ,7, Enhancement in Kiln                ,-280000000.0,4844.53
1394,CE_F74 ,8, Heat rate reduction in CPP         ,-260000000.0,3229.69
1395,CE_F74 ,9, Improving burnability of material  ,-130000000.0,11303.91
1396,CE_F74 ,10, Burner retrofit                    ,-120000000.0,1614.84
1397,CE_F74 ,11, High efficiency clinker coolers    ,-100000000.0,4844.53
1398,CE_F74 ,12, Substitute OPC with LC3 cement     ,-80000000.0,6459.38
1399,CE_F74 ,13, Increasing fly ash to 35% in PPC   ,-70000000.0,16148.44
1400,CE_F74 ,14, Renewable energy use in electricity,180000000.0,10765.63
1401,CE_F74 ,15, Increasing TSR to 30% in kiln fuel ,420000000.0,24222.66
1402,CE_F74 ,16, CCS                                ,900000000.0,80742.2
1403,CE_F74 ,17, Decreasing clinker to 85% in OPC   ,1200000000.0,1345.7
1404,CE_F74 ,18, CCU                                ,1860000000.0,16148.44
1405,CE_F74 ,19, Offset                             ,1880000000.0,3229.69
1406,CE_F75 ,1, Efficient electrical equipment     ,-430000000.0,11658.92
1407,CE_F75 ,2, Waste heat recovery                ,-420000000.0,46635.68
1408,CE_F75 ,3, Automation system                  ,-410000000.0,23317.84
1409,CE_F75 ,4, Efficient grinding system          ,-360000000.0,29147.3
1410,CE_F75 ,5, Optimising auxiliary power         ,-340000000.0,5829.46
1411,CE_F75 ,6, Increasing slag to 70% in PSC      ,-300000000.0,29147.3
1412,CE_F75 ,7, Enhancement in Kiln                ,-280000000.0,17488.38
1413,CE_F75 ,8, Heat rate reduction in CPP         ,-260000000.0,11658.92
1414,CE_F75 ,9, Improving burnability of material  ,-130000000.0,40806.22
1415,CE_F75 ,10, Burner retrofit                    ,-120000000.0,5829.46
1416,CE_F75 ,11, High efficiency clinker coolers    ,-100000000.0,17488.38
1417,CE_F75 ,12, Substitute OPC with LC3 cement     ,-80000000.0,23317.84
1418,CE_F75 ,13, Increasing fly ash to 35% in PPC   ,-70000000.0,58294.6
1419,CE_F75 ,14, Renewable energy use in electricity,180000000.0,46635.68
1420,CE_F75 ,15, Increasing TSR to 30% in kiln fuel ,420000000.0,104930.28
1421,CE_F75 ,16, CCS                                ,900000000.0,349767.6
1422,CE_F75 ,17, Decreasing clinker to 85% in OPC   ,1200000000.0,29147.3
1423,CE_F75 ,18, CCU                                ,1860000000.0,349767.6
1424,CE_F75 ,19, Offset                             ,1880000000.0,69953.52
1425,CE_F76 ,1, Efficient electrical equipment     ,-430000000.0,33696.41
1426,CE_F76 ,2, Waste heat recovery                ,-420000000.0,134785.64
1427,CE_F76 ,3, Automation system                  ,-410000000.0,67392.82
1428,CE_F76 ,4, Efficient grinding system          ,-360000000.0,84241.02
1429,CE_F76 ,5, Optimising auxiliary power         ,-340000000.0,16848.2
1430,CE_F76 ,6, Increasing slag to 70% in PSC      ,-300000000.0,84241.02
1431,CE_F76 ,7, Enhancement in Kiln                ,-280000000.0,50544.61
1432,CE_F76 ,8, Heat rate reduction in CPP         ,-260000000.0,33696.41
1433,CE_F76 ,9, Improving burnability of material  ,-130000000.0,117937.43
1434,CE_F76 ,10, Burner retrofit                    ,-120000000.0,16848.2
1435,CE_F76 ,11, High efficiency clinker coolers    ,-100000000.0,50544.61
1436,CE_F76 ,12, Substitute OPC with LC3 cement     ,-80000000.0,67392.82
1437,CE_F76 ,13, Increasing fly ash to 35% in PPC   ,-70000000.0,168482.05
1438,CE_F76 ,14, Renewable energy use in electricity,180000000.0,134785.64
1439,CE_F76 ,15, Increasing TSR to 30% in kiln fuel ,420000000.0,303267.69
1440,CE_F76 ,16, CCS                                ,900000000.0,1010892.28
1441,CE_F76 ,17, Decreasing clinker to 85% in OPC   ,1200000000.0,84241.02
1442,CE_F76 ,18, CCU                                ,1860000000.0,1010892.28
1443,CE_F76 ,19, Offset                             ,1880000000.0,202178.46
1444,CE_F77 ,1, Efficient electrical equipment     ,-430000000.0,21757.67
1445,CE_F77 ,2, Waste heat recovery                ,-420000000.0,87030.67
1446,CE_F77 ,3, Automation system                  ,-410000000.0,43515.34
1447,CE_F77 ,4, Efficient grinding system          ,-360000000.0,54394.17
1448,CE_F77 ,5, Optimising auxiliary power         ,-340000000.0,10878.83
1449,CE_F77 ,6, Increasing slag to 70% in PSC      ,-300000000.0,54394.17
1450,CE_F77 ,7, Enhancement in Kiln                ,-280000000.0,32636.5
1451,CE_F77 ,8, Heat rate reduction in CPP         ,-260000000.0,21757.67
1452,CE_F77 ,9, Improving burnability of material  ,-130000000.0,76151.84
1453,CE_F77 ,10, Burner retrofit                    ,-120000000.0,10878.83
1454,CE_F77 ,11, High efficiency clinker coolers    ,-100000000.0,32636.5
1455,CE_F77 ,12, Substitute OPC with LC3 cement     ,-80000000.0,43515.34
1456,CE_F77 ,13, Increasing fly ash to 35% in PPC   ,-70000000.0,108788.34
1457,CE_F77 ,14, Renewable energy use in electricity,180000000.0,87030.67
1458,CE_F77 ,15, Increasing TSR to 30% in kiln fuel ,420000000.0,195819.01
1459,CE_F77 ,16, CCS                                ,900000000.0,652730.03
1460,CE_F77 ,17, Decreasing clinker to 85% in OPC   ,1200000000.0,54394.17
1461,CE_F77 ,18, CCU                                ,1860000000.0,652730.03
1462,CE_F77 ,19, Offset                             ,1880000000.0,130546.01
1463,CE_F78 ,1, Efficient electrical equipment     ,-430000000.0,14231.41
1464,CE_F78 ,2, Waste heat recovery                ,-420000000.0,56925.65
1465,CE_F78 ,3, Automation system                  ,-410000000.0,28462.82
1466,CE_F78 ,4, Efficient grinding system          ,-360000000.0,35578.53
1467,CE_F78 ,5, Optimising auxiliary power         ,-340000000.0,7115.71
1468,CE_F78 ,6, Increasing slag to 70% in PSC      ,-300000000.0,35578.53
1469,CE_F78 ,7, Enhancement in Kiln                ,-280000000.0,21347.12
1470,CE_F78 ,8, Heat rate reduction in CPP         ,-260000000.0,14231.41
1471,CE_F78 ,9, Improving burnability of material  ,-130000000.0,49809.94
1472,CE_F78 ,10, Burner retrofit                    ,-120000000.0,7115.71
1473,CE_F78 ,11, High efficiency clinker coolers    ,-100000000.0,21347.12
1474,CE_F78 ,12, Substitute OPC with LC3 cement     ,-80000000.0,28462.82
1475,CE_F78 ,13, Increasing fly ash to 35% in PPC   ,-70000000.0,71157.06
1476,CE_F78 ,14, Renewable energy use in electricity,180000000.0,56925.65
1477,CE_F78 ,15, Increasing TSR to 30% in kiln fuel ,420000000.0,128082.71
1478,CE_F78 ,16, CCS                                ,900000000.0,426942.37
1479,CE_F78 ,17, Decreasing clinker to 85% in OPC   ,1200000000.0,35578.53
1480,CE_F78 ,18, CCU                                ,1860000000.0,426942.37
1481,CE_F78 ,19, Offset                             ,1880000000.0,85388.47
1482,CE_F79 ,1, Efficient electrical equipment     ,-430000000.0,45838.01
1483,CE_F79 ,2, Waste heat recovery                ,-420000000.0,183352.05
1484,CE_F79 ,3, Automation system                  ,-410000000.0,91676.02
1485,CE_F79 ,4, Efficient grinding system          ,-360000000.0,114595.03
1486,CE_F79 ,5, Optimising auxiliary power         ,-340000000.0,22919.01
1487,CE_F79 ,6, Increasing slag to 70% in PSC      ,-300000000.0,114595.03
1488,CE_F79 ,7, Enhancement in Kiln                ,-280000000.0,68757.02
1489,CE_F79 ,8, Heat rate reduction in CPP         ,-260000000.0,45838.01
1490,CE_F79 ,9, Improving burnability of material  ,-130000000.0,160433.04
1491,CE_F79 ,10, Burner retrofit                    ,-120000000.0,22919.01
1492,CE_F79 ,11, High efficiency clinker coolers    ,-100000000.0,68757.02
1493,CE_F79 ,12, Substitute OPC with LC3 cement     ,-80000000.0,91676.02
1494,CE_F79 ,13, Increasing fly ash to 35% in PPC   ,-70000000.0,229190.06
1495,CE_F79 ,14, Renewable energy use in electricity,180000000.0,183352.05
1496,CE_F79 ,15, Increasing TSR to 30% in kiln fuel ,420000000.0,412542.11
1497,CE_F79 ,16, CCS                                ,900000000.0,1375140.36
1498,CE_F79 ,17, Decreasing clinker to 85% in OPC   ,1200000000.0,114595.03
1499,CE_F79 ,18, CCU                                ,1860000000.0,1375140.36
1500,CE_F79 ,19, Offset                             ,1880000000.0,275028.07
1501,CE_F80 ,1, Efficient electrical equipment     ,-430000000.0,15181.59
1502,CE_F80 ,2, Waste heat recovery                ,-420000000.0,60726.36
1503,CE_F80 ,3, Automation system                  ,-410000000.0,30363.18
1504,CE_F80 ,4, Efficient grinding system          ,-360000000.0,37953.98
1505,CE_F80 ,5, Optimising auxiliary power         ,-340000000.0,7590.8
1506,CE_F80 ,6, Increasing slag to 70% in PSC      ,-300000000.0,37953.98
1507,CE_F80 ,7, Enhancement in Kiln                ,-280000000.0,22772.39
1508,CE_F80 ,8, Heat rate reduction in CPP         ,-260000000.0,15181.59
1509,CE_F80 ,9, Improving burnability of material  ,-130000000.0,53135.57
1510,CE_F80 ,10, Burner retrofit                    ,-120000000.0,7590.8
1511,CE_F80 ,11, High efficiency clinker coolers    ,-100000000.0,22772.39
1512,CE_F80 ,12, Substitute OPC with LC3 cement     ,-80000000.0,30363.18
1513,CE_F80 ,13, Increasing fly ash to 35% in PPC   ,-70000000.0,75907.95
1514,CE_F80 ,14, Renewable energy use in electricity,180000000.0,60726.36
1515,CE_F80 ,15, Increasing TSR to 30% in kiln fuel ,420000000.0,136634.31
1516,CE_F80 ,16, CCS                                ,900000000.0,455447.72
1517,CE_F80 ,17, Decreasing clinker to 85% in OPC   ,1200000000.0,37953.98
1518,CE_F80 ,18, CCU                                ,1860000000.0,455447.72
1519,CE_F80 ,19, Offset                             ,1880000000.0,91089.54
1520,CE_F81 ,1, Efficient electrical equipment     ,-430000000.0,62823.0
1521,CE_F81 ,2, Waste heat recovery                ,-420000000.0,251291.99
1522,CE_F81 ,3, Automation system                  ,-410000000.0,125645.99
1523,CE_F81 ,4, Efficient grinding system          ,-360000000.0,157057.49
1524,CE_F81 ,5, Optimising auxiliary power         ,-340000000.0,31411.5
1525,CE_F81 ,6, Increasing slag to 70% in PSC      ,-300000000.0,157057.49
1526,CE_F81 ,7, Enhancement in Kiln                ,-280000000.0,94234.5
1527,CE_F81 ,8, Heat rate reduction in CPP         ,-260000000.0,62823.0
1528,CE_F81 ,9, Improving burnability of material  ,-130000000.0,219880.49
1529,CE_F81 ,10, Burner retrofit                    ,-120000000.0,31411.5
1530,CE_F81 ,11, High efficiency clinker coolers    ,-100000000.0,94234.5
1531,CE_F81 ,12, Substitute OPC with LC3 cement     ,-80000000.0,125645.99
1532,CE_F81 ,13, Increasing fly ash to 35% in PPC   ,-70000000.0,314114.99
1533,CE_F81 ,14, Renewable energy use in electricity,180000000.0,251291.99
1534,CE_F81 ,15, Increasing TSR to 30% in kiln fuel ,420000000.0,565406.97
1535,CE_F81 ,16, CCS                                ,900000000.0,1884689.91
1536,CE_F81 ,17, Decreasing clinker to 85% in OPC   ,1200000000.0,157057.49
1537,CE_F81 ,18, CCU                                ,1860000000.0,1884689.91
1538,CE_F81 ,19, Offset                             ,1880000000.0,376937.98
1539,CE_F82 ,1, Efficient electrical equipment     ,-430000000.0,32679.88
1540,CE_F82 ,2, Waste heat recovery                ,-420000000.0,130719.53
1541,CE_F82 ,3, Automation system                  ,-410000000.0,65359.76
1542,CE_F82 ,4, Efficient grinding system          ,-360000000.0,81699.7
1543,CE_F82 ,5, Optimising auxiliary power         ,-340000000.0,16339.94
1544,CE_F82 ,6, Increasing slag to 70% in PSC      ,-300000000.0,81699.7
1545,CE_F82 ,7, Enhancement in Kiln                ,-280000000.0,49019.82
1546,CE_F82 ,8, Heat rate reduction in CPP         ,-260000000.0,32679.88
1547,CE_F82 ,9, Improving burnability of material  ,-130000000.0,114379.58
1548,CE_F82 ,10, Burner retrofit                    ,-120000000.0,16339.94
1549,CE_F82 ,11, High efficiency clinker coolers    ,-100000000.0,49019.82
1550,CE_F82 ,12, Substitute OPC with LC3 cement     ,-80000000.0,65359.76
1551,CE_F82 ,13, Increasing fly ash to 35% in PPC   ,-70000000.0,163399.41
1552,CE_F82 ,14, Renewable energy use in electricity,180000000.0,130719.53
1553,CE_F82 ,15, Increasing TSR to 30% in kiln fuel ,420000000.0,294118.93
1554,CE_F82 ,16, CCS                                ,900000000.0,980396.44
1555,CE_F82 ,17, Decreasing clinker to 85% in OPC   ,1200000000.0,81699.7
1556,CE_F82 ,18, CCU                                ,1860000000.0,980396.44
1557,CE_F82 ,19, Offset                             ,1880000000.0,196079.29
1558,CE_F83 ,1, Efficient electrical equipment     ,-430000000.0,6373.41
1559,CE_F83 ,2, Waste heat recovery                ,-420000000.0,25493.65
1560,CE_F83 ,3, Automation system                  ,-410000000.0,12746.82
1561,CE_F83 ,4, Efficient grinding system          ,-360000000.0,15933.53
1562,CE_F83 ,5, Optimising auxiliary power         ,-340000000.0,3186.71
1563,CE_F83 ,6, Increasing slag to 70% in PSC      ,-300000000.0,15933.53
1564,CE_F83 ,7, Enhancement in Kiln                ,-280000000.0,9560.12
1565,CE_F83 ,8, Heat rate reduction in CPP         ,-260000000.0,6373.41
1566,CE_F83 ,9, Improving burnability of material  ,-130000000.0,22306.94
1567,CE_F83 ,10, Burner retrofit                    ,-120000000.0,3186.71
1568,CE_F83 ,11, High efficiency clinker coolers    ,-100000000.0,9560.12
1569,CE_F83 ,12, Substitute OPC with LC3 cement     ,-80000000.0,12746.82
1570,CE_F83 ,13, Increasing fly ash to 35% in PPC   ,-70000000.0,31867.06
1571,CE_F83 ,14, Renewable energy use in electricity,180000000.0,25493.65
1572,CE_F83 ,15, Increasing TSR to 30% in kiln fuel ,420000000.0,57360.71
1573,CE_F83 ,16, CCS                                ,900000000.0,191202.37
1574,CE_F83 ,17, Decreasing clinker to 85% in OPC   ,1200000000.0,15933.53
1575,CE_F83 ,18, CCU                                ,1860000000.0,191202.37
1576,CE_F83 ,19, Offset                             ,1880000000.0,38240.47
1577,CE_F84 ,1, Efficient electrical equipment     ,-430000000.0,75467.45
1578,CE_F84 ,2, Waste heat recovery                ,-420000000.0,301869.79
1579,CE_F84 ,3, Automation system                  ,-410000000.0,150934.9
1580,CE_F84 ,4, Efficient grinding system          ,-360000000.0,188668.62
1581,CE_F84 ,5, Optimising auxiliary power         ,-340000000.0,37733.72
1582,CE_F84 ,6, Increasing slag to 70% in PSC      ,-300000000.0,188668.62
1583,CE_F84 ,7, Enhancement in Kiln                ,-280000000.0,113201.17
1584,CE_F84 ,8, Heat rate reduction in CPP         ,-260000000.0,75467.45
1585,CE_F84 ,9, Improving burnability of material  ,-130000000.0,264136.07
1586,CE_F84 ,10, Burner retrofit                    ,-120000000.0,37733.72
1587,CE_F84 ,11, High efficiency clinker coolers    ,-100000000.0,113201.17
1588,CE_F84 ,12, Substitute OPC with LC3 cement     ,-80000000.0,150934.9
1589,CE_F84 ,13, Increasing fly ash to 35% in PPC   ,-70000000.0,377337.24
1590,CE_F84 ,14, Renewable energy use in electricity,180000000.0,301869.79
1591,CE_F84 ,15, Increasing TSR to 30% in kiln fuel ,420000000.0,679207.03
1592,CE_F84 ,16, CCS                                ,900000000.0,2264023.44
1593,CE_F84 ,17, Decreasing clinker to 85% in OPC   ,1200000000.0,188668.62
1594,CE_F84 ,18, CCU                                ,1860000000.0,2264023.44
1595,CE_F84 ,19, Offset                             ,1880000000.0,452804.69
1596,CE_F85 ,1, Efficient electrical equipment     ,-430000000.0,21757.5
1597,CE_F85 ,2, Waste heat recovery                ,-420000000.0,87029.98
1598,CE_F85 ,3, Automation system                  ,-410000000.0,43514.99
1599,CE_F85 ,4, Efficient grinding system          ,-360000000.0,54393.74
1600,CE_F85 ,5, Optimising auxiliary power         ,-340000000.0,10878.75
1601,CE_F85 ,6, Increasing slag to 70% in PSC      ,-300000000.0,54393.74
1602,CE_F85 ,7, Enhancement in Kiln                ,-280000000.0,32636.24
1603,CE_F85 ,8, Heat rate reduction in CPP         ,-260000000.0,21757.5
1604,CE_F85 ,9, Improving burnability of material  ,-130000000.0,76151.23
1605,CE_F85 ,10, Burner retrofit                    ,-120000000.0,10878.75
1606,CE_F85 ,11, High efficiency clinker coolers    ,-100000000.0,32636.24
1607,CE_F85 ,12, Substitute OPC with LC3 cement     ,-80000000.0,43514.99
1608,CE_F85 ,13, Increasing fly ash to 35% in PPC   ,-70000000.0,108787.48
1609,CE_F85 ,14, Renewable energy use in electricity,180000000.0,87029.98
1610,CE_F85 ,15, Increasing TSR to 30% in kiln fuel ,420000000.0,195817.46
1611,CE_F85 ,16, CCS                                ,900000000.0,652724.87
1612,CE_F85 ,17, Decreasing clinker to 85% in OPC   ,1200000000.0,54393.74
1613,CE_F85 ,18, CCU                                ,1860000000.0,652724.87
1614,CE_F85 ,19, Offset                             ,1880000000.0,130544.97
1615,CE_F86 ,1, Efficient electrical equipment     ,-430000000.0,19769.92
1616,CE_F86 ,2, Waste heat recovery                ,-420000000.0,79079.67
1617,CE_F86 ,3, Automation system                  ,-410000000.0,39539.83
1618,CE_F86 ,4, Efficient grinding system          ,-360000000.0,49424.79
1619,CE_F86 ,5, Optimising auxiliary power         ,-340000000.0,9884.96
1620,CE_F86 ,6, Increasing slag to 70% in PSC      ,-300000000.0,49424.79
1621,CE_F86 ,7, Enhancement in Kiln                ,-280000000.0,29654.88
1622,CE_F86 ,8, Heat rate reduction in CPP         ,-260000000.0,19769.92
1623,CE_F86 ,9, Improving burnability of material  ,-130000000.0,69194.71
1624,CE_F86 ,10, Burner retrofit                    ,-120000000.0,9884.96
1625,CE_F86 ,11, High efficiency clinker coolers    ,-100000000.0,29654.88
1626,CE_F86 ,12, Substitute OPC with LC3 cement     ,-80000000.0,39539.83
1627,CE_F86 ,13, Increasing fly ash to 35% in PPC   ,-70000000.0,98849.58
1628,CE_F86 ,14, Renewable energy use in electricity,180000000.0,79079.67
1629,CE_F86 ,15, Increasing TSR to 30% in kiln fuel ,420000000.0,177929.25
1630,CE_F86 ,16, CCS                                ,900000000.0,593097.51
1631,CE_F86 ,17, Decreasing clinker to 85% in OPC   ,1200000000.0,49424.79
1632,CE_F86 ,18, CCU                                ,1860000000.0,593097.51
1633,CE_F86 ,19, Offset                             ,1880000000.0,118619.5
1634,CE_F87 ,1, Efficient electrical equipment     ,-430000000.0,8311.36
1635,CE_F87 ,2, Waste heat recovery                ,-420000000.0,33245.46
1636,CE_F87 ,3, Automation system                  ,-410000000.0,16622.73
1637,CE_F87 ,4, Efficient grinding system          ,-360000000.0,20778.41
1638,CE_F87 ,5, Optimising auxiliary power         ,-340000000.0,4155.68
1639,CE_F87 ,6, Increasing slag to 70% in PSC      ,-300000000.0,20778.41
1640,CE_F87 ,7, Enhancement in Kiln                ,-280000000.0,12467.05
1641,CE_F87 ,8, Heat rate reduction in CPP         ,-260000000.0,8311.36
1642,CE_F87 ,9, Improving burnability of material  ,-130000000.0,29089.78
1643,CE_F87 ,10, Burner retrofit                    ,-120000000.0,4155.68
1644,CE_F87 ,11, High efficiency clinker coolers    ,-100000000.0,12467.05
1645,CE_F87 ,12, Substitute OPC with LC3 cement     ,-80000000.0,16622.73
1646,CE_F87 ,13, Increasing fly ash to 35% in PPC   ,-70000000.0,41556.82
1647,CE_F87 ,14, Renewable energy use in electricity,180000000.0,33245.46
1648,CE_F87 ,15, Increasing TSR to 30% in kiln fuel ,420000000.0,74802.28
1649,CE_F87 ,16, CCS                                ,900000000.0,249340.95
1650,CE_F87 ,17, Decreasing clinker to 85% in OPC   ,1200000000.0,20778.41
1651,CE_F87 ,18, CCU                                ,1860000000.0,249340.95
1652,CE_F87 ,19, Offset                             ,1880000000.0,49868.19
1653,CE_F88 ,1, Efficient electrical equipment     ,-430000000.0,3553.42
1654,CE_F88 ,2, Waste heat recovery                ,-420000000.0,14213.7
1655,CE_F88 ,3, Automation system                  ,-410000000.0,7106.85
1656,CE_F88 ,4, Efficient grinding system          ,-360000000.0,8883.56
1657,CE_F88 ,5, Optimising auxiliary power         ,-340000000.0,1776.71
1658,CE_F88 ,6, Increasing slag to 70% in PSC      ,-300000000.0,8883.56
1659,CE_F88 ,7, Enhancement in Kiln                ,-280000000.0,5330.14
1660,CE_F88 ,8, Heat rate reduction in CPP         ,-260000000.0,3553.42
1661,CE_F88 ,9, Improving burnability of material  ,-130000000.0,12436.99
1662,CE_F88 ,10, Burner retrofit                    ,-120000000.0,1776.71
1663,CE_F88 ,11, High efficiency clinker coolers    ,-100000000.0,5330.14
1664,CE_F88 ,12, Substitute OPC with LC3 cement     ,-80000000.0,7106.85
1665,CE_F88 ,13, Increasing fly ash to 35% in PPC   ,-70000000.0,17767.12
1666,CE_F88 ,14, Renewable energy use in electricity,180000000.0,11844.75
1667,CE_F88 ,15, Increasing TSR to 30% in kiln fuel ,420000000.0,26650.68
1668,CE_F88 ,16, CCS                                ,900000000.0,88835.61
1669,CE_F88 ,17, Decreasing clinker to 85% in OPC   ,1200000000.0,1480.59
1670,CE_F88 ,18, CCU                                ,1860000000.0,17767.12
1671,CE_F88 ,19, Offset                             ,1880000000.0,3553.42
1672,CE_F89 ,1, Efficient electrical equipment     ,-430000000.0,27598.19
1673,CE_F89 ,2, Waste heat recovery                ,-420000000.0,110392.76
1674,CE_F89 ,3, Automation system                  ,-410000000.0,55196.38
1675,CE_F89 ,4, Efficient grinding system          ,-360000000.0,68995.47
1676,CE_F89 ,5, Optimising auxiliary power         ,-340000000.0,13799.09
1677,CE_F89 ,6, Increasing slag to 70% in PSC      ,-300000000.0,68995.47
1678,CE_F89 ,7, Enhancement in Kiln                ,-280000000.0,41397.28
1679,CE_F89 ,8, Heat rate reduction in CPP         ,-260000000.0,27598.19
1680,CE_F89 ,9, Improving burnability of material  ,-130000000.0,96593.66
1681,CE_F89 ,10, Burner retrofit                    ,-120000000.0,13799.09
1682,CE_F89 ,11, High efficiency clinker coolers    ,-100000000.0,41397.28
1683,CE_F89 ,12, Substitute OPC with LC3 cement     ,-80000000.0,55196.38
1684,CE_F89 ,13, Increasing fly ash to 35% in PPC   ,-70000000.0,137990.95
1685,CE_F89 ,14, Renewable energy use in electricity,180000000.0,110392.76
1686,CE_F89 ,15, Increasing TSR to 30% in kiln fuel ,420000000.0,248383.71
1687,CE_F89 ,16, CCS                                ,900000000.0,827945.7
1688,CE_F89 ,17, Decreasing clinker to 85% in OPC   ,1200000000.0,68995.47
1689,CE_F89 ,18, CCU                                ,1860000000.0,827945.7
1690,CE_F89 ,19, Offset                             ,1880000000.0,165589.14
1691,CE_F90 ,1, Efficient electrical equipment     ,-430000000.0,3183.91
1692,CE_F90 ,2, Waste heat recovery                ,-420000000.0,12735.62
1693,CE_F90 ,3, Automation system                  ,-410000000.0,6367.81
1694,CE_F90 ,4, Efficient grinding system          ,-360000000.0,7959.76
1695,CE_F90 ,5, Optimising auxiliary power         ,-340000000.0,1591.95
1696,CE_F90 ,6, Increasing slag to 70% in PSC      ,-300000000.0,7959.76
1697,CE_F90 ,7, Enhancement in Kiln                ,-280000000.0,4775.86
1698,CE_F90 ,8, Heat rate reduction in CPP         ,-260000000.0,3183.91
1699,CE_F90 ,9, Improving burnability of material  ,-130000000.0,11143.67
1700,CE_F90 ,10, Burner retrofit                    ,-120000000.0,1591.95
1701,CE_F90 ,11, High efficiency clinker coolers    ,-100000000.0,4775.86
1702,CE_F90 ,12, Substitute OPC with LC3 cement     ,-80000000.0,6367.81
1703,CE_F90 ,13, Increasing fly ash to 35% in PPC   ,-70000000.0,15919.53
1704,CE_F90 ,14, Renewable energy use in electricity,180000000.0,12735.62
1705,CE_F90 ,15, Increasing TSR to 30% in kiln fuel ,420000000.0,28655.15
1706,CE_F90 ,16, CCS                                ,900000000.0,95517.15
1707,CE_F90 ,17, Decreasing clinker to 85% in OPC   ,1200000000.0,7959.76
1708,CE_F90 ,18, CCU                                ,1860000000.0,95517.15
1709,CE_F90 ,19, Offset                             ,1880000000.0,19103.43
1710,CE_F91 ,1, Efficient electrical equipment     ,-430000000.0,11378.93
1711,CE_F91 ,2, Waste heat recovery                ,-420000000.0,45515.73
1712,CE_F91 ,3, Automation system                  ,-410000000.0,22757.86
1713,CE_F91 ,4, Efficient grinding system          ,-360000000.0,28447.33
1714,CE_F91 ,5, Optimising auxiliary power         ,-340000000.0,5689.47
1715,CE_F91 ,6, Increasing slag to 70% in PSC      ,-300000000.0,28447.33
1716,CE_F91 ,7, Enhancement in Kiln                ,-280000000.0,17068.4
1717,CE_F91 ,8, Heat rate reduction in CPP         ,-260000000.0,11378.93
1718,CE_F91 ,9, Improving burnability of material  ,-130000000.0,39826.26
1719,CE_F91 ,10, Burner retrofit                    ,-120000000.0,5689.47
1720,CE_F91 ,11, High efficiency clinker coolers    ,-100000000.0,17068.4
1721,CE_F91 ,12, Substitute OPC with LC3 cement     ,-80000000.0,22757.86
1722,CE_F91 ,13, Increasing fly ash to 35% in PPC   ,-70000000.0,56894.66
1723,CE_F91 ,14, Renewable energy use in electricity,180000000.0,45515.73
1724,CE_F91 ,15, Increasing TSR to 30% in kiln fuel ,420000000.0,102410.39
1725,CE_F91 ,16, CCS                                ,900000000.0,341367.95
1726,CE_F91 ,17, Decreasing clinker to 85% in OPC   ,1200000000.0,28447.33
1727,CE_F91 ,18, CCU                                ,1860000000.0,341367.95
1728,CE_F91 ,19, Offset                             ,1880000000.0,68273.59
1729,CE_F92 ,1, Efficient electrical equipment     ,-430000000.0,32182.59
1730,CE_F92 ,2, Waste heat recovery                ,-420000000.0,128730.37
1731,CE_F92 ,3, Automation system                  ,-410000000.0,64365.19
1732,CE_F92 ,4, Efficient grinding system          ,-360000000.0,80456.48
1733,CE_F92 ,5, Optimising auxiliary power         ,-340000000.0,16091.3
1734,CE_F92 ,6, Increasing slag to 70% in PSC      ,-300000000.0,80456.48
1735,CE_F92 ,7, Enhancement in Kiln                ,-280000000.0,48273.89
1736,CE_F92 ,8, Heat rate reduction in CPP         ,-260000000.0,32182.59
1737,CE_F92 ,9, Improving burnability of material  ,-130000000.0,112639.08
1738,CE_F92 ,10, Burner retrofit                    ,-120000000.0,16091.3
1739,CE_F92 ,11, High efficiency clinker coolers    ,-100000000.0,48273.89
1740,CE_F92 ,12, Substitute OPC with LC3 cement     ,-80000000.0,64365.19
1741,CE_F92 ,13, Increasing fly ash to 35% in PPC   ,-70000000.0,160912.97
1742,CE_F92 ,14, Renewable energy use in electricity,180000000.0,128730.37
1743,CE_F92 ,15, Increasing TSR to 30% in kiln fuel ,420000000.0,289643.34
1744,CE_F92 ,16, CCS                                ,900000000.0,965477.8
1745,CE_F92 ,17, Decreasing clinker to 85% in OPC   ,1200000000.0,80456.48
1746,CE_F92 ,18, CCU                                ,1860000000.0,965477.8
1747,CE_F92 ,19, Offset                             ,1880000000.0,193095.56
1748,CE_F93 ,1, Efficient electrical equipment     ,-430000000.0,12103.44
1749,CE_F93 ,2, Waste heat recovery                ,-420000000.0,48413.74
1750,CE_F93 ,3, Automation system                  ,-410000000.0,24206.87
1751,CE_F93 ,4, Efficient grinding system          ,-360000000.0,30258.59
1752,CE_F93 ,5, Optimising auxiliary power         ,-340000000.0,6051.72
1753,CE_F93 ,6, Increasing slag to 70% in PSC      ,-300000000.0,30258.59
1754,CE_F93 ,7, Enhancement in Kiln                ,-280000000.0,18155.15
1755,CE_F93 ,8, Heat rate reduction in CPP         ,-260000000.0,12103.44
1756,CE_F93 ,9, Improving burnability of material  ,-130000000.0,42362.03
1757,CE_F93 ,10, Burner retrofit                    ,-120000000.0,6051.72
1758,CE_F93 ,11, High efficiency clinker coolers    ,-100000000.0,18155.15
1759,CE_F93 ,12, Substitute OPC with LC3 cement     ,-80000000.0,24206.87
1760,CE_F93 ,13, Increasing fly ash to 35% in PPC   ,-70000000.0,60517.18
1761,CE_F93 ,14, Renewable energy use in electricity,180000000.0,48413.74
1762,CE_F93 ,15, Increasing TSR to 30% in kiln fuel ,420000000.0,108930.93
1763,CE_F93 ,16, CCS                                ,900000000.0,363103.09
1764,CE_F93 ,17, Decreasing clinker to 85% in OPC   ,1200000000.0,30258.59
1765,CE_F93 ,18, CCU                                ,1860000000.0,363103.09
1766,CE_F93 ,19, Offset                             ,1880000000.0,72620.62
1767,CE_F94 ,1, Efficient electrical equipment     ,-430000000.0,13161.03
1768,CE_F94 ,2, Waste heat recovery                ,-420000000.0,52644.11
1769,CE_F94 ,3, Automation system                  ,-410000000.0,26322.05
1770,CE_F94 ,4, Efficient grinding system          ,-360000000.0,32902.57
1771,CE_F94 ,5, Optimising auxiliary power         ,-340000000.0,6580.51
1772,CE_F94 ,6, Increasing slag to 70% in PSC      ,-300000000.0,32902.57
1773,CE_F94 ,7, Enhancement in Kiln                ,-280000000.0,19741.54
1774,CE_F94 ,8, Heat rate reduction in CPP         ,-260000000.0,13161.03
1775,CE_F94 ,9, Improving burnability of material  ,-130000000.0,46063.59
1776,CE_F94 ,10, Burner retrofit                    ,-120000000.0,6580.51
1777,CE_F94 ,11, High efficiency clinker coolers    ,-100000000.0,19741.54
1778,CE_F94 ,12, Substitute OPC with LC3 cement     ,-80000000.0,26322.05
1779,CE_F94 ,13, Increasing fly ash to 35% in PPC   ,-70000000.0,65805.13
1780,CE_F94 ,14, Renewable energy use in electricity,180000000.0,52644.11
1781,CE_F94 ,15, Increasing TSR to 30% in kiln fuel ,420000000.0,118449.24
1782,CE_F94 ,16, CCS                                ,900000000.0,394830.8
1783,CE_F94 ,17, Decreasing clinker to 85% in OPC   ,1200000000.0,32902.57
1784,CE_F94 ,18, CCU                                ,1860000000.0,394830.8
1785,CE_F94 ,19, Offset                             ,1880000000.0,78966.16
1786,CE_F95 ,1, Efficient electrical equipment     ,-430000000.0,18550.55
1787,CE_F95 ,2, Waste heat recovery                ,-420000000.0,74202.21
1788,CE_F95 ,3, Automation system                  ,-410000000.0,37101.1
1789,CE_F95 ,4, Efficient grinding system          ,-360000000.0,46376.38
1790,CE_F95 ,5, Optimising auxiliary power         ,-340000000.0,9275.28
1791,CE_F95 ,6, Increasing slag to 70% in PSC      ,-300000000.0,46376.38
1792,CE_F95 ,7, Enhancement in Kiln                ,-280000000.0,27825.83
1793,CE_F95 ,8, Heat rate reduction in CPP         ,-260000000.0,18550.55
1794,CE_F95 ,9, Improving burnability of material  ,-130000000.0,64926.93
1795,CE_F95 ,10, Burner retrofit                    ,-120000000.0,9275.28
1796,CE_F95 ,11, High efficiency clinker coolers    ,-100000000.0,27825.83
1797,CE_F95 ,12, Substitute OPC with LC3 cement     ,-80000000.0,37101.1
1798,CE_F95 ,13, Increasing fly ash to 35% in PPC   ,-70000000.0,92752.76
1799,CE_F95 ,14, Renewable energy use in electricity,180000000.0,74202.21
1800,CE_F95 ,15, Increasing TSR to 30% in kiln fuel ,420000000.0,166954.97
1801,CE_F95 ,16, CCS                                ,900000000.0,556516.56
1802,CE_F95 ,17, Decreasing clinker to 85% in OPC   ,1200000000.0,46376.38
1803,CE_F95 ,18, CCU                                ,1860000000.0,556516.56
1804,CE_F95 ,19, Offset                             ,1880000000.0,111303.31
1805,CE_F96 ,1, Efficient electrical equipment     ,-430000000.0,17226.07
1806,CE_F96 ,2, Waste heat recovery                ,-420000000.0,68904.28
1807,CE_F96 ,3, Automation system                  ,-410000000.0,34452.14
1808,CE_F96 ,4, Efficient grinding system          ,-360000000.0,43065.18
1809,CE_F96 ,5, Optimising auxiliary power         ,-340000000.0,8613.04
1810,CE_F96 ,6, Increasing slag to 70% in PSC      ,-300000000.0,43065.18
1811,CE_F96 ,7, Enhancement in Kiln                ,-280000000.0,25839.11
1812,CE_F96 ,8, Heat rate reduction in CPP         ,-260000000.0,17226.07
1813,CE_F96 ,9, Improving burnability of material  ,-130000000.0,60291.25
1814,CE_F96 ,10, Burner retrofit                    ,-120000000.0,8613.04
1815,CE_F96 ,11, High efficiency clinker coolers    ,-100000000.0,25839.11
1816,CE_F96 ,12, Substitute OPC with LC3 cement     ,-80000000.0,34452.14
1817,CE_F96 ,13, Increasing fly ash to 35% in PPC   ,-70000000.0,86130.36
1818,CE_F96 ,14, Renewable energy use in electricity,180000000.0,68904.28
1819,CE_F96 ,15, Increasing TSR to 30% in kiln fuel ,420000000.0,155034.64
1820,CE_F96 ,16, CCS                                ,900000000.0,516782.14
1821,CE_F96 ,17, Decreasing clinker to 85% in OPC   ,1200000000.0,43065.18
1822,CE_F96 ,18, CCU                                ,1860000000.0,516782.14
1823,CE_F96 ,19, Offset                             ,1880000000.0,103356.43
1824,CE_F97 ,1, Efficient electrical equipment     ,-430000000.0,9253.41
1825,CE_F97 ,2, Waste heat recovery                ,-420000000.0,37013.63
1826,CE_F97 ,3, Automation system                  ,-410000000.0,18506.81
1827,CE_F97 ,4, Efficient grinding system          ,-360000000.0,23133.52
1828,CE_F97 ,5, Optimising auxiliary power         ,-340000000.0,4626.7
1829,CE_F97 ,6, Increasing slag to 70% in PSC      ,-300000000.0,23133.52
1830,CE_F97 ,7, Enhancement in Kiln                ,-280000000.0,13880.11
1831,CE_F97 ,8, Heat rate reduction in CPP         ,-260000000.0,9253.41
1832,CE_F97 ,9, Improving burnability of material  ,-130000000.0,32386.92
1833,CE_F97 ,10, Burner retrofit                    ,-120000000.0,4626.7
1834,CE_F97 ,11, High efficiency clinker coolers    ,-100000000.0,13880.11
1835,CE_F97 ,12, Substitute OPC with LC3 cement     ,-80000000.0,18506.81
1836,CE_F97 ,13, Increasing fly ash to 35% in PPC   ,-70000000.0,46267.03
1837,CE_F97 ,14, Renewable energy use in electricity,180000000.0,37013.63
1838,CE_F97 ,15, Increasing TSR to 30% in kiln fuel ,420000000.0,83280.66
1839,CE_F97 ,16, CCS                                ,900000000.0,277602.2
1840,CE_F97 ,17, Decreasing clinker to 85% in OPC   ,1200000000.0,23133.52
1841,CE_F97 ,18, CCU                                ,1860000000.0,277602.2
1842,CE_F97 ,19, Offset                             ,1880000000.0,55520.44
1843,CE_F98 ,1, Efficient electrical equipment     ,-430000000.0,7677.76
1844,CE_F98 ,2, Waste heat recovery                ,-420000000.0,30711.05
1845,CE_F98 ,3, Automation system                  ,-410000000.0,15355.53
1846,CE_F98 ,4, Efficient grinding system          ,-360000000.0,19194.41
1847,CE_F98 ,5, Optimising auxiliary power         ,-340000000.0,3838.88
1848,CE_F98 ,6, Increasing slag to 70% in PSC      ,-300000000.0,19194.41
1849,CE_F98 ,7, Enhancement in Kiln                ,-280000000.0,11516.64
1850,CE_F98 ,8, Heat rate reduction in CPP         ,-260000000.0,7677.76
1851,CE_F98 ,9, Improving burnability of material  ,-130000000.0,26872.17
1852,CE_F98 ,10, Burner retrofit                    ,-120000000.0,3838.88
1853,CE_F98 ,11, High efficiency clinker coolers    ,-100000000.0,11516.64
1854,CE_F98 ,12, Substitute OPC with LC3 cement     ,-80000000.0,15355.53
1855,CE_F98 ,13, Increasing fly ash to 35% in PPC   ,-70000000.0,38388.81
1856,CE_F98 ,14, Renewable energy use in electricity,180000000.0,30711.05
1857,CE_F98 ,15, Increasing TSR to 30% in kiln fuel ,420000000.0,69099.86
1858,CE_F98 ,16, CCS                                ,900000000.0,230332.88
1859,CE_F98 ,17, Decreasing clinker to 85% in OPC   ,1200000000.0,19194.41
1860,CE_F98 ,18, CCU                                ,1860000000.0,230332.88
1861,CE_F98 ,19, Offset                             ,1880000000.0,46066.58
1862,CE_F99 ,1, Efficient electrical equipment     ,-430000000.0,5071.12
1863,CE_F99 ,2, Waste heat recovery                ,-420000000.0,20284.46
1864,CE_F99 ,3, Automation system                  ,-410000000.0,10142.23
1865,CE_F99 ,4, Efficient grinding system          ,-360000000.0,12677.79
1866,CE_F99 ,5, Optimising auxiliary power         ,-340000000.0,2535.56
1867,CE_F99 ,6, Increasing slag to 70% in PSC      ,-300000000.0,12677.79
1868,CE_F99 ,7, Enhancement in Kiln                ,-280000000.0,7606.67
1869,CE_F99 ,8, Heat rate reduction in CPP         ,-260000000.0,5071.12
1870,CE_F99 ,9, Improving burnability of material  ,-130000000.0,17748.91
1871,CE_F99 ,10, Burner retrofit                    ,-120000000.0,2535.56
1872,CE_F99 ,11, High efficiency clinker coolers    ,-100000000.0,7606.67
1873,CE_F99 ,12, Substitute OPC with LC3 cement     ,-80000000.0,10142.23
1874,CE_F99 ,13, Increasing fly ash to 35% in PPC   ,-70000000.0,25355.58
1875,CE_F99 ,14, Renewable energy use in electricity,180000000.0,20284.46
1876,CE_F99 ,15, Increasing TSR to 30% in kiln fuel ,420000000.0,45640.04
1877,CE_F99 ,16, CCS                                ,900000000.0,152133.47
1878,CE_F99 ,17, Decreasing clinker to 85% in OPC   ,1200000000.0,12677.79
1879,CE_F99 ,18, CCU                                ,1860000000.0,152133.47
1880,CE_F99 ,19, Offset                             ,1880000000.0,30426.69
1881,CE_F100,1, Efficient electrical equipment     ,-430000000.0,8364.64
1882,CE_F100,2, Waste heat recovery                ,-420000000.0,33458.54
1883,CE_F100,3, Automation system                  ,-410000000.0,16729.27
1884,CE_F100,4, Efficient grinding system          ,-360000000.0,20911.59
1885,CE_F100,5, Optimising auxiliary power         ,-340000000.0,4182.32
1886,CE_F100,6, Increasing slag to 70% in PSC      ,-300000000.0,20911.59
1887,CE_F100,7, Enhancement in Kiln                ,-280000000.0,12546.95
1888,CE_F100,8, Heat rate reduction in CPP         ,-260000000.0,8364.64
1889,CE_F100,9, Improving burnability of material  ,-130000000.0,29276.22
1890,CE_F100,10, Burner retrofit                    ,-120000000.0,4182.32
1891,CE_F100,11, High efficiency clinker coolers    ,-100000000.0,12546.95
1892,CE_F100,12, Substitute OPC with LC3 cement     ,-80000000.0,16729.27
1893,CE_F100,13, Increasing fly ash to 35% in PPC   ,-70000000.0,41823.18
1894,CE_F100,14, Renewable energy use in electricity,180000000.0,33458.54
1895,CE_F100,15, Increasing TSR to 30% in kiln fuel ,420000000.0,75281.72
1896,CE_F100,16, CCS                                ,900000000.0,250939.05
1897,CE_F100,17, Decreasing clinker to 85% in OPC   ,1200000000.0,20911.59
1898,CE_F100,18, CCU                                ,1860000000.0,250939.05
1899,CE_F100,19, Offset                             ,1880000000.0,50187.81
1900,CE_F101,1, Efficient electrical equipment     ,-430000000.0,13826.29
1901,CE_F101,2, Waste heat recovery                ,-420000000.0,55305.16
1902,CE_F101,3, Automation system                  ,-410000000.0,27652.58
1903,CE_F101,4, Efficient grinding system          ,-360000000.0,34565.73
1904,CE_F101,5, Optimising auxiliary power         ,-340000000.0,6913.15
1905,CE_F101,6, Increasing slag to 70% in PSC      ,-300000000.0,34565.73
1906,CE_F101,7, Enhancement in Kiln                ,-280000000.0,20739.44
1907,CE_F101,8, Heat rate reduction in CPP         ,-260000000.0,13826.29
1908,CE_F101,9, Improving burnability of material  ,-130000000.0,48392.02
1909,CE_F101,10, Burner retrofit                    ,-120000000.0,6913.15
1910,CE_F101,11, High efficiency clinker coolers    ,-100000000.0,20739.44
1911,CE_F101,12, Substitute OPC with LC3 cement     ,-80000000.0,27652.58
1912,CE_F101,13, Increasing fly ash to 35% in PPC   ,-70000000.0,69131.45
1913,CE_F101,14, Renewable energy use in electricity,180000000.0,55305.16
1914,CE_F101,15, Increasing TSR to 30% in kiln fuel ,420000000.0,124436.62
1915,CE_F101,16, CCS                                ,900000000.0,414788.72
1916,CE_F101,17, Decreasing clinker to 85% in OPC   ,1200000000.0,34565.73
1917,CE_F101,18, CCU                                ,1860000000.0,414788.72
1918,CE_F101,19, Offset                             ,1880000000.0,82957.74
1919,CE_F102,1, Efficient electrical equipment     ,-430000000.0,14273.95
1920,CE_F102,2, Waste heat recovery                ,-420000000.0,57095.81
1921,CE_F102,3, Automation system                  ,-410000000.0,28547.91
1922,CE_F102,4, Efficient grinding system          ,-360000000.0,35684.88
1923,CE_F102,5, Optimising auxiliary power         ,-340000000.0,7136.98
1924,CE_F102,6, Increasing slag to 70% in PSC      ,-300000000.0,35684.88
1925,CE_F102,7, Enhancement in Kiln                ,-280000000.0,21410.93
1926,CE_F102,8, Heat rate reduction in CPP         ,-260000000.0,14273.95
1927,CE_F102,9, Improving burnability of material  ,-130000000.0,49958.83
1928,CE_F102,10, Burner retrofit                    ,-120000000.0,7136.98
1929,CE_F102,11, High efficiency clinker coolers    ,-100000000.0,21410.93
1930,CE_F102,12, Substitute OPC with LC3 cement     ,-80000000.0,28547.91
1931,CE_F102,13, Increasing fly ash to 35% in PPC   ,-70000000.0,71369.76
1932,CE_F102,14, Renewable energy use in electricity,180000000.0,57095.81
1933,CE_F102,15, Increasing TSR to 30% in kiln fuel ,420000000.0,128465.57
1934,CE_F102,16, CCS                                ,900000000.0,428218.58
1935,CE_F102,17, Decreasing clinker to 85% in OPC   ,1200000000.0,35684.88
1936,CE_F102,18, CCU                                ,1860000000.0,428218.58
1937,CE_F102,19, Offset                             ,1880000000.0,85643.72
1938,CE_F103,1, Efficient electrical equipment     ,-430000000.0,26344.87
1939,CE_F103,2, Waste heat recovery                ,-420000000.0,105379.47
1940,CE_F103,3, Automation system                  ,-410000000.0,52689.73
1941,CE_F103,4, Efficient grinding system          ,-360000000.0,65862.17
1942,CE_F103,5, Optimising auxiliary power         ,-340000000.0,13172.43
1943,CE_F103,6, Increasing slag to 70% in PSC      ,-300000000.0,65862.17
1944,CE_F103,7, Enhancement in Kiln                ,-280000000.0,39517.3
1945,CE_F103,8, Heat rate reduction in CPP         ,-260000000.0,26344.87
1946,CE_F103,9, Improving burnability of material  ,-130000000.0,92207.03
1947,CE_F103,10, Burner retrofit                    ,-120000000.0,13172.43
1948,CE_F103,11, High efficiency clinker coolers    ,-100000000.0,39517.3
1949,CE_F103,12, Substitute OPC with LC3 cement     ,-80000000.0,52689.73
1950,CE_F103,13, Increasing fly ash to 35% in PPC   ,-70000000.0,131724.33
1951,CE_F103,14, Renewable energy use in electricity,180000000.0,105379.47
1952,CE_F103,15, Increasing TSR to 30% in kiln fuel ,420000000.0,237103.8
1953,CE_F103,16, CCS                                ,900000000.0,790345.99
1954,CE_F103,17, Decreasing clinker to 85% in OPC   ,1200000000.0,65862.17
1955,CE_F103,18, CCU                                ,1860000000.0,790345.99
1956,CE_F103,19, Offset                             ,1880000000.0,158069.2
1957,CE_F104,1, Efficient electrical equipment     ,-430000000.0,2880.56
1958,CE_F104,2, Waste heat recovery                ,-420000000.0,11522.22
1959,CE_F104,3, Automation system                  ,-410000000.0,5761.11
1960,CE_F104,4, Efficient grinding system          ,-360000000.0,7201.39
1961,CE_F104,5, Optimising auxiliary power         ,-340000000.0,1440.28
1962,CE_F104,6, Increasing slag to 70% in PSC      ,-300000000.0,7201.39
1963,CE_F104,7, Enhancement in Kiln                ,-280000000.0,4320.83
1964,CE_F104,8, Heat rate reduction in CPP         ,-260000000.0,2880.56
1965,CE_F104,9, Improving burnability of material  ,-130000000.0,10081.94
1966,CE_F104,10, Burner retrofit                    ,-120000000.0,1440.28
1967,CE_F104,11, High efficiency clinker coolers    ,-100000000.0,4320.83
1968,CE_F104,12, Substitute OPC with LC3 cement     ,-80000000.0,5761.11
1969,CE_F104,13, Increasing fly ash to 35% in PPC   ,-70000000.0,14402.78
1970,CE_F104,14, Renewable energy use in electricity,180000000.0,9601.85
1971,CE_F104,15, Increasing TSR to 30% in kiln fuel ,420000000.0,21604.17
1972,CE_F104,16, CCS                                ,900000000.0,72013.89
1973,CE_F104,17, Decreasing clinker to 85% in OPC   ,1200000000.0,1200.23
1974,CE_F104,18, CCU                                ,1860000000.0,14402.78
1975,CE_F104,19, Offset                             ,1880000000.0,2880.56
1976,CE_F105,1, Efficient electrical equipment     ,-430000000.0,3630.05
1977,CE_F105,2, Waste heat recovery                ,-420000000.0,14520.19
1978,CE_F105,3, Automation system                  ,-410000000.0,7260.09
1979,CE_F105,4, Efficient grinding system          ,-360000000.0,9075.12
1980,CE_F105,5, Optimising auxiliary power         ,-340000000.0,1815.02
1981,CE_F105,6, Increasing slag to 70% in PSC      ,-300000000.0,9075.12
1982,CE_F105,7, Enhancement in Kiln                ,-280000000.0,5445.07
1983,CE_F105,8, Heat rate reduction in CPP         ,-260000000.0,3630.05
1984,CE_F105,9, Improving burnability of material  ,-130000000.0,12705.17
1985,CE_F105,10, Burner retrofit                    ,-120000000.0,1815.02
1986,CE_F105,11, High efficiency clinker coolers    ,-100000000.0,5445.07
1987,CE_F105,12, Substitute OPC with LC3 cement     ,-80000000.0,7260.09
1988,CE_F105,13, Increasing fly ash to 35% in PPC   ,-70000000.0,18150.24
1989,CE_F105,14, Renewable energy use in electricity,180000000.0,14520.19
1990,CE_F105,15, Increasing TSR to 30% in kiln fuel ,420000000.0,32670.43
1991,CE_F105,16, CCS                                ,900000000.0,108901.42
1992,CE_F105,17, Decreasing clinker to 85% in OPC   ,1200000000.0,9075.12
1993,CE_F105,18, CCU                                ,1860000000.0,108901.42
1994,CE_F105,19, Offset                             ,1880000000.0,21780.28
1995,CE_F106,1, Efficient electrical equipment     ,-430000000.0,12049.73
1996,CE_F106,2, Waste heat recovery                ,-420000000.0,48198.91
1997,CE_F106,3, Automation system                  ,-410000000.0,24099.45
1998,CE_F106,4, Efficient grinding system          ,-360000000.0,30124.32
1999,CE_F106,5, Optimising auxiliary power         ,-340000000.0,6024.86
2000,CE_F106,6, Increasing slag to 70% in PSC      ,-300000000.0,30124.32
2001,CE_F106,7, Enhancement in Kiln                ,-280000000.0,18074.59
2002,CE_F106,8, Heat rate reduction in CPP         ,-260000000.0,12049.73
2003,CE_F106,9, Improving burnability of material  ,-130000000.0,42174.04
2004,CE_F106,10, Burner retrofit                    ,-120000000.0,6024.86
2005,CE_F106,11, High efficiency clinker coolers    ,-100000000.0,18074.59
2006,CE_F106,12, Substitute OPC with LC3 cement     ,-80000000.0,24099.45
2007,CE_F106,13, Increasing fly ash to 35% in PPC   ,-70000000.0,60248.64
2008,CE_F106,14, Renewable energy use in electricity,180000000.0,48198.91
2009,CE_F106,15, Increasing TSR to 30% in kiln fuel ,420000000.0,108447.54
2010,CE_F106,16, CCS                                ,900000000.0,361491.81
2011,CE_F106,17, Decreasing clinker to 85% in OPC   ,1200000000.0,30124.32
2012,CE_F106,18, CCU                                ,1860000000.0,361491.81
2013,CE_F106,19, Offset                             ,1880000000.0,72298.36
2014,CE_F107,1, Efficient electrical equipment     ,-430000000.0,3559.09
2015,CE_F107,2, Waste heat recovery                ,-420000000.0,14236.34
2016,CE_F107,3, Automation system                  ,-410000000.0,7118.17
2017,CE_F107,4, Efficient grinding system          ,-360000000.0,8897.72
2018,CE_F107,5, Optimising auxiliary power         ,-340000000.0,1779.54
2019,CE_F107,6, Increasing slag to 70% in PSC      ,-300000000.0,8897.72
2020,CE_F107,7, Enhancement in Kiln                ,-280000000.0,5338.63
2021,CE_F107,8, Heat rate reduction in CPP         ,-260000000.0,3559.09
2022,CE_F107,9, Improving burnability of material  ,-130000000.0,12456.8
2023,CE_F107,10, Burner retrofit                    ,-120000000.0,1779.54
2024,CE_F107,11, High efficiency clinker coolers    ,-100000000.0,5338.63
2025,CE_F107,12, Substitute OPC with LC3 cement     ,-80000000.0,7118.17
2026,CE_F107,13, Increasing fly ash to 35% in PPC   ,-70000000.0,17795.43
2027,CE_F107,14, Renewable energy use in electricity,180000000.0,11863.62
2028,CE_F107,15, Increasing TSR to 30% in kiln fuel ,420000000.0,26693.15
2029,CE_F107,16, CCS                                ,900000000.0,88977.15
2030,CE_F107,17, Decreasing clinker to 85% in OPC   ,1200000000.0,1482.95
2031,CE_F107,18, CCU                                ,1860000000.0,17795.43
2032,CE_F107,19, Offset                             ,1880000000.0,3559.09
2033,CE_F108,1, Efficient electrical equipment     ,-430000000.0,6517.85
2034,CE_F108,2, Waste heat recovery                ,-420000000.0,26071.38
2035,CE_F108,3, Automation system                  ,-410000000.0,13035.69
2036,CE_F108,4, Efficient grinding system          ,-360000000.0,16294.61
2037,CE_F108,5, Optimising auxiliary power         ,-340000000.0,3258.92
2038,CE_F108,6, Increasing slag to 70% in PSC      ,-300000000.0,16294.61
2039,CE_F108,7, Enhancement in Kiln                ,-280000000.0,9776.77
2040,CE_F108,8, Heat rate reduction in CPP         ,-260000000.0,6517.85
2041,CE_F108,9, Improving burnability of material  ,-130000000.0,22812.46
2042,CE_F108,10, Burner retrofit                    ,-120000000.0,3258.92
2043,CE_F108,11, High efficiency clinker coolers    ,-100000000.0,9776.77
2044,CE_F108,12, Substitute OPC with LC3 cement     ,-80000000.0,13035.69
2045,CE_F108,13, Increasing fly ash to 35% in PPC   ,-70000000.0,32589.23
2046,CE_F108,14, Renewable energy use in electricity,180000000.0,26071.38
2047,CE_F108,15, Increasing TSR to 30% in kiln fuel ,420000000.0,58660.61
2048,CE_F108,16, CCS                                ,900000000.0,195535.37
2049,CE_F108,17, Decreasing clinker to 85% in OPC   ,1200000000.0,16294.61
2050,CE_F108,18, CCU                                ,1860000000.0,195535.37
2051,CE_F108,19, Offset                             ,1880000000.0,39107.07
2052,CE_F109,1, Efficient electrical equipment     ,-430000000.0,18143.04
2053,CE_F109,2, Waste heat recovery                ,-420000000.0,72572.18
2054,CE_F109,3, Automation system                  ,-410000000.0,36286.09
2055,CE_F109,4, Efficient grinding system          ,-360000000.0,45357.61
2056,CE_F109,5, Optimising auxiliary power         ,-340000000.0,9071.52
2057,CE_F109,6, Increasing slag to 70% in PSC      ,-300000000.0,45357.61
2058,CE_F109,7, Enhancement in Kiln                ,-280000000.0,27214.57
2059,CE_F109,8, Heat rate reduction in CPP         ,-260000000.0,18143.04
2060,CE_F109,9, Improving burnability of material  ,-130000000.0,63500.66
2061,CE_F109,10, Burner retrofit                    ,-120000000.0,9071.52
2062,CE_F109,11, High efficiency clinker coolers    ,-100000000.0,27214.57
2063,CE_F109,12, Substitute OPC with LC3 cement     ,-80000000.0,36286.09
2064,CE_F109,13, Increasing fly ash to 35% in PPC   ,-70000000.0,90715.22
2065,CE_F109,14, Renewable energy use in electricity,180000000.0,72572.18
2066,CE_F109,15, Increasing TSR to 30% in kiln fuel ,420000000.0,163287.4
2067,CE_F109,16, CCS                                ,900000000.0,544291.34
2068,CE_F109,17, Decreasing clinker to 85% in OPC   ,1200000000.0,45357.61
2069,CE_F109,18, CCU                                ,1860000000.0,544291.34
2070,CE_F109,19, Offset                             ,1880000000.0,108858.27
2071,CE_F110,1, Efficient electrical equipment     ,-430000000.0,4705.98
2072,CE_F110,2, Waste heat recovery                ,-420000000.0,18823.93
2073,CE_F110,3, Automation system                  ,-410000000.0,9411.96
2074,CE_F110,4, Efficient grinding system          ,-360000000.0,11764.96
2075,CE_F110,5, Optimising auxiliary power         ,-340000000.0,2352.99
2076,CE_F110,6, Increasing slag to 70% in PSC      ,-300000000.0,11764.96
2077,CE_F110,7, Enhancement in Kiln                ,-280000000.0,7058.97
2078,CE_F110,8, Heat rate reduction in CPP         ,-260000000.0,4705.98
2079,CE_F110,9, Improving burnability of material  ,-130000000.0,16470.94
2080,CE_F110,10, Burner retrofit                    ,-120000000.0,2352.99
2081,CE_F110,11, High efficiency clinker coolers    ,-100000000.0,7058.97
2082,CE_F110,12, Substitute OPC with LC3 cement     ,-80000000.0,9411.96
2083,CE_F110,13, Increasing fly ash to 35% in PPC   ,-70000000.0,23529.91
2084,CE_F110,14, Renewable energy use in electricity,180000000.0,18823.93
2085,CE_F110,15, Increasing TSR to 30% in kiln fuel ,420000000.0,42353.84
2086,CE_F110,16, CCS                                ,900000000.0,141179.47
2087,CE_F110,17, Decreasing clinker to 85% in OPC   ,1200000000.0,11764.96
2088,CE_F110,18, CCU                                ,1860000000.0,141179.47
2089,CE_F110,19, Offset                             ,1880000000.0,28235.89
2090,CE_F111,1, Efficient electrical equipment     ,-430000000.0,18722.05
2091,CE_F111,2, Waste heat recovery                ,-420000000.0,74888.19
2092,CE_F111,3, Automation system                  ,-410000000.0,37444.09
2093,CE_F111,4, Efficient grinding system          ,-360000000.0,46805.12
2094,CE_F111,5, Optimising auxiliary power         ,-340000000.0,9361.02
2095,CE_F111,6, Increasing slag to 70% in PSC      ,-300000000.0,46805.12
2096,CE_F111,7, Enhancement in Kiln                ,-280000000.0,28083.07
2097,CE_F111,8, Heat rate reduction in CPP         ,-260000000.0,18722.05
2098,CE_F111,9, Improving burnability of material  ,-130000000.0,65527.17
2099,CE_F111,10, Burner retrofit                    ,-120000000.0,9361.02
2100,CE_F111,11, High efficiency clinker coolers    ,-100000000.0,28083.07
2101,CE_F111,12, Substitute OPC with LC3 cement     ,-80000000.0,37444.09
2102,CE_F111,13, Increasing fly ash to 35% in PPC   ,-70000000.0,93610.24
2103,CE_F111,14, Renewable energy use in electricity,180000000.0,74888.19
2104,CE_F111,15, Increasing TSR to 30% in kiln fuel ,420000000.0,168498.43
2105,CE_F111,16, CCS                                ,900000000.0,561661.42
2106,CE_F111,17, Decreasing clinker to 85% in OPC   ,1200000000.0,46805.12
2107,CE_F111,18, CCU                                ,1860000000.0,561661.42
2108,CE_F111,19, Offset                             ,1880000000.0,112332.28
2109,CE_F112,1, Efficient electrical equipment     ,-430000000.0,9235.72
2110,CE_F112,2, Waste heat recovery                ,-420000000.0,36942.88
2111,CE_F112,3, Automation system                  ,-410000000.0,18471.44
2112,CE_F112,4, Efficient grinding system          ,-360000000.0,23089.3
2113,CE_F112,5, Optimising auxiliary power         ,-340000000.0,4617.86
2114,CE_F112,6, Increasing slag to 70% in PSC      ,-300000000.0,23089.3
2115,CE_F112,7, Enhancement in Kiln                ,-280000000.0,13853.58
2116,CE_F112,8, Heat rate reduction in CPP         ,-260000000.0,9235.72
2117,CE_F112,9, Improving burnability of material  ,-130000000.0,32325.02
2118,CE_F112,10, Burner retrofit                    ,-120000000.0,4617.86
2119,CE_F112,11, High efficiency clinker coolers    ,-100000000.0,13853.58
2120,CE_F112,12, Substitute OPC with LC3 cement     ,-80000000.0,18471.44
2121,CE_F112,13, Increasing fly ash to 35% in PPC   ,-70000000.0,46178.61
2122,CE_F112,14, Renewable energy use in electricity,180000000.0,36942.88
2123,CE_F112,15, Increasing TSR to 30% in kiln fuel ,420000000.0,83121.49
2124,CE_F112,16, CCS                                ,900000000.0,277071.63
2125,CE_F112,17, Decreasing clinker to 85% in OPC   ,1200000000.0,23089.3
2126,CE_F112,18, CCU                                ,1860000000.0,277071.63
2127,CE_F112,19, Offset                             ,1880000000.0,55414.33
2128,CE_F113,1, Efficient electrical equipment     ,-430000000.0,3225.76
2129,CE_F113,2, Waste heat recovery                ,-420000000.0,12903.03
2130,CE_F113,3, Automation system                  ,-410000000.0,6451.51
2131,CE_F113,4, Efficient grinding system          ,-360000000.0,8064.39
2132,CE_F113,5, Optimising auxiliary power         ,-340000000.0,1612.88
2133,CE_F113,6, Increasing slag to 70% in PSC      ,-300000000.0,8064.39
2134,CE_F113,7, Enhancement in Kiln                ,-280000000.0,4838.64
2135,CE_F113,8, Heat rate reduction in CPP         ,-260000000.0,3225.76
2136,CE_F113,9, Improving burnability of material  ,-130000000.0,11290.15
2137,CE_F113,10, Burner retrofit                    ,-120000000.0,1612.88
2138,CE_F113,11, High efficiency clinker coolers    ,-100000000.0,4838.64
2139,CE_F113,12, Substitute OPC with LC3 cement     ,-80000000.0,6451.51
2140,CE_F113,13, Increasing fly ash to 35% in PPC   ,-70000000.0,16128.78
2141,CE_F113,14, Renewable energy use in electricity,180000000.0,12903.03
2142,CE_F113,15, Increasing TSR to 30% in kiln fuel ,420000000.0,29031.81
2143,CE_F113,16, CCS                                ,900000000.0,96772.7
2144,CE_F113,17, Decreasing clinker to 85% in OPC   ,1200000000.0,8064.39
2145,CE_F113,18, CCU                                ,1860000000.0,96772.7
2146,CE_F113,19, Offset                             ,1880000000.0,19354.54
2147,CE_F114,1, Efficient electrical equipment     ,-430000000.0,18074.07
2148,CE_F114,2, Waste heat recovery                ,-420000000.0,72296.28
2149,CE_F114,3, Automation system                  ,-410000000.0,36148.14
2150,CE_F114,4, Efficient grinding system          ,-360000000.0,45185.18
2151,CE_F114,5, Optimising auxiliary power         ,-340000000.0,9037.04
2152,CE_F114,6, Increasing slag to 70% in PSC      ,-300000000.0,45185.18
2153,CE_F114,7, Enhancement in Kiln                ,-280000000.0,27111.11
2154,CE_F114,8, Heat rate reduction in CPP         ,-260000000.0,18074.07
2155,CE_F114,9, Improving burnability of material  ,-130000000.0,63259.25
2156,CE_F114,10, Burner retrofit                    ,-120000000.0,9037.04
2157,CE_F114,11, High efficiency clinker coolers    ,-100000000.0,27111.11
2158,CE_F114,12, Substitute OPC with LC3 cement     ,-80000000.0,36148.14
2159,CE_F114,13, Increasing fly ash to 35% in PPC   ,-70000000.0,90370.36
2160,CE_F114,14, Renewable energy use in electricity,180000000.0,72296.28
2161,CE_F114,15, Increasing TSR to 30% in kiln fuel ,420000000.0,162666.64
2162,CE_F114,16, CCS                                ,900000000.0,542222.14
2163,CE_F114,17, Decreasing clinker to 85% in OPC   ,1200000000.0,45185.18
2164,CE_F114,18, CCU                                ,1860000000.0,542222.14
2165,CE_F114,19, Offset                             ,1880000000.0,108444.43
2166,CE_F115,1, Efficient electrical equipment     ,-430000000.0,8774.54
2167,CE_F115,2, Waste heat recovery                ,-420000000.0,35098.16
2168,CE_F115,3, Automation system                  ,-410000000.0,17549.08
2169,CE_F115,4, Efficient grinding system          ,-360000000.0,21936.35
2170,CE_F115,5, Optimising auxiliary power         ,-340000000.0,4387.27
2171,CE_F115,6, Increasing slag to 70% in PSC      ,-300000000.0,21936.35
2172,CE_F115,7, Enhancement in Kiln                ,-280000000.0,13161.81
2173,CE_F115,8, Heat rate reduction in CPP         ,-260000000.0,8774.54
2174,CE_F115,9, Improving burnability of material  ,-130000000.0,30710.89
2175,CE_F115,10, Burner retrofit                    ,-120000000.0,4387.27
2176,CE_F115,11, High efficiency clinker coolers    ,-100000000.0,13161.81
2177,CE_F115,12, Substitute OPC with LC3 cement     ,-80000000.0,17549.08
2178,CE_F115,13, Increasing fly ash to 35% in PPC   ,-70000000.0,43872.7
2179,CE_F115,14, Renewable energy use in electricity,180000000.0,35098.16
2180,CE_F115,15, Increasing TSR to 30% in kiln fuel ,420000000.0,78970.86
2181,CE_F115,16, CCS                                ,900000000.0,263236.2
2182,CE_F115,17, Decreasing clinker to 85% in OPC   ,1200000000.0,21936.35
2183,CE_F115,18, CCU                                ,1860000000.0,263236.2
2184,CE_F115,19, Offset                             ,1880000000.0,52647.24
2185,CE_F116,1, Efficient electrical equipment     ,-430000000.0,7892.86
2186,CE_F116,2, Waste heat recovery                ,-420000000.0,31571.44
2187,CE_F116,3, Automation system                  ,-410000000.0,15785.72
2188,CE_F116,4, Efficient grinding system          ,-360000000.0,19732.15
2189,CE_F116,5, Optimising auxiliary power         ,-340000000.0,3946.43
2190,CE_F116,6, Increasing slag to 70% in PSC      ,-300000000.0,19732.15
2191,CE_F116,7, Enhancement in Kiln                ,-280000000.0,11839.29
2192,CE_F116,8, Heat rate reduction in CPP         ,-260000000.0,7892.86
2193,CE_F116,9, Improving burnability of material  ,-130000000.0,27625.01
2194,CE_F116,10, Burner retrofit                    ,-120000000.0,3946.43
2195,CE_F116,11, High efficiency clinker coolers    ,-100000000.0,11839.29
2196,CE_F116,12, Substitute OPC with LC3 cement     ,-80000000.0,15785.72
2197,CE_F116,13, Increasing fly ash to 35% in PPC   ,-70000000.0,39464.3
2198,CE_F116,14, Renewable energy use in electricity,180000000.0,31571.44
2199,CE_F116,15, Increasing TSR to 30% in kiln fuel ,420000000.0,71035.74
2200,CE_F116,16, CCS                                ,900000000.0,236785.82
2201,CE_F116,17, Decreasing clinker to 85% in OPC   ,1200000000.0,19732.15
2202,CE_F116,18, CCU                                ,1860000000.0,236785.82
2203,CE_F116,19, Offset                             ,1880000000.0,47357.16
2204,CE_F117,1, Efficient electrical equipment     ,-430000000.0,9151.19
2205,CE_F117,2, Waste heat recovery                ,-420000000.0,36604.77
2206,CE_F117,3, Automation system                  ,-410000000.0,18302.39
2207,CE_F117,4, Efficient grinding system          ,-360000000.0,22877.98
2208,CE_F117,5, Optimising auxiliary power         ,-340000000.0,4575.6
2209,CE_F117,6, Increasing slag to 70% in PSC      ,-300000000.0,22877.98
2210,CE_F117,7, Enhancement in Kiln                ,-280000000.0,13726.79
2211,CE_F117,8, Heat rate reduction in CPP         ,-260000000.0,9151.19
2212,CE_F117,9, Improving burnability of material  ,-130000000.0,32029.18
2213,CE_F117,10, Burner retrofit                    ,-120000000.0,4575.6
2214,CE_F117,11, High efficiency clinker coolers    ,-100000000.0,13726.79
2215,CE_F117,12, Substitute OPC with LC3 cement     ,-80000000.0,18302.39
2216,CE_F117,13, Increasing fly ash to 35% in PPC   ,-70000000.0,45755.96
2217,CE_F117,14, Renewable energy use in electricity,180000000.0,36604.77
2218,CE_F117,15, Increasing TSR to 30% in kiln fuel ,420000000.0,82360.74
2219,CE_F117,16, CCS                                ,900000000.0,274535.79
2220,CE_F117,17, Decreasing clinker to 85% in OPC   ,1200000000.0,22877.98
2221,CE_F117,18, CCU                                ,1860000000.0,274535.79
2222,CE_F117,19, Offset                             ,1880000000.0,54907.16
2223,CE_F118,1, Efficient electrical equipment     ,-430000000.0,3527.93
2224,CE_F118,2, Waste heat recovery                ,-420000000.0,14111.74
2225,CE_F118,3, Automation system                  ,-410000000.0,7055.87
2226,CE_F118,4, Efficient grinding system          ,-360000000.0,8819.84
2227,CE_F118,5, Optimising auxiliary power         ,-340000000.0,1763.97
2228,CE_F118,6, Increasing slag to 70% in PSC      ,-300000000.0,8819.84
2229,CE_F118,7, Enhancement in Kiln                ,-280000000.0,5291.9
2230,CE_F118,8, Heat rate reduction in CPP         ,-260000000.0,3527.93
2231,CE_F118,9, Improving burnability of material  ,-130000000.0,12347.77
2232,CE_F118,10, Burner retrofit                    ,-120000000.0,1763.97
2233,CE_F118,11, High efficiency clinker coolers    ,-100000000.0,5291.9
2234,CE_F118,12, Substitute OPC with LC3 cement     ,-80000000.0,7055.87
2235,CE_F118,13, Increasing fly ash to 35% in PPC   ,-70000000.0,17639.67
2236,CE_F118,14, Renewable energy use in electricity,180000000.0,14111.74
2237,CE_F118,15, Increasing TSR to 30% in kiln fuel ,420000000.0,31751.41
2238,CE_F118,16, CCS                                ,900000000.0,105838.04
2239,CE_F118,17, Decreasing clinker to 85% in OPC   ,1200000000.0,8819.84
2240,CE_F118,18, CCU                                ,1860000000.0,105838.04
2241,CE_F118,19, Offset                             ,1880000000.0,21167.61
2242,CE_F119,1, Efficient electrical equipment     ,-430000000.0,2276.7
2243,CE_F119,2, Waste heat recovery                ,-420000000.0,9106.78
2244,CE_F119,3, Automation system                  ,-410000000.0,4553.39
2245,CE_F119,4, Efficient grinding system          ,-360000000.0,5691.74
2246,CE_F119,5, Optimising auxiliary power         ,-340000000.0,1138.35
2247,CE_F119,6, Increasing slag to 70% in PSC      ,-300000000.0,5691.74
2248,CE_F119,7, Enhancement in Kiln                ,-280000000.0,3415.04
2249,CE_F119,8, Heat rate reduction in CPP         ,-260000000.0,2276.7
2250,CE_F119,9, Improving burnability of material  ,-130000000.0,7968.43
2251,CE_F119,10, Burner retrofit                    ,-120000000.0,1138.35
2252,CE_F119,11, High efficiency clinker coolers    ,-100000000.0,3415.04
2253,CE_F119,12, Substitute OPC with LC3 cement     ,-80000000.0,4553.39
2254,CE_F119,13, Increasing fly ash to 35% in PPC   ,-70000000.0,11383.48
2255,CE_F119,14, Renewable energy use in electricity,180000000.0,7588.99
2256,CE_F119,15, Increasing TSR to 30% in kiln fuel ,420000000.0,17075.22
2257,CE_F119,16, CCS                                ,900000000.0,56917.39
2258,CE_F119,17, Decreasing clinker to 85% in OPC   ,1200000000.0,948.62
2259,CE_F119,18, CCU                                ,1860000000.0,11383.48
2260,CE_F119,19, Offset                             ,1880000000.0,2276.7
2261,CE_F120,1, Efficient electrical equipment     ,-430000000.0,86857.88
2262,CE_F120,2, Waste heat recovery                ,-420000000.0,347431.5
2263,CE_F120,3, Automation system                  ,-410000000.0,173715.75
2264,CE_F120,4, Efficient grinding system          ,-360000000.0,217144.69
2265,CE_F120,5, Optimising auxiliary power         ,-340000000.0,43428.94
2266,CE_F120,6, Increasing slag to 70% in PSC      ,-300000000.0,217144.69
2267,CE_F120,7, Enhancement in Kiln                ,-280000000.0,130286.81
2268,CE_F120,8, Heat rate reduction in CPP         ,-260000000.0,86857.88
2269,CE_F120,9, Improving burnability of material  ,-130000000.0,304002.56
2270,CE_F120,10, Burner retrofit                    ,-120000000.0,43428.94
2271,CE_F120,11, High efficiency clinker coolers    ,-100000000.0,130286.81
2272,CE_F120,12, Substitute OPC with LC3 cement     ,-80000000.0,173715.75
2273,CE_F120,13, Increasing fly ash to 35% in PPC   ,-70000000.0,434289.38
2274,CE_F120,14, Renewable energy use in electricity,180000000.0,347431.5
2275,CE_F120,15, Increasing TSR to 30% in kiln fuel ,420000000.0,781720.88
2276,CE_F120,16, CCS                                ,900000000.0,2605736.26
2277,CE_F120,17, Decreasing clinker to 85% in OPC   ,1200000000.0,217144.69
2278,CE_F120,18, CCU                                ,1860000000.0,2605736.26
2279,CE_F120,19, Offset                             ,1880000000.0,521147.25
2280,CE_F121,1, Efficient electrical equipment     ,-430000000.0,50233.34
2281,CE_F121,2, Waste heat recovery                ,-420000000.0,200933.34
2282,CE_F121,3, Automation system                  ,-410000000.0,100466.67
2283,CE_F121,4, Efficient grinding system          ,-360000000.0,125583.34
2284,CE_F121,5, Optimising auxiliary power         ,-340000000.0,25116.67
2285,CE_F121,6, Increasing slag to 70% in PSC      ,-300000000.0,125583.34
2286,CE_F121,7, Enhancement in Kiln                ,-280000000.0,75350.0
2287,CE_F121,8, Heat rate reduction in CPP         ,-260000000.0,50233.34
2288,CE_F121,9, Improving burnability of material  ,-130000000.0,175816.67
2289,CE_F121,10, Burner retrofit                    ,-120000000.0,25116.67
2290,CE_F121,11, High efficiency clinker coolers    ,-100000000.0,75350.0
2291,CE_F121,12, Substitute OPC with LC3 cement     ,-80000000.0,100466.67
2292,CE_F121,13, Increasing fly ash to 35% in PPC   ,-70000000.0,251166.68
2293,CE_F121,14, Renewable energy use in electricity,180000000.0,200933.34
2294,CE_F121,15, Increasing TSR to 30% in kiln fuel ,420000000.0,452100.02
2295,CE_F121,16, CCS                                ,900000000.0,1507000.06
2296,CE_F121,17, Decreasing clinker to 85% in OPC   ,1200000000.0,125583.34
2297,CE_F121,18, CCU                                ,1860000000.0,1507000.06
2298,CE_F121,19, Offset                             ,1880000000.0,301400.01
2299,CE_F122,1, Efficient electrical equipment     ,-430000000.0,43957.06
2300,CE_F122,2, Waste heat recovery                ,-420000000.0,175828.25
2301,CE_F122,3, Automation system                  ,-410000000.0,87914.12
2302,CE_F122,4, Efficient grinding system          ,-360000000.0,109892.66
2303,CE_F122,5, Optimising auxiliary power         ,-340000000.0,21978.53
2304,CE_F122,6, Increasing slag to 70% in PSC      ,-300000000.0,109892.66
2305,CE_F122,7, Enhancement in Kiln                ,-280000000.0,65935.59
2306,CE_F122,8, Heat rate reduction in CPP         ,-260000000.0,43957.06
2307,CE_F122,9, Improving burnability of material  ,-130000000.0,153849.72
2308,CE_F122,10, Burner retrofit                    ,-120000000.0,21978.53
2309,CE_F122,11, High efficiency clinker coolers    ,-100000000.0,65935.59
2310,CE_F122,12, Substitute OPC with LC3 cement     ,-80000000.0,87914.12
2311,CE_F122,13, Increasing fly ash to 35% in PPC   ,-70000000.0,219785.31
2312,CE_F122,14, Renewable energy use in electricity,180000000.0,175828.25
2313,CE_F122,15, Increasing TSR to 30% in kiln fuel ,420000000.0,395613.56
2314,CE_F122,16, CCS                                ,900000000.0,1318711.87
2315,CE_F122,17, Decreasing clinker to 85% in OPC   ,1200000000.0,109892.66
2316,CE_F122,18, CCU                                ,1860000000.0,1318711.87
2317,CE_F122,19, Offset                             ,1880000000.0,263742.37
2318,CE_F123,1, Efficient electrical equipment     ,-430000000.0,15489.18
2319,CE_F123,2, Waste heat recovery                ,-420000000.0,61956.7
2320,CE_F123,3, Automation system                  ,-410000000.0,30978.35
2321,CE_F123,4, Efficient grinding system          ,-360000000.0,38722.94
2322,CE_F123,5, Optimising auxiliary power         ,-340000000.0,7744.59
2323,CE_F123,6, Increasing slag to 70% in PSC      ,-300000000.0,38722.94
2324,CE_F123,7, Enhancement in Kiln                ,-280000000.0,23233.76
2325,CE_F123,8, Heat rate reduction in CPP         ,-260000000.0,15489.18
2326,CE_F123,9, Improving burnability of material  ,-130000000.0,54212.11
2327,CE_F123,10, Burner retrofit                    ,-120000000.0,7744.59
2328,CE_F123,11, High efficiency clinker coolers    ,-100000000.0,23233.76
2329,CE_F123,12, Substitute OPC with LC3 cement     ,-80000000.0,30978.35
2330,CE_F123,13, Increasing fly ash to 35% in PPC   ,-70000000.0,77445.88
2331,CE_F123,14, Renewable energy use in electricity,180000000.0,61956.7
2332,CE_F123,15, Increasing TSR to 30% in kiln fuel ,420000000.0,139402.58
2333,CE_F123,16, CCS                                ,900000000.0,464675.25
2334,CE_F123,17, Decreasing clinker to 85% in OPC   ,1200000000.0,38722.94
2335,CE_F123,18, CCU                                ,1860000000.0,464675.25
2336,CE_F123,19, Offset                             ,1880000000.0,92935.05
2337,CE_F124,1, Efficient electrical equipment     ,-430000000.0,7174.59
2338,CE_F124,2, Waste heat recovery                ,-420000000.0,28698.37
2339,CE_F124,3, Automation system                  ,-410000000.0,14349.19
2340,CE_F124,4, Efficient grinding system          ,-360000000.0,17936.48
2341,CE_F124,5, Optimising auxiliary power         ,-340000000.0,3587.3
2342,CE_F124,6, Increasing slag to 70% in PSC      ,-300000000.0,17936.48
2343,CE_F124,7, Enhancement in Kiln                ,-280000000.0,10761.89
2344,CE_F124,8, Heat rate reduction in CPP         ,-260000000.0,7174.59
2345,CE_F124,9, Improving burnability of material  ,-130000000.0,25111.08
2346,CE_F124,10, Burner retrofit                    ,-120000000.0,3587.3
2347,CE_F124,11, High efficiency clinker coolers    ,-100000000.0,10761.89
2348,CE_F124,12, Substitute OPC with LC3 cement     ,-80000000.0,14349.19
2349,CE_F124,13, Increasing fly ash to 35% in PPC   ,-70000000.0,35872.97
2350,CE_F124,14, Renewable energy use in electricity,180000000.0,28698.37
2351,CE_F124,15, Increasing TSR to 30% in kiln fuel ,420000000.0,64571.34
2352,CE_F124,16, CCS                                ,900000000.0,215237.8
2353,CE_F124,17, Decreasing clinker to 85% in OPC   ,1200000000.0,17936.48
2354,CE_F124,18, CCU                                ,1860000000.0,215237.8
2355,CE_F124,19, Offset                             ,1880000000.0,43047.56
2356,CE_F125,1, Efficient electrical equipment     ,-430000000.0,12135.99
2357,CE_F125,2, Waste heat recovery                ,-420000000.0,48543.98
2358,CE_F125,3, Automation system                  ,-410000000.0,24271.99
2359,CE_F125,4, Efficient grinding system          ,-360000000.0,30339.99
2360,CE_F125,5, Optimising auxiliary power         ,-340000000.0,6068.0
2361,CE_F125,6, Increasing slag to 70% in PSC      ,-300000000.0,30339.99
2362,CE_F125,7, Enhancement in Kiln                ,-280000000.0,18203.99
2363,CE_F125,8, Heat rate reduction in CPP         ,-260000000.0,12135.99
2364,CE_F125,9, Improving burnability of material  ,-130000000.0,42475.98
2365,CE_F125,10, Burner retrofit                    ,-120000000.0,6068.0
2366,CE_F125,11, High efficiency clinker coolers    ,-100000000.0,18203.99
2367,CE_F125,12, Substitute OPC with LC3 cement     ,-80000000.0,24271.99
2368,CE_F125,13, Increasing fly ash to 35% in PPC   ,-70000000.0,60679.97
2369,CE_F125,14, Renewable energy use in electricity,180000000.0,48543.98
2370,CE_F125,15, Increasing TSR to 30% in kiln fuel ,420000000.0,109223.95
2371,CE_F125,16, CCS                                ,900000000.0,364079.82
2372,CE_F125,17, Decreasing clinker to 85% in OPC   ,1200000000.0,30339.99
2373,CE_F125,18, CCU                                ,1860000000.0,364079.82
2374,CE_F125,19, Offset                             ,1880000000.0,72815.96
2375,CE_F126,1, Efficient electrical equipment     ,-430000000.0,7343.62
2376,CE_F126,2, Waste heat recovery                ,-420000000.0,29374.48
2377,CE_F126,3, Automation system                  ,-410000000.0,14687.24
2378,CE_F126,4, Efficient grinding system          ,-360000000.0,18359.05
2379,CE_F126,5, Optimising auxiliary power         ,-340000000.0,3671.81
2380,CE_F126,6, Increasing slag to 70% in PSC      ,-300000000.0,18359.05
2381,CE_F126,7, Enhancement in Kiln                ,-280000000.0,11015.43
2382,CE_F126,8, Heat rate reduction in CPP         ,-260000000.0,7343.62
2383,CE_F126,9, Improving burnability of material  ,-130000000.0,25702.67
2384,CE_F126,10, Burner retrofit                    ,-120000000.0,3671.81
2385,CE_F126,11, High efficiency clinker coolers    ,-100000000.0,11015.43
2386,CE_F126,12, Substitute OPC with LC3 cement     ,-80000000.0,14687.24
2387,CE_F126,13, Increasing fly ash to 35% in PPC   ,-70000000.0,36718.1
2388,CE_F126,14, Renewable energy use in electricity,180000000.0,29374.48
2389,CE_F126,15, Increasing TSR to 30% in kiln fuel ,420000000.0,66092.58
2390,CE_F126,16, CCS                                ,900000000.0,220308.61
2391,CE_F126,17, Decreasing clinker to 85% in OPC   ,1200000000.0,18359.05
2392,CE_F126,18, CCU                                ,1860000000.0,220308.61
2393,CE_F126,19, Offset                             ,1880000000.0,44061.72
2394,CE_F127,1, Efficient electrical equipment     ,-430000000.0,15227.64
2395,CE_F127,2, Waste heat recovery                ,-420000000.0,60910.58
2396,CE_F127,3, Automation system                  ,-410000000.0,30455.29
2397,CE_F127,4, Efficient grinding system          ,-360000000.0,38069.11
2398,CE_F127,5, Optimising auxiliary power         ,-340000000.0,7613.82
2399,CE_F127,6, Increasing slag to 70% in PSC      ,-300000000.0,38069.11
2400,CE_F127,7, Enhancement in Kiln                ,-280000000.0,22841.47
2401,CE_F127,8, Heat rate reduction in CPP         ,-260000000.0,15227.64
2402,CE_F127,9, Improving burnability of material  ,-130000000.0,53296.75
2403,CE_F127,10, Burner retrofit                    ,-120000000.0,7613.82
2404,CE_F127,11, High efficiency clinker coolers    ,-100000000.0,22841.47
2405,CE_F127,12, Substitute OPC with LC3 cement     ,-80000000.0,30455.29
2406,CE_F127,13, Increasing fly ash to 35% in PPC   ,-70000000.0,76138.22
2407,CE_F127,14, Renewable energy use in electricity,180000000.0,60910.58
2408,CE_F127,15, Increasing TSR to 30% in kiln fuel ,420000000.0,137048.8
2409,CE_F127,16, CCS                                ,900000000.0,456829.32
2410,CE_F127,17, Decreasing clinker to 85% in OPC   ,1200000000.0,38069.11
2411,CE_F127,18, CCU                                ,1860000000.0,456829.32
2412,CE_F127,19, Offset                             ,1880000000.0,91365.86
2413,CE_F128,1, Efficient electrical equipment     ,-430000000.0,17910.18
2414,CE_F128,2, Waste heat recovery                ,-420000000.0,71640.74
2415,CE_F128,3, Automation system                  ,-410000000.0,35820.37
2416,CE_F128,4, Efficient grinding system          ,-360000000.0,44775.46
2417,CE_F128,5, Optimising auxiliary power         ,-340000000.0,8955.09
2418,CE_F128,6, Increasing slag to 70% in PSC      ,-300000000.0,44775.46
2419,CE_F128,7, Enhancement in Kiln                ,-280000000.0,26865.28
2420,CE_F128,8, Heat rate reduction in CPP         ,-260000000.0,17910.18
2421,CE_F128,9, Improving burnability of material  ,-130000000.0,62685.64
2422,CE_F128,10, Burner retrofit                    ,-120000000.0,8955.09
2423,CE_F128,11, High efficiency clinker coolers    ,-100000000.0,26865.28
2424,CE_F128,12, Substitute OPC with LC3 cement     ,-80000000.0,35820.37
2425,CE_F128,13, Increasing fly ash to 35% in PPC   ,-70000000.0,89550.92
2426,CE_F128,14, Renewable energy use in electricity,180000000.0,71640.74
2427,CE_F128,15, Increasing TSR to 30% in kiln fuel ,420000000.0,161191.66
2428,CE_F128,16, CCS                                ,900000000.0,537305.52
2429,CE_F128,17, Decreasing clinker to 85% in OPC   ,1200000000.0,44775.46
2430,CE_F128,18, CCU                                ,1860000000.0,537305.52
2431,CE_F128,19, Offset                             ,1880000000.0,107461.1
2432,CE_F129,1, Efficient electrical equipment     ,-430000000.0,3863.1
2433,CE_F129,2, Waste heat recovery                ,-420000000.0,15452.39
2434,CE_F129,3, Automation system                  ,-410000000.0,7726.2
2435,CE_F129,4, Efficient grinding system          ,-360000000.0,9657.74
2436,CE_F129,5, Optimising auxiliary power         ,-340000000.0,1931.55
2437,CE_F129,6, Increasing slag to 70% in PSC      ,-300000000.0,9657.74
2438,CE_F129,7, Enhancement in Kiln                ,-280000000.0,5794.65
2439,CE_F129,8, Heat rate reduction in CPP         ,-260000000.0,3863.1
2440,CE_F129,9, Improving burnability of material  ,-130000000.0,13520.84
2441,CE_F129,10, Burner retrofit                    ,-120000000.0,1931.55
2442,CE_F129,11, High efficiency clinker coolers    ,-100000000.0,5794.65
2443,CE_F129,12, Substitute OPC with LC3 cement     ,-80000000.0,7726.2
2444,CE_F129,13, Increasing fly ash to 35% in PPC   ,-70000000.0,19315.49
2445,CE_F129,14, Renewable energy use in electricity,180000000.0,15452.39
2446,CE_F129,15, Increasing TSR to 30% in kiln fuel ,420000000.0,34767.88
2447,CE_F129,16, CCS                                ,900000000.0,115892.94
2448,CE_F129,17, Decreasing clinker to 85% in OPC   ,1200000000.0,9657.74
2449,CE_F129,18, CCU                                ,1860000000.0,115892.94
2450,CE_F129,19, Offset                             ,1880000000.0,23178.59
2451,CE_F130,1, Efficient electrical equipment     ,-430000000.0,3790.89
2452,CE_F130,2, Waste heat recovery                ,-420000000.0,15163.56
2453,CE_F130,3, Automation system                  ,-410000000.0,7581.78
2454,CE_F130,4, Efficient grinding system          ,-360000000.0,9477.23
2455,CE_F130,5, Optimising auxiliary power         ,-340000000.0,1895.45
2456,CE_F130,6, Increasing slag to 70% in PSC      ,-300000000.0,9477.23
2457,CE_F130,7, Enhancement in Kiln                ,-280000000.0,5686.34
2458,CE_F130,8, Heat rate reduction in CPP         ,-260000000.0,3790.89
2459,CE_F130,9, Improving burnability of material  ,-130000000.0,13268.12
2460,CE_F130,10, Burner retrofit                    ,-120000000.0,1895.45
2461,CE_F130,11, High efficiency clinker coolers    ,-100000000.0,5686.34
2462,CE_F130,12, Substitute OPC with LC3 cement     ,-80000000.0,7581.78
2463,CE_F130,13, Increasing fly ash to 35% in PPC   ,-70000000.0,18954.45
2464,CE_F130,14, Renewable energy use in electricity,180000000.0,15163.56
2465,CE_F130,15, Increasing TSR to 30% in kiln fuel ,420000000.0,34118.01
2466,CE_F130,16, CCS                                ,900000000.0,113726.71
2467,CE_F130,17, Decreasing clinker to 85% in OPC   ,1200000000.0,9477.23
2468,CE_F130,18, CCU                                ,1860000000.0,113726.71
2469,CE_F130,19, Offset                             ,1880000000.0,22745.34
2470,CE_F131,1, Efficient electrical equipment     ,-430000000.0,9242.89
2471,CE_F131,2, Waste heat recovery                ,-420000000.0,36971.56
2472,CE_F131,3, Automation system                  ,-410000000.0,18485.78
2473,CE_F131,4, Efficient grinding system          ,-360000000.0,23107.23
2474,CE_F131,5, Optimising auxiliary power         ,-340000000.0,4621.45
2475,CE_F131,6, Increasing slag to 70% in PSC      ,-300000000.0,23107.23
2476,CE_F131,7, Enhancement in Kiln                ,-280000000.0,13864.34
2477,CE_F131,8, Heat rate reduction in CPP         ,-260000000.0,9242.89
2478,CE_F131,9, Improving burnability of material  ,-130000000.0,32350.12
2479,CE_F131,10, Burner retrofit                    ,-120000000.0,4621.45
2480,CE_F131,11, High efficiency clinker coolers    ,-100000000.0,13864.34
2481,CE_F131,12, Substitute OPC with LC3 cement     ,-80000000.0,18485.78
2482,CE_F131,13, Increasing fly ash to 35% in PPC   ,-70000000.0,46214.45
2483,CE_F131,14, Renewable energy use in electricity,180000000.0,36971.56
2484,CE_F131,15, Increasing TSR to 30% in kiln fuel ,420000000.0,83186.01
2485,CE_F131,16, CCS                                ,900000000.0,277286.71
2486,CE_F131,17, Decreasing clinker to 85% in OPC   ,1200000000.0,23107.23
2487,CE_F131,18, CCU                                ,1860000000.0,277286.71
2488,CE_F131,19, Offset                             ,1880000000.0,55457.34
2489,CE_F132,1, Efficient electrical equipment     ,-430000000.0,8533.63
2490,CE_F132,2, Waste heat recovery                ,-420000000.0,34134.5
2491,CE_F132,3, Automation system                  ,-410000000.0,17067.25
2492,CE_F132,4, Efficient grinding system          ,-360000000.0,21334.07
2493,CE_F132,5, Optimising auxiliary power         ,-340000000.0,4266.81
2494,CE_F132,6, Increasing slag to 70% in PSC      ,-300000000.0,21334.07
2495,CE_F132,7, Enhancement in Kiln                ,-280000000.0,12800.44
2496,CE_F132,8, Heat rate reduction in CPP         ,-260000000.0,8533.63
2497,CE_F132,9, Improving burnability of material  ,-130000000.0,29867.69
2498,CE_F132,10, Burner retrofit                    ,-120000000.0,4266.81
2499,CE_F132,11, High efficiency clinker coolers    ,-100000000.0,12800.44
2500,CE_F132,12, Substitute OPC with LC3 cement     ,-80000000.0,17067.25
2501,CE_F132,13, Increasing fly ash to 35% in PPC   ,-70000000.0,42668.13
2502,CE_F132,14, Renewable energy use in electricity,180000000.0,34134.5
2503,CE_F132,15, Increasing TSR to 30% in kiln fuel ,420000000.0,76802.64
2504,CE_F132,16, CCS                                ,900000000.0,256008.78
2505,CE_F132,17, Decreasing clinker to 85% in OPC   ,1200000000.0,21334.07
2506,CE_F132,18, CCU                                ,1860000000.0,256008.78
2507,CE_F132,19, Offset                             ,1880000000.0,51201.76
2508,CE_F133,1, Efficient electrical equipment     ,-430000000.0,7301.21
2509,CE_F133,2, Waste heat recovery                ,-420000000.0,29204.84
2510,CE_F133,3, Automation system                  ,-410000000.0,14602.42
2511,CE_F133,4, Efficient grinding system          ,-360000000.0,18253.03
2512,CE_F133,5, Optimising auxiliary power         ,-340000000.0,3650.61
2513,CE_F133,6, Increasing slag to 70% in PSC      ,-300000000.0,18253.03
2514,CE_F133,7, Enhancement in Kiln                ,-280000000.0,10951.82
2515,CE_F133,8, Heat rate reduction in CPP         ,-260000000.0,7301.21
2516,CE_F133,9, Improving burnability of material  ,-130000000.0,25554.24
2517,CE_F133,10, Burner retrofit                    ,-120000000.0,3650.61
2518,CE_F133,11, High efficiency clinker coolers    ,-100000000.0,10951.82
2519,CE_F133,12, Substitute OPC with LC3 cement     ,-80000000.0,14602.42
2520,CE_F133,13, Increasing fly ash to 35% in PPC   ,-70000000.0,36506.05
2521,CE_F133,14, Renewable energy use in electricity,180000000.0,29204.84
2522,CE_F133,15, Increasing TSR to 30% in kiln fuel ,420000000.0,65710.9
2523,CE_F133,16, CCS                                ,900000000.0,219036.32
2524,CE_F133,17, Decreasing clinker to 85% in OPC   ,1200000000.0,18253.03
2525,CE_F133,18, CCU                                ,1860000000.0,219036.32
2526,CE_F133,19, Offset                             ,1880000000.0,43807.26
2527,CE_F134,1, Efficient electrical equipment     ,-430000000.0,8315.34
2528,CE_F134,2, Waste heat recovery                ,-420000000.0,33261.36
2529,CE_F134,3, Automation system                  ,-410000000.0,16630.68
2530,CE_F134,4, Efficient grinding system          ,-360000000.0,20788.35
2531,CE_F134,5, Optimising auxiliary power         ,-340000000.0,4157.67
2532,CE_F134,6, Increasing slag to 70% in PSC      ,-300000000.0,20788.35
2533,CE_F134,7, Enhancement in Kiln                ,-280000000.0,12473.01
2534,CE_F134,8, Heat rate reduction in CPP         ,-260000000.0,8315.34
2535,CE_F134,9, Improving burnability of material  ,-130000000.0,29103.69
2536,CE_F134,10, Burner retrofit                    ,-120000000.0,4157.67
2537,CE_F134,11, High efficiency clinker coolers    ,-100000000.0,12473.01
2538,CE_F134,12, Substitute OPC with LC3 cement     ,-80000000.0,16630.68
2539,CE_F134,13, Increasing fly ash to 35% in PPC   ,-70000000.0,41576.71
2540,CE_F134,14, Renewable energy use in electricity,180000000.0,33261.36
2541,CE_F134,15, Increasing TSR to 30% in kiln fuel ,420000000.0,74838.07
2542,CE_F134,16, CCS                                ,900000000.0,249460.24
2543,CE_F134,17, Decreasing clinker to 85% in OPC   ,1200000000.0,20788.35
2544,CE_F134,18, CCU                                ,1860000000.0,249460.24
2545,CE_F134,19, Offset                             ,1880000000.0,49892.05
2546,CE_F135,1, Efficient electrical equipment     ,-430000000.0,16542.81
2547,CE_F135,2, Waste heat recovery                ,-420000000.0,66171.25
2548,CE_F135,3, Automation system                  ,-410000000.0,33085.63
2549,CE_F135,4, Efficient grinding system          ,-360000000.0,41357.03
2550,CE_F135,5, Optimising auxiliary power         ,-340000000.0,8271.41
2551,CE_F135,6, Increasing slag to 70% in PSC      ,-300000000.0,41357.03
2552,CE_F135,7, Enhancement in Kiln                ,-280000000.0,24814.22
2553,CE_F135,8, Heat rate reduction in CPP         ,-260000000.0,16542.81
2554,CE_F135,9, Improving burnability of material  ,-130000000.0,57899.85
2555,CE_F135,10, Burner retrofit                    ,-120000000.0,8271.41
2556,CE_F135,11, High efficiency clinker coolers    ,-100000000.0,24814.22
2557,CE_F135,12, Substitute OPC with LC3 cement     ,-80000000.0,33085.63
2558,CE_F135,13, Increasing fly ash to 35% in PPC   ,-70000000.0,82714.07
2559,CE_F135,14, Renewable energy use in electricity,180000000.0,66171.25
2560,CE_F135,15, Increasing TSR to 30% in kiln fuel ,420000000.0,148885.32
2561,CE_F135,16, CCS                                ,900000000.0,496284.39
2562,CE_F135,17, Decreasing clinker to 85% in OPC   ,1200000000.0,41357.03
2563,CE_F135,18, CCU                                ,1860000000.0,496284.39
2564,CE_F135,19, Offset                             ,1880000000.0,99256.88
2565,CE_F136,1, Efficient electrical equipment     ,-430000000.0,11453.12
2566,CE_F136,2, Waste heat recovery                ,-420000000.0,45812.46
2567,CE_F136,3, Automation system                  ,-410000000.0,22906.23
2568,CE_F136,4, Efficient grinding system          ,-360000000.0,28632.79
2569,CE_F136,5, Optimising auxiliary power         ,-340000000.0,5726.56
2570,CE_F136,6, Increasing slag to 70% in PSC      ,-300000000.0,28632.79
2571,CE_F136,7, Enhancement in Kiln                ,-280000000.0,17179.67
2572,CE_F136,8, Heat rate reduction in CPP         ,-260000000.0,11453.12
2573,CE_F136,9, Improving burnability of material  ,-130000000.0,40085.91
2574,CE_F136,10, Burner retrofit                    ,-120000000.0,5726.56
2575,CE_F136,11, High efficiency clinker coolers    ,-100000000.0,17179.67
2576,CE_F136,12, Substitute OPC with LC3 cement     ,-80000000.0,22906.23
2577,CE_F136,13, Increasing fly ash to 35% in PPC   ,-70000000.0,57265.58
2578,CE_F136,14, Renewable energy use in electricity,180000000.0,45812.46
2579,CE_F136,15, Increasing TSR to 30% in kiln fuel ,420000000.0,103078.04
2580,CE_F136,16, CCS                                ,900000000.0,343593.47
2581,CE_F136,17, Decreasing clinker to 85% in OPC   ,1200000000.0,28632.79
2582,CE_F136,18, CCU                                ,1860000000.0,343593.47
2583,CE_F136,19, Offset                             ,1880000000.0,68718.69
2584,CE_F137,1, Efficient electrical equipment     ,-430000000.0,17417.41
2585,CE_F137,2, Waste heat recovery                ,-420000000.0,69669.63
2586,CE_F137,3, Automation system                  ,-410000000.0,34834.81
2587,CE_F137,4, Efficient grinding system          ,-360000000.0,43543.52
2588,CE_F137,5, Optimising auxiliary power         ,-340000000.0,8708.7
2589,CE_F137,6, Increasing slag to 70% in PSC      ,-300000000.0,43543.52
2590,CE_F137,7, Enhancement in Kiln                ,-280000000.0,26126.11
2591,CE_F137,8, Heat rate reduction in CPP         ,-260000000.0,17417.41
2592,CE_F137,9, Improving burnability of material  ,-130000000.0,60960.92
2593,CE_F137,10, Burner retrofit                    ,-120000000.0,8708.7
2594,CE_F137,11, High efficiency clinker coolers    ,-100000000.0,26126.11
2595,CE_F137,12, Substitute OPC with LC3 cement     ,-80000000.0,34834.81
2596,CE_F137,13, Increasing fly ash to 35% in PPC   ,-70000000.0,87087.03
2597,CE_F137,14, Renewable energy use in electricity,180000000.0,69669.63
2598,CE_F137,15, Increasing TSR to 30% in kiln fuel ,420000000.0,156756.66
2599,CE_F137,16, CCS                                ,900000000.0,522522.2
2600,CE_F137,17, Decreasing clinker to 85% in OPC   ,1200000000.0,43543.52
2601,CE_F137,18, CCU                                ,1860000000.0,522522.2
2602,CE_F137,19, Offset                             ,1880000000.0,104504.44
2603,CE_F138,1, Efficient electrical equipment     ,-430000000.0,12979.41
2604,CE_F138,2, Waste heat recovery                ,-420000000.0,51917.65
2605,CE_F138,3, Automation system                  ,-410000000.0,25958.82
2606,CE_F138,4, Efficient grinding system          ,-360000000.0,32448.53
2607,CE_F138,5, Optimising auxiliary power         ,-340000000.0,6489.71
2608,CE_F138,6, Increasing slag to 70% in PSC      ,-300000000.0,32448.53
2609,CE_F138,7, Enhancement in Kiln                ,-280000000.0,19469.12
2610,CE_F138,8, Heat rate reduction in CPP         ,-260000000.0,12979.41
2611,CE_F138,9, Improving burnability of material  ,-130000000.0,45427.94
2612,CE_F138,10, Burner retrofit                    ,-120000000.0,6489.71
2613,CE_F138,11, High efficiency clinker coolers    ,-100000000.0,19469.12
2614,CE_F138,12, Substitute OPC with LC3 cement     ,-80000000.0,25958.82
2615,CE_F138,13, Increasing fly ash to 35% in PPC   ,-70000000.0,64897.06
2616,CE_F138,14, Renewable energy use in electricity,180000000.0,51917.65
2617,CE_F138,15, Increasing TSR to 30% in kiln fuel ,420000000.0,116814.71
2618,CE_F138,16, CCS                                ,900000000.0,389382.37
2619,CE_F138,17, Decreasing clinker to 85% in OPC   ,1200000000.0,32448.53
2620,CE_F138,18, CCU                                ,1860000000.0,389382.37
2621,CE_F138,19, Offset                             ,1880000000.0,77876.47
2622,CE_F139,1, Efficient electrical equipment     ,-430000000.0,16064.93
2623,CE_F139,2, Waste heat recovery                ,-420000000.0,64259.73
2624,CE_F139,3, Automation system                  ,-410000000.0,32129.86
2625,CE_F139,4, Efficient grinding system          ,-360000000.0,40162.33
2626,CE_F139,5, Optimising auxiliary power         ,-340000000.0,8032.47
2627,CE_F139,6, Increasing slag to 70% in PSC      ,-300000000.0,40162.33
2628,CE_F139,7, Enhancement in Kiln                ,-280000000.0,24097.4
2629,CE_F139,8, Heat rate reduction in CPP         ,-260000000.0,16064.93
2630,CE_F139,9, Improving burnability of material  ,-130000000.0,56227.26
2631,CE_F139,10, Burner retrofit                    ,-120000000.0,8032.47
2632,CE_F139,11, High efficiency clinker coolers    ,-100000000.0,24097.4
2633,CE_F139,12, Substitute OPC with LC3 cement     ,-80000000.0,32129.86
2634,CE_F139,13, Increasing fly ash to 35% in PPC   ,-70000000.0,80324.66
2635,CE_F139,14, Renewable energy use in electricity,180000000.0,64259.73
2636,CE_F139,15, Increasing TSR to 30% in kiln fuel ,420000000.0,144584.39
2637,CE_F139,16, CCS                                ,900000000.0,481947.95
2638,CE_F139,17, Decreasing clinker to 85% in OPC   ,1200000000.0,40162.33
2639,CE_F139,18, CCU                                ,1860000000.0,481947.95
2640,CE_F139,19, Offset                             ,1880000000.0,96389.59
2641,CE_F140,1, Efficient electrical equipment     ,-430000000.0,9653.29
2642,CE_F140,2, Waste heat recovery                ,-420000000.0,38613.18
2643,CE_F140,3, Automation system                  ,-410000000.0,19306.59
2644,CE_F140,4, Efficient grinding system          ,-360000000.0,24133.23
2645,CE_F140,5, Optimising auxiliary power         ,-340000000.0,4826.65
2646,CE_F140,6, Increasing slag to 70% in PSC      ,-300000000.0,24133.23
2647,CE_F140,7, Enhancement in Kiln                ,-280000000.0,14479.94
2648,CE_F140,8, Heat rate reduction in CPP         ,-260000000.0,9653.29
2649,CE_F140,9, Improving burnability of material  ,-130000000.0,33786.53
2650,CE_F140,10, Burner retrofit                    ,-120000000.0,4826.65
2651,CE_F140,11, High efficiency clinker coolers    ,-100000000.0,14479.94
2652,CE_F140,12, Substitute OPC with LC3 cement     ,-80000000.0,19306.59
2653,CE_F140,13, Increasing fly ash to 35% in PPC   ,-70000000.0,48266.47
2654,CE_F140,14, Renewable energy use in electricity,180000000.0,38613.18
2655,CE_F140,15, Increasing TSR to 30% in kiln fuel ,420000000.0,86879.64
2656,CE_F140,16, CCS                                ,900000000.0,289598.81
2657,CE_F140,17, Decreasing clinker to 85% in OPC   ,1200000000.0,24133.23
2658,CE_F140,18, CCU                                ,1860000000.0,289598.81
2659,CE_F140,19, Offset                             ,1880000000.0,57919.76
2660,CE_F141,1, Efficient electrical equipment     ,-430000000.0,9860.74
2661,CE_F141,2, Waste heat recovery                ,-420000000.0,39442.97
2662,CE_F141,3, Automation system                  ,-410000000.0,19721.48
2663,CE_F141,4, Efficient grinding system          ,-360000000.0,24651.85
2664,CE_F141,5, Optimising auxiliary power         ,-340000000.0,4930.37
2665,CE_F141,6, Increasing slag to 70% in PSC      ,-300000000.0,24651.85
2666,CE_F141,7, Enhancement in Kiln                ,-280000000.0,14791.11
2667,CE_F141,8, Heat rate reduction in CPP         ,-260000000.0,9860.74
2668,CE_F141,9, Improving burnability of material  ,-130000000.0,34512.6
2669,CE_F141,10, Burner retrofit                    ,-120000000.0,4930.37
2670,CE_F141,11, High efficiency clinker coolers    ,-100000000.0,14791.11
2671,CE_F141,12, Substitute OPC with LC3 cement     ,-80000000.0,19721.48
2672,CE_F141,13, Increasing fly ash to 35% in PPC   ,-70000000.0,49303.71
2673,CE_F141,14, Renewable energy use in electricity,180000000.0,39442.97
2674,CE_F141,15, Increasing TSR to 30% in kiln fuel ,420000000.0,88746.68
2675,CE_F141,16, CCS                                ,900000000.0,295822.26
2676,CE_F141,17, Decreasing clinker to 85% in OPC   ,1200000000.0,24651.85
2677,CE_F141,18, CCU                                ,1860000000.0,295822.26
2678,CE_F141,19, Offset                             ,1880000000.0,59164.45
2679,CE_F142,1, Efficient electrical equipment     ,-430000000.0,17322.85
2680,CE_F142,2, Waste heat recovery                ,-420000000.0,69291.39
2681,CE_F142,3, Automation system                  ,-410000000.0,34645.7
2682,CE_F142,4, Efficient grinding system          ,-360000000.0,43307.12
2683,CE_F142,5, Optimising auxiliary power         ,-340000000.0,8661.42
2684,CE_F142,6, Increasing slag to 70% in PSC      ,-300000000.0,43307.12
2685,CE_F142,7, Enhancement in Kiln                ,-280000000.0,25984.27
2686,CE_F142,8, Heat rate reduction in CPP         ,-260000000.0,17322.85
2687,CE_F142,9, Improving burnability of material  ,-130000000.0,60629.97
2688,CE_F142,10, Burner retrofit                    ,-120000000.0,8661.42
2689,CE_F142,11, High efficiency clinker coolers    ,-100000000.0,25984.27
2690,CE_F142,12, Substitute OPC with LC3 cement     ,-80000000.0,34645.7
2691,CE_F142,13, Increasing fly ash to 35% in PPC   ,-70000000.0,86614.24
2692,CE_F142,14, Renewable energy use in electricity,180000000.0,69291.39
2693,CE_F142,15, Increasing TSR to 30% in kiln fuel ,420000000.0,155905.64
2694,CE_F142,16, CCS                                ,900000000.0,519685.46
2695,CE_F142,17, Decreasing clinker to 85% in OPC   ,1200000000.0,43307.12
2696,CE_F142,18, CCU                                ,1860000000.0,519685.46
2697,CE_F142,19, Offset                             ,1880000000.0,103937.09
2698,CE_F143,1, Efficient electrical equipment     ,-430000000.0,18860.88
2699,CE_F143,2, Waste heat recovery                ,-420000000.0,75443.54
2700,CE_F143,3, Automation system                  ,-410000000.0,37721.77
2701,CE_F143,4, Efficient grinding system          ,-360000000.0,47152.21
2702,CE_F143,5, Optimising auxiliary power         ,-340000000.0,9430.44
2703,CE_F143,6, Increasing slag to 70% in PSC      ,-300000000.0,47152.21
2704,CE_F143,7, Enhancement in Kiln                ,-280000000.0,28291.33
2705,CE_F143,8, Heat rate reduction in CPP         ,-260000000.0,18860.88
2706,CE_F143,9, Improving burnability of material  ,-130000000.0,66013.09
2707,CE_F143,10, Burner retrofit                    ,-120000000.0,9430.44
2708,CE_F143,11, High efficiency clinker coolers    ,-100000000.0,28291.33
2709,CE_F143,12, Substitute OPC with LC3 cement     ,-80000000.0,37721.77
2710,CE_F143,13, Increasing fly ash to 35% in PPC   ,-70000000.0,94304.42
2711,CE_F143,14, Renewable energy use in electricity,180000000.0,75443.54
2712,CE_F143,15, Increasing TSR to 30% in kiln fuel ,420000000.0,169747.96
2713,CE_F143,16, CCS                                ,900000000.0,565826.53
2714,CE_F143,17, Decreasing clinker to 85% in OPC   ,1200000000.0,47152.21
2715,CE_F143,18, CCU                                ,1860000000.0,565826.53
2716,CE_F143,19, Offset                             ,1880000000.0,113165.31
2717,CE_F144,1, Efficient electrical equipment     ,-430000000.0,12264.8
2718,CE_F144,2, Waste heat recovery                ,-420000000.0,49059.2
2719,CE_F144,3, Automation system                  ,-410000000.0,24529.6
2720,CE_F144,4, Efficient grinding system          ,-360000000.0,30662.0
2721,CE_F144,5, Optimising auxiliary power         ,-340000000.0,6132.4
2722,CE_F144,6, Increasing slag to 70% in PSC      ,-300000000.0,30662.0
2723,CE_F144,7, Enhancement in Kiln                ,-280000000.0,18397.2
2724,CE_F144,8, Heat rate reduction in CPP         ,-260000000.0,12264.8
2725,CE_F144,9, Improving burnability of material  ,-130000000.0,42926.8
2726,CE_F144,10, Burner retrofit                    ,-120000000.0,6132.4
2727,CE_F144,11, High efficiency clinker coolers    ,-100000000.0,18397.2
2728,CE_F144,12, Substitute OPC with LC3 cement     ,-80000000.0,24529.6
2729,CE_F144,13, Increasing fly ash to 35% in PPC   ,-70000000.0,61324.01
2730,CE_F144,14, Renewable energy use in electricity,180000000.0,49059.2
2731,CE_F144,15, Increasing TSR to 30% in kiln fuel ,420000000.0,110383.21
2732,CE_F144,16, CCS                                ,900000000.0,367944.04
2733,CE_F144,17, Decreasing clinker to 85% in OPC   ,1200000000.0,30662.0
2734,CE_F144,18, CCU                                ,1860000000.0,367944.04
2735,CE_F144,19, Offset                             ,1880000000.0,73588.81
2736,CE_F145,1, Efficient electrical equipment     ,-430000000.0,9122.74
2737,CE_F145,2, Waste heat recovery                ,-420000000.0,36490.97
2738,CE_F145,3, Automation system                  ,-410000000.0,18245.48
2739,CE_F145,4, Efficient grinding system          ,-360000000.0,22806.85
2740,CE_F145,5, Optimising auxiliary power         ,-340000000.0,4561.37
2741,CE_F145,6, Increasing slag to 70% in PSC      ,-300000000.0,22806.85
2742,CE_F145,7, Enhancement in Kiln                ,-280000000.0,13684.11
2743,CE_F145,8, Heat rate reduction in CPP         ,-260000000.0,9122.74
2744,CE_F145,9, Improving burnability of material  ,-130000000.0,31929.6
2745,CE_F145,10, Burner retrofit                    ,-120000000.0,4561.37
2746,CE_F145,11, High efficiency clinker coolers    ,-100000000.0,13684.11
2747,CE_F145,12, Substitute OPC with LC3 cement     ,-80000000.0,18245.48
2748,CE_F145,13, Increasing fly ash to 35% in PPC   ,-70000000.0,45613.71
2749,CE_F145,14, Renewable energy use in electricity,180000000.0,36490.97
2750,CE_F145,15, Increasing TSR to 30% in kiln fuel ,420000000.0,82104.68
2751,CE_F145,16, CCS                                ,900000000.0,273682.26
2752,CE_F145,17, Decreasing clinker to 85% in OPC   ,1200000000.0,22806.85
2753,CE_F145,18, CCU                                ,1860000000.0,273682.26
2754,CE_F145,19, Offset                             ,1880000000.0,54736.45
2755,CE_F146,1, Efficient electrical equipment     ,-430000000.0,11989.85
2756,CE_F146,2, Waste heat recovery                ,-420000000.0,47959.41
2757,CE_F146,3, Automation system                  ,-410000000.0,23979.7
2758,CE_F146,4, Efficient grinding system          ,-360000000.0,29974.63
2759,CE_F146,5, Optimising auxiliary power         ,-340000000.0,5994.93
2760,CE_F146,6, Increasing slag to 70% in PSC      ,-300000000.0,29974.63
2761,CE_F146,7, Enhancement in Kiln                ,-280000000.0,17984.78
2762,CE_F146,8, Heat rate reduction in CPP         ,-260000000.0,11989.85
2763,CE_F146,9, Improving burnability of material  ,-130000000.0,41964.48
2764,CE_F146,10, Burner retrofit                    ,-120000000.0,5994.93
2765,CE_F146,11, High efficiency clinker coolers    ,-100000000.0,17984.78
2766,CE_F146,12, Substitute OPC with LC3 cement     ,-80000000.0,23979.7
2767,CE_F146,13, Increasing fly ash to 35% in PPC   ,-70000000.0,59949.26
2768,CE_F146,14, Renewable energy use in electricity,180000000.0,47959.41
2769,CE_F146,15, Increasing TSR to 30% in kiln fuel ,420000000.0,107908.66
2770,CE_F146,16, CCS                                ,900000000.0,359695.55
2771,CE_F146,17, Decreasing clinker to 85% in OPC   ,1200000000.0,29974.63
2772,CE_F146,18, CCU                                ,1860000000.0,359695.55
2773,CE_F146,19, Offset                             ,1880000000.0,71939.11
2774,CE_F147,1, Efficient electrical equipment     ,-430000000.0,8438.0
2775,CE_F147,2, Waste heat recovery                ,-420000000.0,33752.0
2776,CE_F147,3, Automation system                  ,-410000000.0,16876.0
2777,CE_F147,4, Efficient grinding system          ,-360000000.0,21095.0
2778,CE_F147,5, Optimising auxiliary power         ,-340000000.0,4219.0
2779,CE_F147,6, Increasing slag to 70% in PSC      ,-300000000.0,21095.0
2780,CE_F147,7, Enhancement in Kiln                ,-280000000.0,12657.0
2781,CE_F147,8, Heat rate reduction in CPP         ,-260000000.0,8438.0
2782,CE_F147,9, Improving burnability of material  ,-130000000.0,29533.0
2783,CE_F147,10, Burner retrofit                    ,-120000000.0,4219.0
2784,CE_F147,11, High efficiency clinker coolers    ,-100000000.0,12657.0
2785,CE_F147,12, Substitute OPC with LC3 cement     ,-80000000.0,16876.0
2786,CE_F147,13, Increasing fly ash to 35% in PPC   ,-70000000.0,42190.0
2787,CE_F147,14, Renewable energy use in electricity,180000000.0,33752.0
2788,CE_F147,15, Increasing TSR to 30% in kiln fuel ,420000000.0,75942.0
2789,CE_F147,16, CCS                                ,900000000.0,253140.0
2790,CE_F147,17, Decreasing clinker to 85% in OPC   ,1200000000.0,21095.0
2791,CE_F147,18, CCU                                ,1860000000.0,253140.0
2792,CE_F147,19, Offset                             ,1880000000.0,50628.0
2793,CE_F148,1, Efficient electrical equipment     ,-430000000.0,19896.91
2794,CE_F148,2, Waste heat recovery                ,-420000000.0,79587.66
2795,CE_F148,3, Automation system                  ,-410000000.0,39793.83
2796,CE_F148,4, Efficient grinding system          ,-360000000.0,49742.28
2797,CE_F148,5, Optimising auxiliary power         ,-340000000.0,9948.46
2798,CE_F148,6, Increasing slag to 70% in PSC      ,-300000000.0,49742.28
2799,CE_F148,7, Enhancement in Kiln                ,-280000000.0,29845.37
2800,CE_F148,8, Heat rate reduction in CPP         ,-260000000.0,19896.91
2801,CE_F148,9, Improving burnability of material  ,-130000000.0,69639.2
2802,CE_F148,10, Burner retrofit                    ,-120000000.0,9948.46
2803,CE_F148,11, High efficiency clinker coolers    ,-100000000.0,29845.37
2804,CE_F148,12, Substitute OPC with LC3 cement     ,-80000000.0,39793.83
2805,CE_F148,13, Increasing fly ash to 35% in PPC   ,-70000000.0,99484.57
2806,CE_F148,14, Renewable energy use in electricity,180000000.0,79587.66
2807,CE_F148,15, Increasing TSR to 30% in kiln fuel ,420000000.0,179072.23
2808,CE_F148,16, CCS                                ,900000000.0,596907.42
2809,CE_F148,17, Decreasing clinker to 85% in OPC   ,1200000000.0,49742.28
2810,CE_F148,18, CCU                                ,1860000000.0,596907.42
2811,CE_F148,19, Offset                             ,1880000000.0,119381.48
2812,CE_F149,1, Efficient electrical equipment     ,-430000000.0,10083.32
2813,CE_F149,2, Waste heat recovery                ,-420000000.0,40333.27
2814,CE_F149,3, Automation system                  ,-410000000.0,20166.64
2815,CE_F149,4, Efficient grinding system          ,-360000000.0,25208.29
2816,CE_F149,5, Optimising auxiliary power         ,-340000000.0,5041.66
2817,CE_F149,6, Increasing slag to 70% in PSC      ,-300000000.0,25208.29
2818,CE_F149,7, Enhancement in Kiln                ,-280000000.0,15124.98
2819,CE_F149,8, Heat rate reduction in CPP         ,-260000000.0,10083.32
2820,CE_F149,9, Improving burnability of material  ,-130000000.0,35291.61
2821,CE_F149,10, Burner retrofit                    ,-120000000.0,5041.66
2822,CE_F149,11, High efficiency clinker coolers    ,-100000000.0,15124.98
2823,CE_F149,12, Substitute OPC with LC3 cement     ,-80000000.0,20166.64
2824,CE_F149,13, Increasing fly ash to 35% in PPC   ,-70000000.0,50416.59
2825,CE_F149,14, Renewable energy use in electricity,180000000.0,40333.27
2826,CE_F149,15, Increasing TSR to 30% in kiln fuel ,420000000.0,90749.86
2827,CE_F149,16, CCS                                ,900000000.0,302499.53
2828,CE_F149,17, Decreasing clinker to 85% in OPC   ,1200000000.0,25208.29
2829,CE_F149,18, CCU                                ,1860000000.0,302499.53
2830,CE_F149,19, Offset                             ,1880000000.0,60499.91
2831,CE_F150,1, Efficient electrical equipment     ,-430000000.0,17933.96
2832,CE_F150,2, Waste heat recovery                ,-420000000.0,71735.83
2833,CE_F150,3, Automation system                  ,-410000000.0,35867.92
2834,CE_F150,4, Efficient grinding system          ,-360000000.0,44834.9
2835,CE_F150,5, Optimising auxiliary power         ,-340000000.0,8966.98
2836,CE_F150,6, Increasing slag to 70% in PSC      ,-300000000.0,44834.9
2837,CE_F150,7, Enhancement in Kiln                ,-280000000.0,26900.94
2838,CE_F150,8, Heat rate reduction in CPP         ,-260000000.0,17933.96
2839,CE_F150,9, Improving burnability of material  ,-130000000.0,62768.85
2840,CE_F150,10, Burner retrofit                    ,-120000000.0,8966.98
2841,CE_F150,11, High efficiency clinker coolers    ,-100000000.0,26900.94
2842,CE_F150,12, Substitute OPC with LC3 cement     ,-80000000.0,35867.92
2843,CE_F150,13, Increasing fly ash to 35% in PPC   ,-70000000.0,89669.79
2844,CE_F150,14, Renewable energy use in electricity,180000000.0,71735.83
2845,CE_F150,15, Increasing TSR to 30% in kiln fuel ,420000000.0,161405.63
2846,CE_F150,16, CCS                                ,900000000.0,538018.75
2847,CE_F150,17, Decreasing clinker to 85% in OPC   ,1200000000.0,44834.9
2848,CE_F150,18, CCU                                ,1860000000.0,538018.75
2849,CE_F150,19, Offset                             ,1880000000.0,107603.75
2850,CE_F151,1, Efficient electrical equipment     ,-430000000.0,9117.64
2851,CE_F151,2, Waste heat recovery                ,-420000000.0,36470.58
2852,CE_F151,3, Automation system                  ,-410000000.0,18235.29
2853,CE_F151,4, Efficient grinding system          ,-360000000.0,22794.11
2854,CE_F151,5, Optimising auxiliary power         ,-340000000.0,4558.82
2855,CE_F151,6, Increasing slag to 70% in PSC      ,-300000000.0,22794.11
2856,CE_F151,7, Enhancement in Kiln                ,-280000000.0,13676.47
2857,CE_F151,8, Heat rate reduction in CPP         ,-260000000.0,9117.64
2858,CE_F151,9, Improving burnability of material  ,-130000000.0,31911.75
2859,CE_F151,10, Burner retrofit                    ,-120000000.0,4558.82
2860,CE_F151,11, High efficiency clinker coolers    ,-100000000.0,13676.47
2861,CE_F151,12, Substitute OPC with LC3 cement     ,-80000000.0,18235.29
2862,CE_F151,13, Increasing fly ash to 35% in PPC   ,-70000000.0,45588.22
2863,CE_F151,14, Renewable energy use in electricity,180000000.0,36470.58
2864,CE_F151,15, Increasing TSR to 30% in kiln fuel ,420000000.0,82058.8
2865,CE_F151,16, CCS                                ,900000000.0,273529.32
2866,CE_F151,17, Decreasing clinker to 85% in OPC   ,1200000000.0,22794.11
2867,CE_F151,18, CCU                                ,1860000000.0,273529.32
2868,CE_F151,19, Offset                             ,1880000000.0,54705.86
2869,CE_F152,1, Efficient electrical equipment     ,-430000000.0,18232.54
2870,CE_F152,2, Waste heat recovery                ,-420000000.0,72930.16
2871,CE_F152,3, Automation system                  ,-410000000.0,36465.08
2872,CE_F152,4, Efficient grinding system          ,-360000000.0,45581.35
2873,CE_F152,5, Optimising auxiliary power         ,-340000000.0,9116.27
2874,CE_F152,6, Increasing slag to 70% in PSC      ,-300000000.0,45581.35
2875,CE_F152,7, Enhancement in Kiln                ,-280000000.0,27348.81
2876,CE_F152,8, Heat rate reduction in CPP         ,-260000000.0,18232.54
2877,CE_F152,9, Improving burnability of material  ,-130000000.0,63813.89
2878,CE_F152,10, Burner retrofit                    ,-120000000.0,9116.27
2879,CE_F152,11, High efficiency clinker coolers    ,-100000000.0,27348.81
2880,CE_F152,12, Substitute OPC with LC3 cement     ,-80000000.0,36465.08
2881,CE_F152,13, Increasing fly ash to 35% in PPC   ,-70000000.0,91162.7
2882,CE_F152,14, Renewable energy use in electricity,180000000.0,72930.16
2883,CE_F152,15, Increasing TSR to 30% in kiln fuel ,420000000.0,164092.86
2884,CE_F152,16, CCS                                ,900000000.0,546976.2
2885,CE_F152,17, Decreasing clinker to 85% in OPC   ,1200000000.0,45581.35
2886,CE_F152,18, CCU                                ,1860000000.0,546976.2
2887,CE_F152,19, Offset                             ,1880000000.0,109395.24
2888,CE_F153,1, Efficient electrical equipment     ,-430000000.0,11898.51
2889,CE_F153,2, Waste heat recovery                ,-420000000.0,47594.04
2890,CE_F153,3, Automation system                  ,-410000000.0,23797.02
2891,CE_F153,4, Efficient grinding system          ,-360000000.0,29746.28
2892,CE_F153,5, Optimising auxiliary power         ,-340000000.0,5949.26
2893,CE_F153,6, Increasing slag to 70% in PSC      ,-300000000.0,29746.28
2894,CE_F153,7, Enhancement in Kiln                ,-280000000.0,17847.77
2895,CE_F153,8, Heat rate reduction in CPP         ,-260000000.0,11898.51
2896,CE_F153,9, Improving burnability of material  ,-130000000.0,41644.79
2897,CE_F153,10, Burner retrofit                    ,-120000000.0,5949.26
2898,CE_F153,11, High efficiency clinker coolers    ,-100000000.0,17847.77
2899,CE_F153,12, Substitute OPC with LC3 cement     ,-80000000.0,23797.02
2900,CE_F153,13, Increasing fly ash to 35% in PPC   ,-70000000.0,59492.55
2901,CE_F153,14, Renewable energy use in electricity,180000000.0,47594.04
2902,CE_F153,15, Increasing TSR to 30% in kiln fuel ,420000000.0,107086.59
2903,CE_F153,16, CCS                                ,900000000.0,356955.31
2904,CE_F153,17, Decreasing clinker to 85% in OPC   ,1200000000.0,29746.28
2905,CE_F153,18, CCU                                ,1860000000.0,356955.31
2906,CE_F153,19, Offset                             ,1880000000.0,71391.06
2907,CE_F154,1, Efficient electrical equipment     ,-430000000.0,22825.47
2908,CE_F154,2, Waste heat recovery                ,-420000000.0,91301.86
2909,CE_F154,3, Automation system                  ,-410000000.0,45650.93
2910,CE_F154,4, Efficient grinding system          ,-360000000.0,57063.66
2911,CE_F154,5, Optimising auxiliary power         ,-340000000.0,11412.73
2912,CE_F154,6, Increasing slag to 70% in PSC      ,-300000000.0,57063.66
2913,CE_F154,7, Enhancement in Kiln                ,-280000000.0,34238.2
2914,CE_F154,8, Heat rate reduction in CPP         ,-260000000.0,22825.47
2915,CE_F154,9, Improving burnability of material  ,-130000000.0,79889.13
2916,CE_F154,10, Burner retrofit                    ,-120000000.0,11412.73
2917,CE_F154,11, High efficiency clinker coolers    ,-100000000.0,34238.2
2918,CE_F154,12, Substitute OPC with LC3 cement     ,-80000000.0,45650.93
2919,CE_F154,13, Increasing fly ash to 35% in PPC   ,-70000000.0,114127.33
2920,CE_F154,14, Renewable energy use in electricity,180000000.0,91301.86
2921,CE_F154,15, Increasing TSR to 30% in kiln fuel ,420000000.0,205429.19
2922,CE_F154,16, CCS                                ,900000000.0,684763.98
2923,CE_F154,17, Decreasing clinker to 85% in OPC   ,1200000000.0,57063.66
2924,CE_F154,18, CCU                                ,1860000000.0,684763.98
2925,CE_F154,19, Offset                             ,1880000000.0,136952.8
2926,CE_F155,1, Efficient electrical equipment     ,-430000000.0,15660.59
2927,CE_F155,2, Waste heat recovery                ,-420000000.0,62642.35
2928,CE_F155,3, Automation system                  ,-410000000.0,31321.18
2929,CE_F155,4, Efficient grinding system          ,-360000000.0,39151.47
2930,CE_F155,5, Optimising auxiliary power         ,-340000000.0,7830.29
2931,CE_F155,6, Increasing slag to 70% in PSC      ,-300000000.0,39151.47
2932,CE_F155,7, Enhancement in Kiln                ,-280000000.0,23490.88
2933,CE_F155,8, Heat rate reduction in CPP         ,-260000000.0,15660.59
2934,CE_F155,9, Improving burnability of material  ,-130000000.0,54812.06
2935,CE_F155,10, Burner retrofit                    ,-120000000.0,7830.29
2936,CE_F155,11, High efficiency clinker coolers    ,-100000000.0,23490.88
2937,CE_F155,12, Substitute OPC with LC3 cement     ,-80000000.0,31321.18
2938,CE_F155,13, Increasing fly ash to 35% in PPC   ,-70000000.0,78302.94
2939,CE_F155,14, Renewable energy use in electricity,180000000.0,62642.35
2940,CE_F155,15, Increasing TSR to 30% in kiln fuel ,420000000.0,140945.29
2941,CE_F155,16, CCS                                ,900000000.0,469817.63
2942,CE_F155,17, Decreasing clinker to 85% in OPC   ,1200000000.0,39151.47
2943,CE_F155,18, CCU                                ,1860000000.0,469817.63
2944,CE_F155,19, Offset                             ,1880000000.0,93963.53
2945,CE_F156,1, Efficient electrical equipment     ,-430000000.0,6627.74
2946,CE_F156,2, Waste heat recovery                ,-420000000.0,26510.96
2947,CE_F156,3, Automation system                  ,-410000000.0,13255.48
2948,CE_F156,4, Efficient grinding system          ,-360000000.0,16569.35
2949,CE_F156,5, Optimising auxiliary power         ,-340000000.0,3313.87
2950,CE_F156,6, Increasing slag to 70% in PSC      ,-300000000.0,16569.35
2951,CE_F156,7, Enhancement in Kiln                ,-280000000.0,9941.61
2952,CE_F156,8, Heat rate reduction in CPP         ,-260000000.0,6627.74
2953,CE_F156,9, Improving burnability of material  ,-130000000.0,23197.09
2954,CE_F156,10, Burner retrofit                    ,-120000000.0,3313.87
2955,CE_F156,11, High efficiency clinker coolers    ,-100000000.0,9941.61
2956,CE_F156,12, Substitute OPC with LC3 cement     ,-80000000.0,13255.48
2957,CE_F156,13, Increasing fly ash to 35% in PPC   ,-70000000.0,33138.69
2958,CE_F156,14, Renewable energy use in electricity,180000000.0,26510.96
2959,CE_F156,15, Increasing TSR to 30% in kiln fuel ,420000000.0,59649.65
2960,CE_F156,16, CCS                                ,900000000.0,198832.17
2961,CE_F156,17, Decreasing clinker to 85% in OPC   ,1200000000.0,16569.35
2962,CE_F156,18, CCU                                ,1860000000.0,198832.17
2963,CE_F156,19, Offset                             ,1880000000.0,39766.43
2964,CE_F157,1, Efficient electrical equipment     ,-430000000.0,15780.57
2965,CE_F157,2, Waste heat recovery                ,-420000000.0,63122.28
2966,CE_F157,3, Automation system                  ,-410000000.0,31561.14
2967,CE_F157,4, Efficient grinding system          ,-360000000.0,39451.42
2968,CE_F157,5, Optimising auxiliary power         ,-340000000.0,7890.28
2969,CE_F157,6, Increasing slag to 70% in PSC      ,-300000000.0,39451.42
2970,CE_F157,7, Enhancement in Kiln                ,-280000000.0,23670.85
2971,CE_F157,8, Heat rate reduction in CPP         ,-260000000.0,15780.57
2972,CE_F157,9, Improving burnability of material  ,-130000000.0,55231.99
2973,CE_F157,10, Burner retrofit                    ,-120000000.0,7890.28
2974,CE_F157,11, High efficiency clinker coolers    ,-100000000.0,23670.85
2975,CE_F157,12, Substitute OPC with LC3 cement     ,-80000000.0,31561.14
2976,CE_F157,13, Increasing fly ash to 35% in PPC   ,-70000000.0,78902.85
2977,CE_F157,14, Renewable energy use in electricity,180000000.0,63122.28
2978,CE_F157,15, Increasing TSR to 30% in kiln fuel ,420000000.0,142025.13
2979,CE_F157,16, CCS                                ,900000000.0,473417.09
2980,CE_F157,17, Decreasing clinker to 85% in OPC   ,1200000000.0,39451.42
2981,CE_F157,18, CCU                                ,1860000000.0,473417.09
2982,CE_F157,19, Offset                             ,1880000000.0,94683.42
2983,CE_F158,1, Efficient electrical equipment     ,-430000000.0,8552.02
2984,CE_F158,2, Waste heat recovery                ,-420000000.0,34208.09
2985,CE_F158,3, Automation system                  ,-410000000.0,17104.05
2986,CE_F158,4, Efficient grinding system          ,-360000000.0,21380.06
2987,CE_F158,5, Optimising auxiliary power         ,-340000000.0,4276.01
2988,CE_F158,6, Increasing slag to 70% in PSC      ,-300000000.0,21380.06
2989,CE_F158,7, Enhancement in Kiln                ,-280000000.0,12828.04
2990,CE_F158,8, Heat rate reduction in CPP         ,-260000000.0,8552.02
2991,CE_F158,9, Improving burnability of material  ,-130000000.0,29932.08
2992,CE_F158,10, Burner retrofit                    ,-120000000.0,4276.01
2993,CE_F158,11, High efficiency clinker coolers    ,-100000000.0,12828.04
2994,CE_F158,12, Substitute OPC with LC3 cement     ,-80000000.0,17104.05
2995,CE_F158,13, Increasing fly ash to 35% in PPC   ,-70000000.0,42760.12
2996,CE_F158,14, Renewable energy use in electricity,180000000.0,34208.09
2997,CE_F158,15, Increasing TSR to 30% in kiln fuel ,420000000.0,76968.21
2998,CE_F158,16, CCS                                ,900000000.0,256560.71
2999,CE_F158,17, Decreasing clinker to 85% in OPC   ,1200000000.0,21380.06
3000,CE_F158,18, CCU                                ,1860000000.0,256560.71
3001,CE_F158,19, Offset                             ,1880000000.0,51312.14
3002,CE_F159,1, Efficient electrical equipment     ,-430000000.0,6285.46
3003,CE_F159,2, Waste heat recovery                ,-420000000.0,25141.84
3004,CE_F159,3, Automation system                  ,-410000000.0,12570.92
3005,CE_F159,4, Efficient grinding system          ,-360000000.0,15713.65
3006,CE_F159,5, Optimising auxiliary power         ,-340000000.0,3142.73
3007,CE_F159,6, Increasing slag to 70% in PSC      ,-300000000.0,15713.65
3008,CE_F159,7, Enhancement in Kiln                ,-280000000.0,9428.19
3009,CE_F159,8, Heat rate reduction in CPP         ,-260000000.0,6285.46
3010,CE_F159,9, Improving burnability of material  ,-130000000.0,21999.11
3011,CE_F159,10, Burner retrofit                    ,-120000000.0,3142.73
3012,CE_F159,11, High efficiency clinker coolers    ,-100000000.0,9428.19
3013,CE_F159,12, Substitute OPC with LC3 cement     ,-80000000.0,12570.92
3014,CE_F159,13, Increasing fly ash to 35% in PPC   ,-70000000.0,31427.3
3015,CE_F159,14, Renewable energy use in electricity,180000000.0,25141.84
3016,CE_F159,15, Increasing TSR to 30% in kiln fuel ,420000000.0,56569.14
3017,CE_F159,16, CCS                                ,900000000.0,188563.8
3018,CE_F159,17, Decreasing clinker to 85% in OPC   ,1200000000.0,15713.65
3019,CE_F159,18, CCU                                ,1860000000.0,188563.8
3020,CE_F159,19, Offset                             ,1880000000.0,37712.76
3021,CE_F160,1, Efficient electrical equipment     ,-430000000.0,9710.97
3022,CE_F160,2, Waste heat recovery                ,-420000000.0,38843.87
3023,CE_F160,3, Automation system                  ,-410000000.0,19421.93
3024,CE_F160,4, Efficient grinding system          ,-360000000.0,24277.42
3025,CE_F160,5, Optimising auxiliary power         ,-340000000.0,4855.48
3026,CE_F160,6, Increasing slag to 70% in PSC      ,-300000000.0,24277.42
3027,CE_F160,7, Enhancement in Kiln                ,-280000000.0,14566.45
3028,CE_F160,8, Heat rate reduction in CPP         ,-260000000.0,9710.97
3029,CE_F160,9, Improving burnability of material  ,-130000000.0,33988.39
3030,CE_F160,10, Burner retrofit                    ,-120000000.0,4855.48
3031,CE_F160,11, High efficiency clinker coolers    ,-100000000.0,14566.45
3032,CE_F160,12, Substitute OPC with LC3 cement     ,-80000000.0,19421.93
3033,CE_F160,13, Increasing fly ash to 35% in PPC   ,-70000000.0,48554.84
3034,CE_F160,14, Renewable energy use in electricity,180000000.0,38843.87
3035,CE_F160,15, Increasing TSR to 30% in kiln fuel ,420000000.0,87398.71
3036,CE_F160,16, CCS                                ,900000000.0,291329.02
3037,CE_F160,17, Decreasing clinker to 85% in OPC   ,1200000000.0,24277.42
3038,CE_F160,18, CCU                                ,1860000000.0,291329.02
3039,CE_F160,19, Offset                             ,1880000000.0,58265.8
3040,CE_F161,1, Efficient electrical equipment     ,-430000000.0,7562.96
3041,CE_F161,2, Waste heat recovery                ,-420000000.0,30251.85
3042,CE_F161,3, Automation system                  ,-410000000.0,15125.92
3043,CE_F161,4, Efficient grinding system          ,-360000000.0,18907.4
3044,CE_F161,5, Optimising auxiliary power         ,-340000000.0,3781.48
3045,CE_F161,6, Increasing slag to 70% in PSC      ,-300000000.0,18907.4
3046,CE_F161,7, Enhancement in Kiln                ,-280000000.0,11344.44
3047,CE_F161,8, Heat rate reduction in CPP         ,-260000000.0,7562.96
3048,CE_F161,9, Improving burnability of material  ,-130000000.0,26470.36
3049,CE_F161,10, Burner retrofit                    ,-120000000.0,3781.48
3050,CE_F161,11, High efficiency clinker coolers    ,-100000000.0,11344.44
3051,CE_F161,12, Substitute OPC with LC3 cement     ,-80000000.0,15125.92
3052,CE_F161,13, Increasing fly ash to 35% in PPC   ,-70000000.0,37814.81
3053,CE_F161,14, Renewable energy use in electricity,180000000.0,30251.85
3054,CE_F161,15, Increasing TSR to 30% in kiln fuel ,420000000.0,68066.65
3055,CE_F161,16, CCS                                ,900000000.0,226888.84
3056,CE_F161,17, Decreasing clinker to 85% in OPC   ,1200000000.0,18907.4
3057,CE_F161,18, CCU                                ,1860000000.0,226888.84
3058,CE_F161,19, Offset                             ,1880000000.0,45377.77
3059,CE_F162,1, Efficient electrical equipment     ,-430000000.0,14228.61
3060,CE_F162,2, Waste heat recovery                ,-420000000.0,56914.45
3061,CE_F162,3, Automation system                  ,-410000000.0,28457.22
3062,CE_F162,4, Efficient grinding system          ,-360000000.0,35571.53
3063,CE_F162,5, Optimising auxiliary power         ,-340000000.0,7114.31
3064,CE_F162,6, Increasing slag to 70% in PSC      ,-300000000.0,35571.53
3065,CE_F162,7, Enhancement in Kiln                ,-280000000.0,21342.92
3066,CE_F162,8, Heat rate reduction in CPP         ,-260000000.0,14228.61
3067,CE_F162,9, Improving burnability of material  ,-130000000.0,49800.14
3068,CE_F162,10, Burner retrofit                    ,-120000000.0,7114.31
3069,CE_F162,11, High efficiency clinker coolers    ,-100000000.0,21342.92
3070,CE_F162,12, Substitute OPC with LC3 cement     ,-80000000.0,28457.22
3071,CE_F162,13, Increasing fly ash to 35% in PPC   ,-70000000.0,71143.06
3072,CE_F162,14, Renewable energy use in electricity,180000000.0,56914.45
3073,CE_F162,15, Increasing TSR to 30% in kiln fuel ,420000000.0,128057.5
3074,CE_F162,16, CCS                                ,900000000.0,426858.34
3075,CE_F162,17, Decreasing clinker to 85% in OPC   ,1200000000.0,35571.53
3076,CE_F162,18, CCU                                ,1860000000.0,426858.34
3077,CE_F162,19, Offset                             ,1880000000.0,85371.67
3078,CE_F163,1, Efficient electrical equipment     ,-430000000.0,15317.13
3079,CE_F163,2, Waste heat recovery                ,-420000000.0,61268.53
3080,CE_F163,3, Automation system                  ,-410000000.0,30634.27
3081,CE_F163,4, Efficient grinding system          ,-360000000.0,38292.83
3082,CE_F163,5, Optimising auxiliary power         ,-340000000.0,7658.57
3083,CE_F163,6, Increasing slag to 70% in PSC      ,-300000000.0,38292.83
3084,CE_F163,7, Enhancement in Kiln                ,-280000000.0,22975.7
3085,CE_F163,8, Heat rate reduction in CPP         ,-260000000.0,15317.13
3086,CE_F163,9, Improving burnability of material  ,-130000000.0,53609.97
3087,CE_F163,10, Burner retrofit                    ,-120000000.0,7658.57
3088,CE_F163,11, High efficiency clinker coolers    ,-100000000.0,22975.7
3089,CE_F163,12, Substitute OPC with LC3 cement     ,-80000000.0,30634.27
3090,CE_F163,13, Increasing fly ash to 35% in PPC   ,-70000000.0,76585.67
3091,CE_F163,14, Renewable energy use in electricity,180000000.0,61268.53
3092,CE_F163,15, Increasing TSR to 30% in kiln fuel ,420000000.0,137854.2
3093,CE_F163,16, CCS                                ,900000000.0,459514.01
3094,CE_F163,17, Decreasing clinker to 85% in OPC   ,1200000000.0,38292.83
3095,CE_F163,18, CCU                                ,1860000000.0,459514.01
3096,CE_F163,19, Offset                             ,1880000000.0,91902.8
3097,CE_F164,1, Efficient electrical equipment     ,-430000000.0,13908.77
3098,CE_F164,2, Waste heat recovery                ,-420000000.0,55635.06
3099,CE_F164,3, Automation system                  ,-410000000.0,27817.53
3100,CE_F164,4, Efficient grinding system          ,-360000000.0,34771.91
3101,CE_F164,5, Optimising auxiliary power         ,-340000000.0,6954.38
3102,CE_F164,6, Increasing slag to 70% in PSC      ,-300000000.0,34771.91
3103,CE_F164,7, Enhancement in Kiln                ,-280000000.0,20863.15
3104,CE_F164,8, Heat rate reduction in CPP         ,-260000000.0,13908.77
3105,CE_F164,9, Improving burnability of material  ,-130000000.0,48680.68
3106,CE_F164,10, Burner retrofit                    ,-120000000.0,6954.38
3107,CE_F164,11, High efficiency clinker coolers    ,-100000000.0,20863.15
3108,CE_F164,12, Substitute OPC with LC3 cement     ,-80000000.0,27817.53
3109,CE_F164,13, Increasing fly ash to 35% in PPC   ,-70000000.0,69543.83
3110,CE_F164,14, Renewable energy use in electricity,180000000.0,55635.06
3111,CE_F164,15, Increasing TSR to 30% in kiln fuel ,420000000.0,125178.89
3112,CE_F164,16, CCS                                ,900000000.0,417262.97
3113,CE_F164,17, Decreasing clinker to 85% in OPC   ,1200000000.0,34771.91
3114,CE_F164,18, CCU                                ,1860000000.0,417262.97
3115,CE_F164,19, Offset                             ,1880000000.0,83452.59
3116,CE_F165,1, Efficient electrical equipment     ,-430000000.0,11323.85
3117,CE_F165,2, Waste heat recovery                ,-420000000.0,45295.41
3118,CE_F165,3, Automation system                  ,-410000000.0,22647.7
3119,CE_F165,4, Efficient grinding system          ,-360000000.0,28309.63
3120,CE_F165,5, Optimising auxiliary power         ,-340000000.0,5661.93
3121,CE_F165,6, Increasing slag to 70% in PSC      ,-300000000.0,28309.63
3122,CE_F165,7, Enhancement in Kiln                ,-280000000.0,16985.78
3123,CE_F165,8, Heat rate reduction in CPP         ,-260000000.0,11323.85
3124,CE_F165,9, Improving burnability of material  ,-130000000.0,39633.48
3125,CE_F165,10, Burner retrofit                    ,-120000000.0,5661.93
3126,CE_F165,11, High efficiency clinker coolers    ,-100000000.0,16985.78
3127,CE_F165,12, Substitute OPC with LC3 cement     ,-80000000.0,22647.7
3128,CE_F165,13, Increasing fly ash to 35% in PPC   ,-70000000.0,56619.26
3129,CE_F165,14, Renewable energy use in electricity,180000000.0,45295.41
3130,CE_F165,15, Increasing TSR to 30% in kiln fuel ,420000000.0,101914.66
3131,CE_F165,16, CCS                                ,900000000.0,339715.55
3132,CE_F165,17, Decreasing clinker to 85% in OPC   ,1200000000.0,28309.63
3133,CE_F165,18, CCU                                ,1860000000.0,339715.55
3134,CE_F165,19, Offset                             ,1880000000.0,67943.11
3135,CE_F166,1, Efficient electrical equipment     ,-430000000.0,13644.82
3136,CE_F166,2, Waste heat recovery                ,-420000000.0,54579.28
3137,CE_F166,3, Automation system                  ,-410000000.0,27289.64
3138,CE_F166,4, Efficient grinding system          ,-360000000.0,34112.05
3139,CE_F166,5, Optimising auxiliary power         ,-340000000.0,6822.41
3140,CE_F166,6, Increasing slag to 70% in PSC      ,-300000000.0,34112.05
3141,CE_F166,7, Enhancement in Kiln                ,-280000000.0,20467.23
3142,CE_F166,8, Heat rate reduction in CPP         ,-260000000.0,13644.82
3143,CE_F166,9, Improving burnability of material  ,-130000000.0,47756.87
3144,CE_F166,10, Burner retrofit                    ,-120000000.0,6822.41
3145,CE_F166,11, High efficiency clinker coolers    ,-100000000.0,20467.23
3146,CE_F166,12, Substitute OPC with LC3 cement     ,-80000000.0,27289.64
3147,CE_F166,13, Increasing fly ash to 35% in PPC   ,-70000000.0,68224.09
3148,CE_F166,14, Renewable energy use in electricity,180000000.0,54579.28
3149,CE_F166,15, Increasing TSR to 30% in kiln fuel ,420000000.0,122803.37
3150,CE_F166,16, CCS                                ,900000000.0,409344.57
3151,CE_F166,17, Decreasing clinker to 85% in OPC   ,1200000000.0,34112.05
3152,CE_F166,18, CCU                                ,1860000000.0,409344.57
3153,CE_F166,19, Offset                             ,1880000000.0,81868.91
3154,CE_F167,1, Efficient electrical equipment     ,-430000000.0,4901.0
3155,CE_F167,2, Waste heat recovery                ,-420000000.0,19603.99
3156,CE_F167,3, Automation system                  ,-410000000.0,9801.99
3157,CE_F167,4, Efficient grinding system          ,-360000000.0,12252.49
3158,CE_F167,5, Optimising auxiliary power         ,-340000000.0,2450.5
3159,CE_F167,6, Increasing slag to 70% in PSC      ,-300000000.0,12252.49
3160,CE_F167,7, Enhancement in Kiln                ,-280000000.0,7351.5
3161,CE_F167,8, Heat rate reduction in CPP         ,-260000000.0,4901.0
3162,CE_F167,9, Improving burnability of material  ,-130000000.0,17153.49
3163,CE_F167,10, Burner retrofit                    ,-120000000.0,2450.5
3164,CE_F167,11, High efficiency clinker coolers    ,-100000000.0,7351.5
3165,CE_F167,12, Substitute OPC with LC3 cement     ,-80000000.0,9801.99
3166,CE_F167,13, Increasing fly ash to 35% in PPC   ,-70000000.0,24504.99
3167,CE_F167,14, Renewable energy use in electricity,180000000.0,19603.99
3168,CE_F167,15, Increasing TSR to 30% in kiln fuel ,420000000.0,44108.97
3169,CE_F167,16, CCS                                ,900000000.0,147029.91
3170,CE_F167,17, Decreasing clinker to 85% in OPC   ,1200000000.0,12252.49
3171,CE_F167,18, CCU                                ,1860000000.0,147029.91
3172,CE_F167,19, Offset                             ,1880000000.0,29405.98
3173,CE_F168,1, Efficient electrical equipment     ,-430000000.0,6938.44
3174,CE_F168,2, Waste heat recovery                ,-420000000.0,27753.76
3175,CE_F168,3, Automation system                  ,-410000000.0,13876.88
3176,CE_F168,4, Efficient grinding system          ,-360000000.0,17346.1
3177,CE_F168,5, Optimising auxiliary power         ,-340000000.0,3469.22
3178,CE_F168,6, Increasing slag to 70% in PSC      ,-300000000.0,17346.1
3179,CE_F168,7, Enhancement in Kiln                ,-280000000.0,10407.66
3180,CE_F168,8, Heat rate reduction in CPP         ,-260000000.0,6938.44
3181,CE_F168,9, Improving burnability of material  ,-130000000.0,24284.54
3182,CE_F168,10, Burner retrofit                    ,-120000000.0,3469.22
3183,CE_F168,11, High efficiency clinker coolers    ,-100000000.0,10407.66
3184,CE_F168,12, Substitute OPC with LC3 cement     ,-80000000.0,13876.88
3185,CE_F168,13, Increasing fly ash to 35% in PPC   ,-70000000.0,34692.2
3186,CE_F168,14, Renewable energy use in electricity,180000000.0,27753.76
3187,CE_F168,15, Increasing TSR to 30% in kiln fuel ,420000000.0,62445.95
3188,CE_F168,16, CCS                                ,900000000.0,208153.18
3189,CE_F168,17, Decreasing clinker to 85% in OPC   ,1200000000.0,17346.1
3190,CE_F168,18, CCU                                ,1860000000.0,208153.18
3191,CE_F168,19, Offset                             ,1880000000.0,41630.64
3192,CE_F169,1, Efficient electrical equipment     ,-430000000.0,8980.44
3193,CE_F169,2, Waste heat recovery                ,-420000000.0,35921.76
3194,CE_F169,3, Automation system                  ,-410000000.0,17960.88
3195,CE_F169,4, Efficient grinding system          ,-360000000.0,22451.1
3196,CE_F169,5, Optimising auxiliary power         ,-340000000.0,4490.22
3197,CE_F169,6, Increasing slag to 70% in PSC      ,-300000000.0,22451.1
3198,CE_F169,7, Enhancement in Kiln                ,-280000000.0,13470.66
3199,CE_F169,8, Heat rate reduction in CPP         ,-260000000.0,8980.44
3200,CE_F169,9, Improving burnability of material  ,-130000000.0,31431.54
3201,CE_F169,10, Burner retrofit                    ,-120000000.0,4490.22
3202,CE_F169,11, High efficiency clinker coolers    ,-100000000.0,13470.66
3203,CE_F169,12, Substitute OPC with LC3 cement     ,-80000000.0,17960.88
3204,CE_F169,13, Increasing fly ash to 35% in PPC   ,-70000000.0,44902.2
3205,CE_F169,14, Renewable energy use in electricity,180000000.0,35921.76
3206,CE_F169,15, Increasing TSR to 30% in kiln fuel ,420000000.0,80823.95
3207,CE_F169,16, CCS                                ,900000000.0,269413.18
3208,CE_F169,17, Decreasing clinker to 85% in OPC   ,1200000000.0,22451.1
3209,CE_F169,18, CCU                                ,1860000000.0,269413.18
3210,CE_F169,19, Offset                             ,1880000000.0,53882.64
3211,CE_F170,1, Efficient electrical equipment     ,-430000000.0,8990.39
3212,CE_F170,2, Waste heat recovery                ,-420000000.0,35961.57
3213,CE_F170,3, Automation system                  ,-410000000.0,17980.78
3214,CE_F170,4, Efficient grinding system          ,-360000000.0,22475.98
3215,CE_F170,5, Optimising auxiliary power         ,-340000000.0,4495.2
3216,CE_F170,6, Increasing slag to 70% in PSC      ,-300000000.0,22475.98
3217,CE_F170,7, Enhancement in Kiln                ,-280000000.0,13485.59
3218,CE_F170,8, Heat rate reduction in CPP         ,-260000000.0,8990.39
3219,CE_F170,9, Improving burnability of material  ,-130000000.0,31466.37
3220,CE_F170,10, Burner retrofit                    ,-120000000.0,4495.2
3221,CE_F170,11, High efficiency clinker coolers    ,-100000000.0,13485.59
3222,CE_F170,12, Substitute OPC with LC3 cement     ,-80000000.0,17980.78
3223,CE_F170,13, Increasing fly ash to 35% in PPC   ,-70000000.0,44951.96
3224,CE_F170,14, Renewable energy use in electricity,180000000.0,35961.57
3225,CE_F170,15, Increasing TSR to 30% in kiln fuel ,420000000.0,80913.53
3226,CE_F170,16, CCS                                ,900000000.0,269711.75
3227,CE_F170,17, Decreasing clinker to 85% in OPC   ,1200000000.0,22475.98
3228,CE_F170,18, CCU                                ,1860000000.0,269711.75
3229,CE_F170,19, Offset                             ,1880000000.0,53942.35
3230,CE_F171,1, Efficient electrical equipment     ,-430000000.0,11002.45
3231,CE_F171,2, Waste heat recovery                ,-420000000.0,44009.8
3232,CE_F171,3, Automation system                  ,-410000000.0,22004.9
3233,CE_F171,4, Efficient grinding system          ,-360000000.0,27506.13
3234,CE_F171,5, Optimising auxiliary power         ,-340000000.0,5501.23
3235,CE_F171,6, Increasing slag to 70% in PSC      ,-300000000.0,27506.13
3236,CE_F171,7, Enhancement in Kiln                ,-280000000.0,16503.68
3237,CE_F171,8, Heat rate reduction in CPP         ,-260000000.0,11002.45
3238,CE_F171,9, Improving burnability of material  ,-130000000.0,38508.58
3239,CE_F171,10, Burner retrofit                    ,-120000000.0,5501.23
3240,CE_F171,11, High efficiency clinker coolers    ,-100000000.0,16503.68
3241,CE_F171,12, Substitute OPC with LC3 cement     ,-80000000.0,22004.9
3242,CE_F171,13, Increasing fly ash to 35% in PPC   ,-70000000.0,55012.26
3243,CE_F171,14, Renewable energy use in electricity,180000000.0,44009.8
3244,CE_F171,15, Increasing TSR to 30% in kiln fuel ,420000000.0,99022.06
3245,CE_F171,16, CCS                                ,900000000.0,330073.53
3246,CE_F171,17, Decreasing clinker to 85% in OPC   ,1200000000.0,27506.13
3247,CE_F171,18, CCU                                ,1860000000.0,330073.53
3248,CE_F171,19, Offset                             ,1880000000.0,66014.71
3249,CE_F172,1, Efficient electrical equipment     ,-430000000.0,21628.42
3250,CE_F172,2, Waste heat recovery                ,-420000000.0,86513.66
3251,CE_F172,3, Automation system                  ,-410000000.0,43256.83
3252,CE_F172,4, Efficient grinding system          ,-360000000.0,54071.04
3253,CE_F172,5, Optimising auxiliary power         ,-340000000.0,10814.21
3254,CE_F172,6, Increasing slag to 70% in PSC      ,-300000000.0,54071.04
3255,CE_F172,7, Enhancement in Kiln                ,-280000000.0,32442.62
3256,CE_F172,8, Heat rate reduction in CPP         ,-260000000.0,21628.42
3257,CE_F172,9, Improving burnability of material  ,-130000000.0,75699.45
3258,CE_F172,10, Burner retrofit                    ,-120000000.0,10814.21
3259,CE_F172,11, High efficiency clinker coolers    ,-100000000.0,32442.62
3260,CE_F172,12, Substitute OPC with LC3 cement     ,-80000000.0,43256.83
3261,CE_F172,13, Increasing fly ash to 35% in PPC   ,-70000000.0,108142.08
3262,CE_F172,14, Renewable energy use in electricity,180000000.0,86513.66
3263,CE_F172,15, Increasing TSR to 30% in kiln fuel ,420000000.0,194655.74
3264,CE_F172,16, CCS                                ,900000000.0,648852.46
3265,CE_F172,17, Decreasing clinker to 85% in OPC   ,1200000000.0,54071.04
3266,CE_F172,18, CCU                                ,1860000000.0,648852.46
3267,CE_F172,19, Offset                             ,1880000000.0,129770.49
3268,CE_F173,1, Efficient electrical equipment     ,-430000000.0,12358.17
3269,CE_F173,2, Waste heat recovery                ,-420000000.0,49432.69
3270,CE_F173,3, Automation system                  ,-410000000.0,24716.34
3271,CE_F173,4, Efficient grinding system          ,-360000000.0,30895.43
3272,CE_F173,5, Optimising auxiliary power         ,-340000000.0,6179.09
3273,CE_F173,6, Increasing slag to 70% in PSC      ,-300000000.0,30895.43
3274,CE_F173,7, Enhancement in Kiln                ,-280000000.0,18537.26
3275,CE_F173,8, Heat rate reduction in CPP         ,-260000000.0,12358.17
3276,CE_F173,9, Improving burnability of material  ,-130000000.0,43253.6
3277,CE_F173,10, Burner retrofit                    ,-120000000.0,6179.09
3278,CE_F173,11, High efficiency clinker coolers    ,-100000000.0,18537.26
3279,CE_F173,12, Substitute OPC with LC3 cement     ,-80000000.0,24716.34
3280,CE_F173,13, Increasing fly ash to 35% in PPC   ,-70000000.0,61790.86
3281,CE_F173,14, Renewable energy use in electricity,180000000.0,49432.69
3282,CE_F173,15, Increasing TSR to 30% in kiln fuel ,420000000.0,111223.55
3283,CE_F173,16, CCS                                ,900000000.0,370745.16
3284,CE_F173,17, Decreasing clinker to 85% in OPC   ,1200000000.0,30895.43
3285,CE_F173,18, CCU                                ,1860000000.0,370745.16
3286,CE_F173,19, Offset                             ,1880000000.0,74149.03
3287,CE_F174,1, Efficient electrical equipment     ,-430000000.0,23383.3
3288,CE_F174,2, Waste heat recovery                ,-420000000.0,93533.2
3289,CE_F174,3, Automation system                  ,-410000000.0,46766.6
3290,CE_F174,4, Efficient grinding system          ,-360000000.0,58458.25
3291,CE_F174,5, Optimising auxiliary power         ,-340000000.0,11691.65
3292,CE_F174,6, Increasing slag to 70% in PSC      ,-300000000.0,58458.25
3293,CE_F174,7, Enhancement in Kiln                ,-280000000.0,35074.95
3294,CE_F174,8, Heat rate reduction in CPP         ,-260000000.0,23383.3
3295,CE_F174,9, Improving burnability of material  ,-130000000.0,81841.55
3296,CE_F174,10, Burner retrofit                    ,-120000000.0,11691.65
3297,CE_F174,11, High efficiency clinker coolers    ,-100000000.0,35074.95
3298,CE_F174,12, Substitute OPC with LC3 cement     ,-80000000.0,46766.6
3299,CE_F174,13, Increasing fly ash to 35% in PPC   ,-70000000.0,116916.5
3300,CE_F174,14, Renewable energy use in electricity,180000000.0,93533.2
3301,CE_F174,15, Increasing TSR to 30% in kiln fuel ,420000000.0,210449.7
3302,CE_F174,16, CCS                                ,900000000.0,701498.99
3303,CE_F174,17, Decreasing clinker to 85% in OPC   ,1200000000.0,58458.25
3304,CE_F174,18, CCU                                ,1860000000.0,701498.99
3305,CE_F174,19, Offset                             ,1880000000.0,140299.8
3306,CE_F175,1, Efficient electrical equipment     ,-430000000.0,16856.59
3307,CE_F175,2, Waste heat recovery                ,-420000000.0,67426.37
3308,CE_F175,3, Automation system                  ,-410000000.0,33713.19
3309,CE_F175,4, Efficient grinding system          ,-360000000.0,42141.48
3310,CE_F175,5, Optimising auxiliary power         ,-340000000.0,8428.3
3311,CE_F175,6, Increasing slag to 70% in PSC      ,-300000000.0,42141.48
3312,CE_F175,7, Enhancement in Kiln                ,-280000000.0,25284.89
3313,CE_F175,8, Heat rate reduction in CPP         ,-260000000.0,16856.59
3314,CE_F175,9, Improving burnability of material  ,-130000000.0,58998.08
3315,CE_F175,10, Burner retrofit                    ,-120000000.0,8428.3
3316,CE_F175,11, High efficiency clinker coolers    ,-100000000.0,25284.89
3317,CE_F175,12, Substitute OPC with LC3 cement     ,-80000000.0,33713.19
3318,CE_F175,13, Increasing fly ash to 35% in PPC   ,-70000000.0,84282.97
3319,CE_F175,14, Renewable energy use in electricity,180000000.0,67426.37
3320,CE_F175,15, Increasing TSR to 30% in kiln fuel ,420000000.0,151709.34
3321,CE_F175,16, CCS                                ,900000000.0,505697.8
3322,CE_F175,17, Decreasing clinker to 85% in OPC   ,1200000000.0,42141.48
3323,CE_F175,18, CCU                                ,1860000000.0,505697.8
3324,CE_F175,19, Offset                             ,1880000000.0,101139.56
3325,CE_F176,1, Efficient electrical equipment     ,-430000000.0,14364.64
3326,CE_F176,2, Waste heat recovery                ,-420000000.0,57458.56
3327,CE_F176,3, Automation system                  ,-410000000.0,28729.28
3328,CE_F176,4, Efficient grinding system          ,-360000000.0,35911.6
3329,CE_F176,5, Optimising auxiliary power         ,-340000000.0,7182.32
3330,CE_F176,6, Increasing slag to 70% in PSC      ,-300000000.0,35911.6
3331,CE_F176,7, Enhancement in Kiln                ,-280000000.0,21546.96
3332,CE_F176,8, Heat rate reduction in CPP         ,-260000000.0,14364.64
3333,CE_F176,9, Improving burnability of material  ,-130000000.0,50276.24
3334,CE_F176,10, Burner retrofit                    ,-120000000.0,7182.32
3335,CE_F176,11, High efficiency clinker coolers    ,-100000000.0,21546.96
3336,CE_F176,12, Substitute OPC with LC3 cement     ,-80000000.0,28729.28
3337,CE_F176,13, Increasing fly ash to 35% in PPC   ,-70000000.0,71823.2
3338,CE_F176,14, Renewable energy use in electricity,180000000.0,57458.56
3339,CE_F176,15, Increasing TSR to 30% in kiln fuel ,420000000.0,129281.77
3340,CE_F176,16, CCS                                ,900000000.0,430939.23
3341,CE_F176,17, Decreasing clinker to 85% in OPC   ,1200000000.0,35911.6
3342,CE_F176,18, CCU                                ,1860000000.0,430939.23
3343,CE_F176,19, Offset                             ,1880000000.0,86187.85
3344,CE_F177,1, Efficient electrical equipment     ,-430000000.0,13554.53
3345,CE_F177,2, Waste heat recovery                ,-420000000.0,54218.14
3346,CE_F177,3, Automation system                  ,-410000000.0,27109.07
3347,CE_F177,4, Efficient grinding system          ,-360000000.0,33886.34
3348,CE_F177,5, Optimising auxiliary power         ,-340000000.0,6777.27
3349,CE_F177,6, Increasing slag to 70% in PSC      ,-300000000.0,33886.34
3350,CE_F177,7, Enhancement in Kiln                ,-280000000.0,20331.8
3351,CE_F177,8, Heat rate reduction in CPP         ,-260000000.0,13554.53
3352,CE_F177,9, Improving burnability of material  ,-130000000.0,47440.87
3353,CE_F177,10, Burner retrofit                    ,-120000000.0,6777.27
3354,CE_F177,11, High efficiency clinker coolers    ,-100000000.0,20331.8
3355,CE_F177,12, Substitute OPC with LC3 cement     ,-80000000.0,27109.07
3356,CE_F177,13, Increasing fly ash to 35% in PPC   ,-70000000.0,67772.67
3357,CE_F177,14, Renewable energy use in electricity,180000000.0,54218.14
3358,CE_F177,15, Increasing TSR to 30% in kiln fuel ,420000000.0,121990.81
3359,CE_F177,16, CCS                                ,900000000.0,406636.02
3360,CE_F177,17, Decreasing clinker to 85% in OPC   ,1200000000.0,33886.34
3361,CE_F177,18, CCU                                ,1860000000.0,406636.02
3362,CE_F177,19, Offset                             ,1880000000.0,81327.2
3363,CE_F178,1, Efficient electrical equipment     ,-430000000.0,4276.38
3364,CE_F178,2, Waste heat recovery                ,-420000000.0,17105.52
3365,CE_F178,3, Automation system                  ,-410000000.0,8552.76
3366,CE_F178,4, Efficient grinding system          ,-360000000.0,10690.95
3367,CE_F178,5, Optimising auxiliary power         ,-340000000.0,2138.19
3368,CE_F178,6, Increasing slag to 70% in PSC      ,-300000000.0,10690.95
3369,CE_F178,7, Enhancement in Kiln                ,-280000000.0,6414.57
3370,CE_F178,8, Heat rate reduction in CPP         ,-260000000.0,4276.38
3371,CE_F178,9, Improving burnability of material  ,-130000000.0,14967.33
3372,CE_F178,10, Burner retrofit                    ,-120000000.0,2138.19
3373,CE_F178,11, High efficiency clinker coolers    ,-100000000.0,6414.57
3374,CE_F178,12, Substitute OPC with LC3 cement     ,-80000000.0,8552.76
3375,CE_F178,13, Increasing fly ash to 35% in PPC   ,-70000000.0,21381.9
3376,CE_F178,14, Renewable energy use in electricity,180000000.0,17105.52
3377,CE_F178,15, Increasing TSR to 30% in kiln fuel ,420000000.0,38487.42
3378,CE_F178,16, CCS                                ,900000000.0,128291.39
3379,CE_F178,17, Decreasing clinker to 85% in OPC   ,1200000000.0,10690.95
3380,CE_F178,18, CCU                                ,1860000000.0,128291.39
3381,CE_F178,19, Offset                             ,1880000000.0,25658.28
3382,CE_F179,1, Efficient electrical equipment     ,-430000000.0,3669.87
3383,CE_F179,2, Waste heat recovery                ,-420000000.0,14679.48
3384,CE_F179,3, Automation system                  ,-410000000.0,7339.74
3385,CE_F179,4, Efficient grinding system          ,-360000000.0,9174.67
3386,CE_F179,5, Optimising auxiliary power         ,-340000000.0,1834.93
3387,CE_F179,6, Increasing slag to 70% in PSC      ,-300000000.0,9174.67
3388,CE_F179,7, Enhancement in Kiln                ,-280000000.0,5504.8
3389,CE_F179,8, Heat rate reduction in CPP         ,-260000000.0,3669.87
3390,CE_F179,9, Improving burnability of material  ,-130000000.0,12844.54
3391,CE_F179,10, Burner retrofit                    ,-120000000.0,1834.93
3392,CE_F179,11, High efficiency clinker coolers    ,-100000000.0,5504.8
3393,CE_F179,12, Substitute OPC with LC3 cement     ,-80000000.0,7339.74
3394,CE_F179,13, Increasing fly ash to 35% in PPC   ,-70000000.0,18349.35
3395,CE_F179,14, Renewable energy use in electricity,180000000.0,14679.48
3396,CE_F179,15, Increasing TSR to 30% in kiln fuel ,420000000.0,33028.82
3397,CE_F179,16, CCS                                ,900000000.0,110096.08
3398,CE_F179,17, Decreasing clinker to 85% in OPC   ,1200000000.0,9174.67
3399,CE_F179,18, CCU                                ,1860000000.0,110096.08
3400,CE_F179,19, Offset                             ,1880000000.0,22019.22
3401,CE_F180,1, Efficient electrical equipment     ,-430000000.0,22368.2
3402,CE_F180,2, Waste heat recovery                ,-420000000.0,89472.81
3403,CE_F180,3, Automation system                  ,-410000000.0,44736.4
3404,CE_F180,4, Efficient grinding system          ,-360000000.0,55920.5
3405,CE_F180,5, Optimising auxiliary power         ,-340000000.0,11184.1
3406,CE_F180,6, Increasing slag to 70% in PSC      ,-300000000.0,55920.5
3407,CE_F180,7, Enhancement in Kiln                ,-280000000.0,33552.3
3408,CE_F180,8, Heat rate reduction in CPP         ,-260000000.0,22368.2
3409,CE_F180,9, Improving burnability of material  ,-130000000.0,78288.71
3410,CE_F180,10, Burner retrofit                    ,-120000000.0,11184.1
3411,CE_F180,11, High efficiency clinker coolers    ,-100000000.0,33552.3
3412,CE_F180,12, Substitute OPC with LC3 cement     ,-80000000.0,44736.4
3413,CE_F180,13, Increasing fly ash to 35% in PPC   ,-70000000.0,111841.01
3414,CE_F180,14, Renewable energy use in electricity,180000000.0,89472.81
3415,CE_F180,15, Increasing TSR to 30% in kiln fuel ,420000000.0,201313.82
3416,CE_F180,16, CCS                                ,900000000.0,671046.05
3417,CE_F180,17, Decreasing clinker to 85% in OPC   ,1200000000.0,55920.5
3418,CE_F180,18, CCU                                ,1860000000.0,671046.05
3419,CE_F180,19, Offset                             ,1880000000.0,134209.21
3420,CE_F181,1, Efficient electrical equipment     ,-430000000.0,5711.0
3421,CE_F181,2, Waste heat recovery                ,-420000000.0,22844.01
3422,CE_F181,3, Automation system                  ,-410000000.0,11422.01
3423,CE_F181,4, Efficient grinding system          ,-360000000.0,14277.51
3424,CE_F181,5, Optimising auxiliary power         ,-340000000.0,2855.5
3425,CE_F181,6, Increasing slag to 70% in PSC      ,-300000000.0,14277.51
3426,CE_F181,7, Enhancement in Kiln                ,-280000000.0,8566.5
3427,CE_F181,8, Heat rate reduction in CPP         ,-260000000.0,5711.0
3428,CE_F181,9, Improving burnability of material  ,-130000000.0,19988.51
3429,CE_F181,10, Burner retrofit                    ,-120000000.0,2855.5
3430,CE_F181,11, High efficiency clinker coolers    ,-100000000.0,8566.5
3431,CE_F181,12, Substitute OPC with LC3 cement     ,-80000000.0,11422.01
3432,CE_F181,13, Increasing fly ash to 35% in PPC   ,-70000000.0,28555.01
3433,CE_F181,14, Renewable energy use in electricity,180000000.0,22844.01
3434,CE_F181,15, Increasing TSR to 30% in kiln fuel ,420000000.0,51399.03
3435,CE_F181,16, CCS                                ,900000000.0,171330.09
3436,CE_F181,17, Decreasing clinker to 85% in OPC   ,1200000000.0,14277.51
3437,CE_F181,18, CCU                                ,1860000000.0,171330.09
3438,CE_F181,19, Offset                             ,1880000000.0,34266.02
3439,CE_F182,1, Efficient electrical equipment     ,-430000000.0,4280.08
3440,CE_F182,2, Waste heat recovery                ,-420000000.0,17120.31
3441,CE_F182,3, Automation system                  ,-410000000.0,8560.15
3442,CE_F182,4, Efficient grinding system          ,-360000000.0,10700.19
3443,CE_F182,5, Optimising auxiliary power         ,-340000000.0,2140.04
3444,CE_F182,6, Increasing slag to 70% in PSC      ,-300000000.0,10700.19
3445,CE_F182,7, Enhancement in Kiln                ,-280000000.0,6420.12
3446,CE_F182,8, Heat rate reduction in CPP         ,-260000000.0,4280.08
3447,CE_F182,9, Improving burnability of material  ,-130000000.0,14980.27
3448,CE_F182,10, Burner retrofit                    ,-120000000.0,2140.04
3449,CE_F182,11, High efficiency clinker coolers    ,-100000000.0,6420.12
3450,CE_F182,12, Substitute OPC with LC3 cement     ,-80000000.0,8560.15
3451,CE_F182,13, Increasing fly ash to 35% in PPC   ,-70000000.0,21400.39
3452,CE_F182,14, Renewable energy use in electricity,180000000.0,17120.31
3453,CE_F182,15, Increasing TSR to 30% in kiln fuel ,420000000.0,38520.69
3454,CE_F182,16, CCS                                ,900000000.0,128402.31
3455,CE_F182,17, Decreasing clinker to 85% in OPC   ,1200000000.0,10700.19
3456,CE_F182,18, CCU                                ,1860000000.0,128402.31
3457,CE_F182,19, Offset                             ,1880000000.0,25680.46
3458,CE_F183,1, Efficient electrical equipment     ,-430000000.0,38001.22
3459,CE_F183,2, Waste heat recovery                ,-420000000.0,152004.89
3460,CE_F183,3, Automation system                  ,-410000000.0,76002.45
3461,CE_F183,4, Efficient grinding system          ,-360000000.0,95003.06
3462,CE_F183,5, Optimising auxiliary power         ,-340000000.0,19000.61
3463,CE_F183,6, Increasing slag to 70% in PSC      ,-300000000.0,95003.06
3464,CE_F183,7, Enhancement in Kiln                ,-280000000.0,57001.83
3465,CE_F183,8, Heat rate reduction in CPP         ,-260000000.0,38001.22
3466,CE_F183,9, Improving burnability of material  ,-130000000.0,133004.28
3467,CE_F183,10, Burner retrofit                    ,-120000000.0,19000.61
3468,CE_F183,11, High efficiency clinker coolers    ,-100000000.0,57001.83
3469,CE_F183,12, Substitute OPC with LC3 cement     ,-80000000.0,76002.45
3470,CE_F183,13, Increasing fly ash to 35% in PPC   ,-70000000.0,190006.11
3471,CE_F183,14, Renewable energy use in electricity,180000000.0,152004.89
3472,CE_F183,15, Increasing TSR to 30% in kiln fuel ,420000000.0,342011.0
3473,CE_F183,16, CCS                                ,900000000.0,1140036.68
3474,CE_F183,17, Decreasing clinker to 85% in OPC   ,1200000000.0,95003.06
3475,CE_F183,18, CCU                                ,1860000000.0,1140036.68
3476,CE_F183,19, Offset                             ,1880000000.0,228007.34
3477,CE_F184,1, Efficient electrical equipment     ,-430000000.0,10551.87
3478,CE_F184,2, Waste heat recovery                ,-420000000.0,42207.48
3479,CE_F184,3, Automation system                  ,-410000000.0,21103.74
3480,CE_F184,4, Efficient grinding system          ,-360000000.0,26379.67
3481,CE_F184,5, Optimising auxiliary power         ,-340000000.0,5275.93
3482,CE_F184,6, Increasing slag to 70% in PSC      ,-300000000.0,26379.67
3483,CE_F184,7, Enhancement in Kiln                ,-280000000.0,15827.8
3484,CE_F184,8, Heat rate reduction in CPP         ,-260000000.0,10551.87
3485,CE_F184,9, Improving burnability of material  ,-130000000.0,36931.54
3486,CE_F184,10, Burner retrofit                    ,-120000000.0,5275.93
3487,CE_F184,11, High efficiency clinker coolers    ,-100000000.0,15827.8
3488,CE_F184,12, Substitute OPC with LC3 cement     ,-80000000.0,21103.74
3489,CE_F184,13, Increasing fly ash to 35% in PPC   ,-70000000.0,52759.35
3490,CE_F184,14, Renewable energy use in electricity,180000000.0,42207.48
3491,CE_F184,15, Increasing TSR to 30% in kiln fuel ,420000000.0,94966.82
3492,CE_F184,16, CCS                                ,900000000.0,316556.08
3493,CE_F184,17, Decreasing clinker to 85% in OPC   ,1200000000.0,26379.67
3494,CE_F184,18, CCU                                ,1860000000.0,316556.08
3495,CE_F184,19, Offset                             ,1880000000.0,63311.22
3496,CE_F185,1, Efficient electrical equipment     ,-430000000.0,4301.24
3497,CE_F185,2, Waste heat recovery                ,-420000000.0,17204.96
3498,CE_F185,3, Automation system                  ,-410000000.0,8602.48
3499,CE_F185,4, Efficient grinding system          ,-360000000.0,10753.1
3500,CE_F185,5, Optimising auxiliary power         ,-340000000.0,2150.62
3501,CE_F185,6, Increasing slag to 70% in PSC      ,-300000000.0,10753.1
3502,CE_F185,7, Enhancement in Kiln                ,-280000000.0,6451.86
3503,CE_F185,8, Heat rate reduction in CPP         ,-260000000.0,4301.24
3504,CE_F185,9, Improving burnability of material  ,-130000000.0,15054.34
3505,CE_F185,10, Burner retrofit                    ,-120000000.0,2150.62
3506,CE_F185,11, High efficiency clinker coolers    ,-100000000.0,6451.86
3507,CE_F185,12, Substitute OPC with LC3 cement     ,-80000000.0,8602.48
3508,CE_F185,13, Increasing fly ash to 35% in PPC   ,-70000000.0,21506.2
3509,CE_F185,14, Renewable energy use in electricity,180000000.0,17204.96
3510,CE_F185,15, Increasing TSR to 30% in kiln fuel ,420000000.0,38711.16
3511,CE_F185,16, CCS                                ,900000000.0,129037.21
3512,CE_F185,17, Decreasing clinker to 85% in OPC   ,1200000000.0,10753.1
3513,CE_F185,18, CCU                                ,1860000000.0,129037.21
3514,CE_F185,19, Offset                             ,1880000000.0,25807.44
3515,CE_F186,1, Efficient electrical equipment     ,-430000000.0,9529.09
3516,CE_F186,2, Waste heat recovery                ,-420000000.0,38116.34
3517,CE_F186,3, Automation system                  ,-410000000.0,19058.17
3518,CE_F186,4, Efficient grinding system          ,-360000000.0,23822.72
3519,CE_F186,5, Optimising auxiliary power         ,-340000000.0,4764.54
3520,CE_F186,6, Increasing slag to 70% in PSC      ,-300000000.0,23822.72
3521,CE_F186,7, Enhancement in Kiln                ,-280000000.0,14293.63
3522,CE_F186,8, Heat rate reduction in CPP         ,-260000000.0,9529.09
3523,CE_F186,9, Improving burnability of material  ,-130000000.0,33351.8
3524,CE_F186,10, Burner retrofit                    ,-120000000.0,4764.54
3525,CE_F186,11, High efficiency clinker coolers    ,-100000000.0,14293.63
3526,CE_F186,12, Substitute OPC with LC3 cement     ,-80000000.0,19058.17
3527,CE_F186,13, Increasing fly ash to 35% in PPC   ,-70000000.0,47645.43
3528,CE_F186,14, Renewable energy use in electricity,180000000.0,38116.34
3529,CE_F186,15, Increasing TSR to 30% in kiln fuel ,420000000.0,85761.77
3530,CE_F186,16, CCS                                ,900000000.0,285872.58
3531,CE_F186,17, Decreasing clinker to 85% in OPC   ,1200000000.0,23822.72
3532,CE_F186,18, CCU                                ,1860000000.0,285872.58
3533,CE_F186,19, Offset                             ,1880000000.0,57174.52
3534,AL_F1  ,1, Alumina energy efficiency          ,-700000000.0,1719911.11
3535,AL_F1  ,2, Aluminium energy efficiency        ,-150000000.0,687964.44
3536,AL_F1  ,3, Electrolysis off gas WHR           ,-20000000.0,171991.11
3537,AL_F1  ,4, Fuel switch: Biomass               ,200000000.0,687964.44
3538,AL_F1  ,5, Retrofit with inert anodes         ,220000000.0,1719911.11
3539,AL_F1  ,6, Cell operation optimisation        ,400000000.0,687964.44
3540,AL_F1  ,7, Renewable electricity use          ,600000000.0,13071324.44
3541,AL_F1  ,8, CCS                                ,950000000.0,2751857.78
3542,AL_F1  ,9, Fuel switching to NG               ,2150000000.0,1375928.89
3543,AL_F1  ,10, CCU                                ,4900000000.0,3439822.22
3544,AL_F1  ,11, Offset                             ,4910000000.0,171991.11
3545,AL_F2  ,1, Alumina energy efficiency          ,-700000000.0,623415.0
3546,AL_F2  ,2, Aluminium energy efficiency        ,-150000000.0,249366.0
3547,AL_F2  ,3, Electrolysis off gas WHR           ,-20000000.0,62341.5
3548,AL_F2  ,4, Fuel switch: Biomass               ,200000000.0,207805.0
3549,AL_F2  ,5, Retrofit with inert anodes         ,220000000.0,519512.5
3550,AL_F2  ,6, Cell operation optimisation        ,400000000.0,207805.0
3551,AL_F2  ,7, Renewable electricity use          ,600000000.0,3948295.0
3552,AL_F2  ,8, CCS                                ,950000000.0,831220.0
3553,AL_F2  ,9, Fuel switching to NG               ,2150000000.0,83122.0
3554,AL_F2  ,10, CCU                                ,4900000000.0,207805.0
3555,AL_F2  ,11, Offset                             ,4910000000.0,10390.25
3556,AL_F3  ,1, Alumina energy efficiency          ,-700000000.0,822005.56
3557,AL_F3  ,2, Aluminium energy efficiency        ,-150000000.0,328802.22
3558,AL_F3  ,3, Electrolysis off gas WHR           ,-20000000.0,82200.56
3559,AL_F3  ,4, Fuel switch: Biomass               ,200000000.0,328802.22
3560,AL_F3  ,5, Retrofit with inert anodes         ,220000000.0,822005.56
3561,AL_F3  ,6, Cell operation optimisation        ,400000000.0,328802.22
3562,AL_F3  ,7, Renewable electricity use          ,600000000.0,6247242.22
3563,AL_F3  ,8, CCS                                ,950000000.0,1315208.89
3564,AL_F3  ,9, Fuel switching to NG               ,2150000000.0,657604.44
3565,AL_F3  ,10, CCU                                ,4900000000.0,1644011.11
3566,AL_F3  ,11, Offset                             ,4910000000.0,82200.56
3567,AL_F4  ,1, Alumina energy efficiency          ,-700000000.0,620000.0
3568,AL_F4  ,2, Aluminium energy efficiency        ,-150000000.0,248000.0
3569,AL_F4  ,3, Electrolysis off gas WHR           ,-20000000.0,62000.0
3570,AL_F4  ,4, Fuel switch: Biomass               ,200000000.0,206666.67
3571,AL_F4  ,5, Retrofit with inert anodes         ,220000000.0,516666.67
3572,AL_F4  ,6, Cell operation optimisation        ,400000000.0,206666.67
3573,AL_F4  ,7, Renewable electricity use          ,600000000.0,3926666.67
3574,AL_F4  ,8, CCS                                ,950000000.0,826666.67
3575,AL_F4  ,9, Fuel switching to NG               ,2150000000.0,82666.67
3576,AL_F4  ,10, CCU                                ,4900000000.0,206666.67
3577,AL_F4  ,11, Offset                             ,4910000000.0,10333.33
3578,AL_F5  ,1, Alumina energy efficiency          ,-700000000.0,772019.44
3579,AL_F5  ,2, Aluminium energy efficiency        ,-150000000.0,308807.78
3580,AL_F5  ,3, Electrolysis off gas WHR           ,-20000000.0,77201.94
3581,AL_F5  ,4, Fuel switch: Biomass               ,200000000.0,308807.78
3582,AL_F5  ,5, Retrofit with inert anodes         ,220000000.0,772019.44
3583,AL_F5  ,6, Cell operation optimisation        ,400000000.0,308807.78
3584,AL_F5  ,7, Renewable electricity use          ,600000000.0,5867347.78
3585,AL_F5  ,8, CCS                                ,950000000.0,1235231.11
3586,AL_F5  ,9, Fuel switching to NG               ,2150000000.0,617615.56
3587,AL_F5  ,10, CCU                                ,4900000000.0,1544038.89
3588,AL_F5  ,11, Offset                             ,4910000000.0,77201.94
3589,AL_F6  ,1, Alumina energy efficiency          ,-700000000.0,789095.0
3590,AL_F6  ,2, Aluminium energy efficiency        ,-150000000.0,315638.0
3591,AL_F6  ,3, Electrolysis off gas WHR           ,-20000000.0,78909.5
3592,AL_F6  ,4, Fuel switch: Biomass               ,200000000.0,263031.67
3593,AL_F6  ,5, Retrofit with inert anodes         ,220000000.0,657579.17
3594,AL_F6  ,6, Cell operation optimisation        ,400000000.0,263031.67
3595,AL_F6  ,7, Renewable electricity use          ,600000000.0,4997601.67
3596,AL_F6  ,8, CCS                                ,950000000.0,1052126.67
3597,AL_F6  ,9, Fuel switching to NG               ,2150000000.0,105212.67
3598,AL_F6  ,10, CCU                                ,4900000000.0,263031.67
3599,AL_F6  ,11, Offset                             ,4910000000.0,13151.58
3600,AL_F7  ,1, Alumina energy efficiency          ,-700000000.0,298050.0
3601,AL_F7  ,2, Aluminium energy efficiency        ,-150000000.0,119220.0
3602,AL_F7  ,3, Electrolysis off gas WHR           ,-20000000.0,29805.0
3603,AL_F7  ,4, Fuel switch: Biomass               ,200000000.0,99350.0
3604,AL_F7  ,5, Retrofit with inert anodes         ,220000000.0,248375.0
3605,AL_F7  ,6, Cell operation optimisation        ,400000000.0,99350.0
3606,AL_F7  ,7, Renewable electricity use          ,600000000.0,1887650.0
3607,AL_F7  ,8, CCS                                ,950000000.0,397400.0
3608,AL_F7  ,9, Fuel switching to NG               ,2150000000.0,39740.0
3609,AL_F7  ,10, CCU                                ,4900000000.0,99350.0
3610,AL_F7  ,11, Offset                             ,4910000000.0,4967.5
3611,AL_F8  ,1, Alumina energy efficiency          ,-700000000.0,706173.33
3612,AL_F8  ,2, Aluminium energy efficiency        ,-150000000.0,282469.33
3613,AL_F8  ,3, Electrolysis off gas WHR           ,-20000000.0,70617.33
3614,AL_F8  ,4, Fuel switch: Biomass               ,200000000.0,235391.11
3615,AL_F8  ,5, Retrofit with inert anodes         ,220000000.0,588477.78
3616,AL_F8  ,6, Cell operation optimisation        ,400000000.0,235391.11
3617,AL_F8  ,7, Renewable electricity use          ,600000000.0,4472431.11
3618,AL_F8  ,8, CCS                                ,950000000.0,941564.44
3619,AL_F8  ,9, Fuel switching to NG               ,2150000000.0,94156.44
3620,AL_F8  ,10, CCU                                ,4900000000.0,235391.11
3621,AL_F8  ,11, Offset                             ,4910000000.0,11769.56
3622,AL_F9  ,1, Alumina energy efficiency          ,-700000000.0,481868.33
3623,AL_F9  ,2, Aluminium energy efficiency        ,-150000000.0,192747.33
3624,AL_F9  ,3, Electrolysis off gas WHR           ,-20000000.0,48186.83
3625,AL_F9  ,4, Fuel switch: Biomass               ,200000000.0,160622.78
3626,AL_F9  ,5, Retrofit with inert anodes         ,220000000.0,401556.94
3627,AL_F9  ,6, Cell operation optimisation        ,400000000.0,160622.78
3628,AL_F9  ,7, Renewable electricity use          ,600000000.0,3051832.78
3629,AL_F9  ,8, CCS                                ,950000000.0,642491.11
3630,AL_F9  ,9, Fuel switching to NG               ,2150000000.0,64249.11
3631,AL_F9  ,10, CCU                                ,4900000000.0,160622.78
3632,AL_F9  ,11, Offset                             ,4910000000.0,8031.14
3633,AL_F10 ,1, Alumina energy efficiency          ,-700000000.0,3396365.28
3634,AL_F10 ,2, Aluminium energy efficiency        ,-150000000.0,1358546.11
3635,AL_F10 ,3, Electrolysis off gas WHR           ,-20000000.0,339636.53
3636,AL_F10 ,4, Fuel switch: Biomass               ,200000000.0,1358546.11
3637,AL_F10 ,5, Retrofit with inert anodes         ,220000000.0,3396365.28
3638,AL_F10 ,6, Cell operation optimisation        ,400000000.0,1358546.11
3639,AL_F10 ,7, Renewable electricity use          ,600000000.0,25812376.11
3640,AL_F10 ,8, CCS                                ,950000000.0,5434184.44
3641,AL_F10 ,9, Fuel switching to NG               ,2150000000.0,2717092.22
3642,AL_F10 ,10, CCU                                ,4900000000.0,6792730.56
3643,AL_F10 ,11, Offset                             ,4910000000.0,339636.53
3644,AL_F11 ,1, Alumina energy efficiency          ,-700000000.0,2519031.94
3645,AL_F11 ,2, Aluminium energy efficiency        ,-150000000.0,1007612.78
3646,AL_F11 ,3, Electrolysis off gas WHR           ,-20000000.0,251903.19
3647,AL_F11 ,4, Fuel switch: Biomass               ,200000000.0,1007612.78
3648,AL_F11 ,5, Retrofit with inert anodes         ,220000000.0,2519031.94
3649,AL_F11 ,6, Cell operation optimisation        ,400000000.0,1007612.78
3650,AL_F11 ,7, Renewable electricity use          ,600000000.0,19144642.78
3651,AL_F11 ,8, CCS                                ,950000000.0,4030451.11
3652,AL_F11 ,9, Fuel switching to NG               ,2150000000.0,2015225.56
3653,AL_F11 ,10, CCU                                ,4900000000.0,5038063.89
3654,AL_F11 ,11, Offset                             ,4910000000.0,251903.19
3655,AL_F12 ,1, Alumina energy efficiency          ,-700000000.0,2909758.33
3656,AL_F12 ,2, Aluminium energy efficiency        ,-150000000.0,1163903.33
3657,AL_F12 ,3, Electrolysis off gas WHR           ,-20000000.0,290975.83
3658,AL_F12 ,4, Fuel switch: Biomass               ,200000000.0,1163903.33
3659,AL_F12 ,5, Retrofit with inert anodes         ,220000000.0,2909758.33
3660,AL_F12 ,6, Cell operation optimisation        ,400000000.0,1163903.33
3661,AL_F12 ,7, Renewable electricity use          ,600000000.0,22114163.33
3662,AL_F12 ,8, CCS                                ,950000000.0,4655613.33
3663,AL_F12 ,9, Fuel switching to NG               ,2150000000.0,2327806.67
3664,AL_F12 ,10, CCU                                ,4900000000.0,5819516.67
3665,AL_F12 ,11, Offset                             ,4910000000.0,290975.83
3666,AL_F13 ,1, Alumina energy efficiency          ,-700000000.0,620845.0
3667,AL_F13 ,2, Aluminium energy efficiency        ,-150000000.0,248338.0
3668,AL_F13 ,3, Electrolysis off gas WHR           ,-20000000.0,62084.5
3669,AL_F13 ,4, Fuel switch: Biomass               ,200000000.0,206948.33
3670,AL_F13 ,5, Retrofit with inert anodes         ,220000000.0,517370.83
3671,AL_F13 ,6, Cell operation optimisation        ,400000000.0,206948.33
3672,AL_F13 ,7, Renewable electricity use          ,600000000.0,3932018.33
3673,AL_F13 ,8, CCS                                ,950000000.0,827793.33
3674,AL_F13 ,9, Fuel switching to NG               ,2150000000.0,82779.33
3675,AL_F13 ,10, CCU                                ,4900000000.0,206948.33
3676,AL_F13 ,11, Offset                             ,4910000000.0,10347.42
3677,AL_F14 ,1, Alumina energy efficiency          ,-700000000.0,78075.0
3678,AL_F14 ,2, Aluminium energy efficiency        ,-150000000.0,31230.0
3679,AL_F14 ,3, Electrolysis off gas WHR           ,-20000000.0,7807.5
3680,AL_F14 ,4, Fuel switch: Biomass               ,200000000.0,26025.0
3681,AL_F14 ,5, Retrofit with inert anodes         ,220000000.0,65062.5
3682,AL_F14 ,6, Cell operation optimisation        ,400000000.0,26025.0
3683,AL_F14 ,7, Renewable electricity use          ,600000000.0,494475.0
3684,AL_F14 ,8, CCS                                ,950000000.0,104100.0
3685,AL_F14 ,9, Fuel switching to NG               ,2150000000.0,10410.0
3686,AL_F14 ,10, CCU                                ,4900000000.0,26025.0
3687,AL_F14 ,11, Offset                             ,4910000000.0,1301.25
3688,AL_F15 ,1, Alumina energy efficiency          ,-700000000.0,172153.33
3689,AL_F15 ,2, Aluminium energy efficiency        ,-150000000.0,68861.33
3690,AL_F15 ,3, Electrolysis off gas WHR           ,-20000000.0,17215.33
3691,AL_F15 ,4, Fuel switch: Biomass               ,200000000.0,57384.44
3692,AL_F15 ,5, Retrofit with inert anodes         ,220000000.0,143461.11
3693,AL_F15 ,6, Cell operation optimisation        ,400000000.0,57384.44
3694,AL_F15 ,7, Renewable electricity use          ,600000000.0,1090304.44
3695,AL_F15 ,8, CCS                                ,950000000.0,229537.78
3696,AL_F15 ,9, Fuel switching to NG               ,2150000000.0,22953.78
3697,AL_F15 ,10, CCU                                ,4900000000.0,57384.44
3698,AL_F15 ,11, Offset                             ,4910000000.0,2869.22
3699,AL_F16 ,1, Alumina energy efficiency          ,-700000000.0,45441.67
3700,AL_F16 ,2, Aluminium energy efficiency        ,-150000000.0,18176.67
3701,AL_F16 ,3, Electrolysis off gas WHR           ,-20000000.0,4544.17
3702,AL_F16 ,4, Fuel switch: Biomass               ,200000000.0,15147.22
3703,AL_F16 ,5, Retrofit with inert anodes         ,220000000.0,37868.06
3704,AL_F16 ,6, Cell operation optimisation        ,400000000.0,15147.22
3705,AL_F16 ,7, Renewable electricity use          ,600000000.0,287797.22
3706,AL_F16 ,8, CCS                                ,950000000.0,60588.89
3707,AL_F16 ,9, Fuel switching to NG               ,2150000000.0,6058.89
3708,AL_F16 ,10, CCU                                ,4900000000.0,15147.22
3709,AL_F16 ,11, Offset                             ,4910000000.0,757.36
