firm_id, project_num, project_name                       , cost_per_tonne, abatement_potential
CE_F1  ,           1, Efficient electrical equipment     , -430000000.00 ,            20967.05
CE_F1  ,           2, Waste heat recovery                , -420000000.00 ,            83868.2
CE_F1  ,           3, Automation system                  , -410000000.00 ,            41934.1
CE_F1  ,           4, Efficient grinding system          , -360000000.00 ,            52417.63
CE_F1  ,           5, Optimising auxiliary power         , -340000000.00 ,            10483.53
CE_F1  ,           6, Increasing slag to 70% in PSC      , -300000000.00 ,            52417.63
CE_F1  ,           7, Enhancement in Kiln                , -280000000.00 ,            31450.58
CE_F1  ,           8, Heat rate reduction in CPP         , -260000000.00 ,            20967.05
CE_F1  ,           9, Improving burnability of material  , -130000000.00 ,            73384.68
CE_F1  ,          10, Burner retrofit                    , -120000000.00 ,            10483.53
CE_F1  ,          11, High efficiency clinker coolers    , -100000000.00 ,            31450.58
CE_F1  ,          12, Substitute OPC with LC3 cement     , -80000000.00  ,            41934.1
CE_F1  ,          13, Increasing fly ash to 35% in PPC   , -70000000.00  ,           104835.25
CE_F1  ,          14, Renewable energy use in electricity, 180000000.00  ,            83868.2
CE_F1  ,          15, Increasing TSR to 30% in kiln fuel , 420000000.00  ,           188703.45
CE_F1  ,          16, CCS                                , 900000000.00  ,           629011.51
CE_F1  ,          17, Decreasing clinker to 85% in OPC   , 1200000000.00 ,            52417.63
CE_F1  ,          18, CCU                                , 1860000000.00 ,           629011.51
CE_F1  ,          19, Offset                             , 1880000000.00 ,           125802.3
CE_F2  ,           1, Efficient electrical equipment     , -430000000.00 ,            15603.27
CE_F2  ,           2, Waste heat recovery                , -420000000.00 ,            62413.08
CE_F2  ,           3, Automation system                  , -410000000.00 ,            31206.54
CE_F2  ,           4, Efficient grinding system          , -360000000.00 ,            39008.18
CE_F2  ,           5, Optimising auxiliary power         , -340000000.00 ,             7801.64
CE_F2  ,           6, Increasing slag to 70% in PSC      , -300000000.00 ,            39008.18
CE_F2  ,           7, Enhancement in Kiln                , -280000000.00 ,            23404.91
CE_F2  ,           8, Heat rate reduction in CPP         , -260000000.00 ,            15603.27
CE_F2  ,           9, Improving burnability of material  , -130000000.00 ,            54611.45
CE_F2  ,          10, Burner retrofit                    , -120000000.00 ,             7801.64
CE_F2  ,          11, High efficiency clinker coolers    , -100000000.00 ,            23404.91
CE_F2  ,          12, Substitute OPC with LC3 cement     , -80000000.00  ,            31206.54
CE_F2  ,          13, Increasing fly ash to 35% in PPC   , -70000000.00  ,            78016.35
CE_F2  ,          14, Renewable energy use in electricity, 180000000.00  ,            62413.08
CE_F2  ,          15, Increasing TSR to 30% in kiln fuel , 420000000.00  ,           140429.43
CE_F2  ,          16, CCS                                , 900000000.00  ,           468098.1
CE_F2  ,          17, Decreasing clinker to 85% in OPC   , 1200000000.00 ,            39008.18
CE_F2  ,          18, CCU                                , 1860000000.00 ,           468098.1
CE_F2  ,          19, Offset                             , 1880000000.00 ,            93619.62
CE_F3  ,           1, Efficient electrical equipment     , -430000000.00 ,            18791.83
CE_F3  ,           2, Waste heat recovery                , -420000000.00 ,            75167.31
CE_F3  ,           3, Automation system                  , -410000000.00 ,            37583.66
CE_F3  ,           4, Efficient grinding system          , -360000000.00 ,            46979.57
CE_F3  ,           5, Optimising auxiliary power         , -340000000.00 ,             9395.91
CE_F3  ,           6, Increasing slag to 70% in PSC      , -300000000.00 ,            46979.57
CE_F3  ,           7, Enhancement in Kiln                , -280000000.00 ,            28187.74
CE_F3  ,           8, Heat rate reduction in CPP         , -260000000.00 ,            18791.83
CE_F3  ,           9, Improving burnability of material  , -130000000.00 ,            65771.4
CE_F3  ,          10, Burner retrofit                    , -120000000.00 ,             9395.91
CE_F3  ,          11, High efficiency clinker coolers    , -100000000.00 ,            28187.74
CE_F3  ,          12, Substitute OPC with LC3 cement     , -80000000.00  ,            37583.66
CE_F3  ,          13, Increasing fly ash to 35% in PPC   , -70000000.00  ,            93959.14
CE_F3  ,          14, Renewable energy use in electricity, 180000000.00  ,            75167.31
CE_F3  ,          15, Increasing TSR to 30% in kiln fuel , 420000000.00  ,           169126.45
CE_F3  ,          16, CCS                                , 900000000.00  ,           563754.84
CE_F3  ,          17, Decreasing clinker to 85% in OPC   , 1200000000.00 ,            46979.57
CE_F3  ,          18, CCU                                , 1860000000.00 ,           563754.84
CE_F3  ,          19, Offset                             , 1880000000.00 ,           112750.97
CE_F4  ,           1, Efficient electrical equipment     , -430000000.00 ,             6729.12
CE_F4  ,           2, Waste heat recovery                , -420000000.00 ,            26916.49
CE_F4  ,           3, Automation system                  , -410000000.00 ,            13458.24
CE_F4  ,           4, Efficient grinding system          , -360000000.00 ,            16822.8
CE_F4  ,           5, Optimising auxiliary power         , -340000000.00 ,             3364.56
CE_F4  ,           6, Increasing slag to 70% in PSC      , -300000000.00 ,            16822.8
CE_F4  ,           7, Enhancement in Kiln                , -280000000.00 ,            10093.68
CE_F4  ,           8, Heat rate reduction in CPP         , -260000000.00 ,             6729.12
CE_F4  ,           9, Improving burnability of material  , -130000000.00 ,            23551.93
CE_F4  ,          10, Burner retrofit                    , -120000000.00 ,             3364.56
CE_F4  ,          11, High efficiency clinker coolers    , -100000000.00 ,            10093.68
CE_F4  ,          12, Substitute OPC with LC3 cement     , -80000000.00  ,            13458.24
CE_F4  ,          13, Increasing fly ash to 35% in PPC   , -70000000.00  ,            33645.61
CE_F4  ,          14, Renewable energy use in electricity, 180000000.00  ,            26916.49
CE_F4  ,          15, Increasing TSR to 30% in kiln fuel , 420000000.00  ,            60562.09
CE_F4  ,          16, CCS                                , 900000000.00  ,           201873.65
CE_F4  ,          17, Decreasing clinker to 85% in OPC   , 1200000000.00 ,            16822.8
CE_F4  ,          18, CCU                                , 1860000000.00 ,           201873.65
CE_F4  ,          19, Offset                             , 1880000000.00 ,            40374.73
CE_F5  ,           1, Efficient electrical equipment     , -430000000.00 ,            25440.81
CE_F5  ,           2, Waste heat recovery                , -420000000.00 ,           101763.23
CE_F5  ,           3, Automation system                  , -410000000.00 ,            50881.61
CE_F5  ,           4, Efficient grinding system          , -360000000.00 ,            63602.02
CE_F5  ,           5, Optimising auxiliary power         , -340000000.00 ,            12720.4
CE_F5  ,           6, Increasing slag to 70% in PSC      , -300000000.00 ,            63602.02
CE_F5  ,           7, Enhancement in Kiln                , -280000000.00 ,            38161.21
CE_F5  ,           8, Heat rate reduction in CPP         , -260000000.00 ,            25440.81
CE_F5  ,           9, Improving burnability of material  , -130000000.00 ,            89042.82
CE_F5  ,          10, Burner retrofit                    , -120000000.00 ,            12720.4
CE_F5  ,          11, High efficiency clinker coolers    , -100000000.00 ,            38161.21
CE_F5  ,          12, Substitute OPC with LC3 cement     , -80000000.00  ,            50881.61
CE_F5  ,          13, Increasing fly ash to 35% in PPC   , -70000000.00  ,           127204.04
CE_F5  ,          14, Renewable energy use in electricity, 180000000.00  ,           101763.23
CE_F5  ,          15, Increasing TSR to 30% in kiln fuel , 420000000.00  ,           228967.26
CE_F5  ,          16, CCS                                , 900000000.00  ,           763224.21
CE_F5  ,          17, Decreasing clinker to 85% in OPC   , 1200000000.00 ,            63602.02
CE_F5  ,          18, CCU                                , 1860000000.00 ,           763224.21
CE_F5  ,          19, Offset                             , 1880000000.00 ,           152644.84
CE_F6  ,           1, Efficient electrical equipment     , -430000000.00 ,            67868.68
CE_F6  ,           2, Waste heat recovery                , -420000000.00 ,           271474.71
CE_F6  ,           3, Automation system                  , -410000000.00 ,           135737.35
CE_F6  ,           4, Efficient grinding system          , -360000000.00 ,           169671.69
CE_F6  ,           5, Optimising auxiliary power         , -340000000.00 ,            33934.34
CE_F6  ,           6, Increasing slag to 70% in PSC      , -300000000.00 ,           169671.69
CE_F6  ,           7, Enhancement in Kiln                , -280000000.00 ,           101803.01
CE_F6  ,           8, Heat rate reduction in CPP         , -260000000.00 ,            67868.68
CE_F6  ,           9, Improving burnability of material  , -130000000.00 ,           237540.37
CE_F6  ,          10, Burner retrofit                    , -120000000.00 ,            33934.34
CE_F6  ,          11, High efficiency clinker coolers    , -100000000.00 ,           101803.01
CE_F6  ,          12, Substitute OPC with LC3 cement     , -80000000.00  ,           135737.35
CE_F6  ,          13, Increasing fly ash to 35% in PPC   , -70000000.00  ,           339343.38
CE_F6  ,          14, Renewable energy use in electricity, 180000000.00  ,           271474.71
CE_F6  ,          15, Increasing TSR to 30% in kiln fuel , 420000000.00  ,           610818.09
CE_F6  ,          16, CCS                                , 900000000.00  ,          2036060.3
CE_F6  ,          17, Decreasing clinker to 85% in OPC   , 1200000000.00 ,           169671.69
CE_F6  ,          18, CCU                                , 1860000000.00 ,          2036060.3
CE_F6  ,          19, Offset                             , 1880000000.00 ,           407212.06
CE_F7  ,           1, Efficient electrical equipment     , -430000000.00 ,             5669.86
CE_F7  ,           2, Waste heat recovery                , -420000000.00 ,            22679.45
CE_F7  ,           3, Automation system                  , -410000000.00 ,            11339.73
CE_F7  ,           4, Efficient grinding system          , -360000000.00 ,            14174.66
CE_F7  ,           5, Optimising auxiliary power         , -340000000.00 ,             2834.93
CE_F7  ,           6, Increasing slag to 70% in PSC      , -300000000.00 ,            14174.66
CE_F7  ,           7, Enhancement in Kiln                , -280000000.00 ,             8504.8
CE_F7  ,           8, Heat rate reduction in CPP         , -260000000.00 ,             5669.86
CE_F7  ,           9, Improving burnability of material  , -130000000.00 ,            19844.52
CE_F7  ,          10, Burner retrofit                    , -120000000.00 ,             2834.93
CE_F7  ,          11, High efficiency clinker coolers    , -100000000.00 ,             8504.8
CE_F7  ,          12, Substitute OPC with LC3 cement     , -80000000.00  ,            11339.73
CE_F7  ,          13, Increasing fly ash to 35% in PPC   , -70000000.00  ,            28349.32
CE_F7  ,          14, Renewable energy use in electricity, 180000000.00  ,            22679.45
CE_F7  ,          15, Increasing TSR to 30% in kiln fuel , 420000000.00  ,            51028.77
CE_F7  ,          16, CCS                                , 900000000.00  ,           170095.91
CE_F7  ,          17, Decreasing clinker to 85% in OPC   , 1200000000.00 ,            14174.66
CE_F7  ,          18, CCU                                , 1860000000.00 ,           170095.91
CE_F7  ,          19, Offset                             , 1880000000.00 ,            34019.18
CE_F8  ,           1, Efficient electrical equipment     , -430000000.00 ,            25319.28
CE_F8  ,           2, Waste heat recovery                , -420000000.00 ,           101277.1
CE_F8  ,           3, Automation system                  , -410000000.00 ,            50638.55
CE_F8  ,           4, Efficient grinding system          , -360000000.00 ,            63298.19
CE_F8  ,           5, Optimising auxiliary power         , -340000000.00 ,            12659.64
CE_F8  ,           6, Increasing slag to 70% in PSC      , -300000000.00 ,            63298.19
CE_F8  ,           7, Enhancement in Kiln                , -280000000.00 ,            37978.91
CE_F8  ,           8, Heat rate reduction in CPP         , -260000000.00 ,            25319.28
CE_F8  ,           9, Improving burnability of material  , -130000000.00 ,            88617.47
CE_F8  ,          10, Burner retrofit                    , -120000000.00 ,            12659.64
CE_F8  ,          11, High efficiency clinker coolers    , -100000000.00 ,            37978.91
CE_F8  ,          12, Substitute OPC with LC3 cement     , -80000000.00  ,            50638.55
CE_F8  ,          13, Increasing fly ash to 35% in PPC   , -70000000.00  ,           126596.38
CE_F8  ,          14, Renewable energy use in electricity, 180000000.00  ,           101277.1
CE_F8  ,          15, Increasing TSR to 30% in kiln fuel , 420000000.00  ,           227873.48
CE_F8  ,          16, CCS                                , 900000000.00  ,           759578.28
CE_F8  ,          17, Decreasing clinker to 85% in OPC   , 1200000000.00 ,            63298.19
CE_F8  ,          18, CCU                                , 1860000000.00 ,           759578.28
CE_F8  ,          19, Offset                             , 1880000000.00 ,           151915.66
CE_F9  ,           1, Efficient electrical equipment     , -430000000.00 ,            43044.86
CE_F9  ,           2, Waste heat recovery                , -420000000.00 ,           172179.44
CE_F9  ,           3, Automation system                  , -410000000.00 ,            86089.72
CE_F9  ,           4, Efficient grinding system          , -360000000.00 ,           107612.15
CE_F9  ,           5, Optimising auxiliary power         , -340000000.00 ,            21522.43
CE_F9  ,           6, Increasing slag to 70% in PSC      , -300000000.00 ,           107612.15
CE_F9  ,           7, Enhancement in Kiln                , -280000000.00 ,            64567.29
CE_F9  ,           8, Heat rate reduction in CPP         , -260000000.00 ,            43044.86
CE_F9  ,           9, Improving burnability of material  , -130000000.00 ,           150657.01
CE_F9  ,          10, Burner retrofit                    , -120000000.00 ,            21522.43
CE_F9  ,          11, High efficiency clinker coolers    , -100000000.00 ,            64567.29
CE_F9  ,          12, Substitute OPC with LC3 cement     , -80000000.00  ,            86089.72
CE_F9  ,          13, Increasing fly ash to 35% in PPC   , -70000000.00  ,           215224.3
CE_F9  ,          14, Renewable energy use in electricity, 180000000.00  ,           172179.44
CE_F9  ,          15, Increasing TSR to 30% in kiln fuel , 420000000.00  ,           387403.74
CE_F9  ,          16, CCS                                , 900000000.00  ,          1291345.82
CE_F9  ,          17, Decreasing clinker to 85% in OPC   , 1200000000.00 ,           107612.15
CE_F9  ,          18, CCU                                , 1860000000.00 ,          1291345.82
CE_F9  ,          19, Offset                             , 1880000000.00 ,           258269.16
CE_F10 ,           1, Efficient electrical equipment     , -430000000.00 ,             9065.62
CE_F10 ,           2, Waste heat recovery                , -420000000.00 ,            36262.48
CE_F10 ,           3, Automation system                  , -410000000.00 ,            18131.24
CE_F10 ,           4, Efficient grinding system          , -360000000.00 ,            22664.05
CE_F10 ,           5, Optimising auxiliary power         , -340000000.00 ,             4532.81
CE_F10 ,           6, Increasing slag to 70% in PSC      , -300000000.00 ,            22664.05
CE_F10 ,           7, Enhancement in Kiln                , -280000000.00 ,            13598.43
CE_F10 ,           8, Heat rate reduction in CPP         , -260000000.00 ,             9065.62
CE_F10 ,           9, Improving burnability of material  , -130000000.00 ,            31729.67
CE_F10 ,          10, Burner retrofit                    , -120000000.00 ,             4532.81
CE_F10 ,          11, High efficiency clinker coolers    , -100000000.00 ,            13598.43
CE_F10 ,          12, Substitute OPC with LC3 cement     , -80000000.00  ,            18131.24
CE_F10 ,          13, Increasing fly ash to 35% in PPC   , -70000000.00  ,            45328.1
CE_F10 ,          14, Renewable energy use in electricity, 180000000.00  ,            36262.48
CE_F10 ,          15, Increasing TSR to 30% in kiln fuel , 420000000.00  ,            81590.58
CE_F10 ,          16, CCS                                , 900000000.00  ,           271968.61
CE_F10 ,          17, Decreasing clinker to 85% in OPC   , 1200000000.00 ,            22664.05
CE_F10 ,          18, CCU                                , 1860000000.00 ,           271968.61
CE_F10 ,          19, Offset                             , 1880000000.00 ,            54393.72
CE_F11 ,           1, Efficient electrical equipment     , -430000000.00 ,            33966.31
CE_F11 ,           2, Waste heat recovery                , -420000000.00 ,           135865.26
CE_F11 ,           3, Automation system                  , -410000000.00 ,            67932.63
CE_F11 ,           4, Efficient grinding system          , -360000000.00 ,            84915.79
CE_F11 ,           5, Optimising auxiliary power         , -340000000.00 ,            16983.16
CE_F11 ,           6, Increasing slag to 70% in PSC      , -300000000.00 ,            84915.79
CE_F11 ,           7, Enhancement in Kiln                , -280000000.00 ,            50949.47
CE_F11 ,           8, Heat rate reduction in CPP         , -260000000.00 ,            33966.31
CE_F11 ,           9, Improving burnability of material  , -130000000.00 ,           118882.1
CE_F11 ,          10, Burner retrofit                    , -120000000.00 ,            16983.16
CE_F11 ,          11, High efficiency clinker coolers    , -100000000.00 ,            50949.47
CE_F11 ,          12, Substitute OPC with LC3 cement     , -80000000.00  ,            67932.63
CE_F11 ,          13, Increasing fly ash to 35% in PPC   , -70000000.00  ,           169831.57
CE_F11 ,          14, Renewable energy use in electricity, 180000000.00  ,           135865.26
CE_F11 ,          15, Increasing TSR to 30% in kiln fuel , 420000000.00  ,           305696.83
CE_F11 ,          16, CCS                                , 900000000.00  ,          1018989.44
CE_F11 ,          17, Decreasing clinker to 85% in OPC   , 1200000000.00 ,            84915.79
CE_F11 ,          18, CCU                                , 1860000000.00 ,          1018989.44
CE_F11 ,          19, Offset                             , 1880000000.00 ,           203797.89
CE_F12 ,           1, Efficient electrical equipment     , -430000000.00 ,            25987.8
CE_F12 ,           2, Waste heat recovery                , -420000000.00 ,           103951.19
CE_F12 ,           3, Automation system                  , -410000000.00 ,            51975.6
CE_F12 ,           4, Efficient grinding system          , -360000000.00 ,            64969.5
CE_F12 ,           5, Optimising auxiliary power         , -340000000.00 ,            12993.9
CE_F12 ,           6, Increasing slag to 70% in PSC      , -300000000.00 ,            64969.5
CE_F12 ,           7, Enhancement in Kiln                , -280000000.00 ,            38981.7
CE_F12 ,           8, Heat rate reduction in CPP         , -260000000.00 ,            25987.8
CE_F12 ,           9, Improving burnability of material  , -130000000.00 ,            90957.29
CE_F12 ,          10, Burner retrofit                    , -120000000.00 ,            12993.9
CE_F12 ,          11, High efficiency clinker coolers    , -100000000.00 ,            38981.7
CE_F12 ,          12, Substitute OPC with LC3 cement     , -80000000.00  ,            51975.6
CE_F12 ,          13, Increasing fly ash to 35% in PPC   , -70000000.00  ,           129938.99
CE_F12 ,          14, Renewable energy use in electricity, 180000000.00  ,           103951.19
CE_F12 ,          15, Increasing TSR to 30% in kiln fuel , 420000000.00  ,           233890.18
CE_F12 ,          16, CCS                                , 900000000.00  ,           779633.95
CE_F12 ,          17, Decreasing clinker to 85% in OPC   , 1200000000.00 ,            64969.5
CE_F12 ,          18, CCU                                , 1860000000.00 ,           779633.95
CE_F12 ,          19, Offset                             , 1880000000.00 ,           155926.79
CE_F13 ,           1, Efficient electrical equipment     , -430000000.00 ,            46721.47
CE_F13 ,           2, Waste heat recovery                , -420000000.00 ,           186885.86
CE_F13 ,           3, Automation system                  , -410000000.00 ,            93442.93
CE_F13 ,           4, Efficient grinding system          , -360000000.00 ,           116803.66
CE_F13 ,           5, Optimising auxiliary power         , -340000000.00 ,            23360.73
CE_F13 ,           6, Increasing slag to 70% in PSC      , -300000000.00 ,           116803.66
CE_F13 ,           7, Enhancement in Kiln                , -280000000.00 ,            70082.2
CE_F13 ,           8, Heat rate reduction in CPP         , -260000000.00 ,            46721.47
CE_F13 ,           9, Improving burnability of material  , -130000000.00 ,           163525.13
CE_F13 ,          10, Burner retrofit                    , -120000000.00 ,            23360.73
CE_F13 ,          11, High efficiency clinker coolers    , -100000000.00 ,            70082.2
CE_F13 ,          12, Substitute OPC with LC3 cement     , -80000000.00  ,            93442.93
CE_F13 ,          13, Increasing fly ash to 35% in PPC   , -70000000.00  ,           233607.33
CE_F13 ,          14, Renewable energy use in electricity, 180000000.00  ,           186885.86
CE_F13 ,          15, Increasing TSR to 30% in kiln fuel , 420000000.00  ,           420493.19
CE_F13 ,          16, CCS                                , 900000000.00  ,          1401643.98
CE_F13 ,          17, Decreasing clinker to 85% in OPC   , 1200000000.00 ,           116803.66
CE_F13 ,          18, CCU                                , 1860000000.00 ,          1401643.98
CE_F13 ,          19, Offset                             , 1880000000.00 ,           280328.8
CE_F14 ,           1, Efficient electrical equipment     , -430000000.00 ,             8582.77
CE_F14 ,           2, Waste heat recovery                , -420000000.00 ,            34331.09
CE_F14 ,           3, Automation system                  , -410000000.00 ,            17165.54
CE_F14 ,           4, Efficient grinding system          , -360000000.00 ,            21456.93
CE_F14 ,           5, Optimising auxiliary power         , -340000000.00 ,             4291.39
CE_F14 ,           6, Increasing slag to 70% in PSC      , -300000000.00 ,            21456.93
CE_F14 ,           7, Enhancement in Kiln                , -280000000.00 ,            12874.16
CE_F14 ,           8, Heat rate reduction in CPP         , -260000000.00 ,             8582.77
CE_F14 ,           9, Improving burnability of material  , -130000000.00 ,            30039.7
CE_F14 ,          10, Burner retrofit                    , -120000000.00 ,             4291.39
CE_F14 ,          11, High efficiency clinker coolers    , -100000000.00 ,            12874.16
CE_F14 ,          12, Substitute OPC with LC3 cement     , -80000000.00  ,            17165.54
CE_F14 ,          13, Increasing fly ash to 35% in PPC   , -70000000.00  ,            42913.86
CE_F14 ,          14, Renewable energy use in electricity, 180000000.00  ,            34331.09
CE_F14 ,          15, Increasing TSR to 30% in kiln fuel , 420000000.00  ,            77244.94
CE_F14 ,          16, CCS                                , 900000000.00  ,           257483.15
CE_F14 ,          17, Decreasing clinker to 85% in OPC   , 1200000000.00 ,            21456.93
CE_F14 ,          18, CCU                                , 1860000000.00 ,           257483.15
CE_F14 ,          19, Offset                             , 1880000000.00 ,            51496.63
CE_F15 ,           1, Efficient electrical equipment     , -430000000.00 ,            21815.81
CE_F15 ,           2, Waste heat recovery                , -420000000.00 ,            87263.24
CE_F15 ,           3, Automation system                  , -410000000.00 ,            43631.62
CE_F15 ,           4, Efficient grinding system          , -360000000.00 ,            54539.53
CE_F15 ,           5, Optimising auxiliary power         , -340000000.00 ,            10907.91
CE_F15 ,           6, Increasing slag to 70% in PSC      , -300000000.00 ,            54539.53
CE_F15 ,           7, Enhancement in Kiln                , -280000000.00 ,            32723.72
CE_F15 ,           8, Heat rate reduction in CPP         , -260000000.00 ,            21815.81
CE_F15 ,           9, Improving burnability of material  , -130000000.00 ,            76355.34
CE_F15 ,          10, Burner retrofit                    , -120000000.00 ,            10907.91
CE_F15 ,          11, High efficiency clinker coolers    , -100000000.00 ,            32723.72
CE_F15 ,          12, Substitute OPC with LC3 cement     , -80000000.00  ,            43631.62
CE_F15 ,          13, Increasing fly ash to 35% in PPC   , -70000000.00  ,           109079.05
CE_F15 ,          14, Renewable energy use in electricity, 180000000.00  ,            87263.24
CE_F15 ,          15, Increasing TSR to 30% in kiln fuel , 420000000.00  ,           196342.29
CE_F15 ,          16, CCS                                , 900000000.00  ,           654474.3
CE_F15 ,          17, Decreasing clinker to 85% in OPC   , 1200000000.00 ,            54539.53
CE_F15 ,          18, CCU                                , 1860000000.00 ,           654474.3
CE_F15 ,          19, Offset                             , 1880000000.00 ,           130894.86
CE_F16 ,           1, Efficient electrical equipment     , -430000000.00 ,            20808.15
CE_F16 ,           2, Waste heat recovery                , -420000000.00 ,            83232.62
CE_F16 ,           3, Automation system                  , -410000000.00 ,            41616.31
CE_F16 ,           4, Efficient grinding system          , -360000000.00 ,            52020.39
CE_F16 ,           5, Optimising auxiliary power         , -340000000.00 ,            10404.08
CE_F16 ,           6, Increasing slag to 70% in PSC      , -300000000.00 ,            52020.39
CE_F16 ,           7, Enhancement in Kiln                , -280000000.00 ,            31212.23
CE_F16 ,           8, Heat rate reduction in CPP         , -260000000.00 ,            20808.15
CE_F16 ,           9, Improving burnability of material  , -130000000.00 ,            72828.54
CE_F16 ,          10, Burner retrofit                    , -120000000.00 ,            10404.08
CE_F16 ,          11, High efficiency clinker coolers    , -100000000.00 ,            31212.23
CE_F16 ,          12, Substitute OPC with LC3 cement     , -80000000.00  ,            41616.31
CE_F16 ,          13, Increasing fly ash to 35% in PPC   , -70000000.00  ,           104040.77
CE_F16 ,          14, Renewable energy use in electricity, 180000000.00  ,            83232.62
CE_F16 ,          15, Increasing TSR to 30% in kiln fuel , 420000000.00  ,           187273.39
CE_F16 ,          16, CCS                                , 900000000.00  ,           624244.63
CE_F16 ,          17, Decreasing clinker to 85% in OPC   , 1200000000.00 ,            52020.39
CE_F16 ,          18, CCU                                , 1860000000.00 ,           624244.63
CE_F16 ,          19, Offset                             , 1880000000.00 ,           124848.93
CE_F17 ,           1, Efficient electrical equipment     , -430000000.00 ,            10145.74
CE_F17 ,           2, Waste heat recovery                , -420000000.00 ,            40582.96
CE_F17 ,           3, Automation system                  , -410000000.00 ,            20291.48
CE_F17 ,           4, Efficient grinding system          , -360000000.00 ,            25364.35
CE_F17 ,           5, Optimising auxiliary power         , -340000000.00 ,             5072.87
CE_F17 ,           6, Increasing slag to 70% in PSC      , -300000000.00 ,            25364.35
CE_F17 ,           7, Enhancement in Kiln                , -280000000.00 ,            15218.61
CE_F17 ,           8, Heat rate reduction in CPP         , -260000000.00 ,            10145.74
CE_F17 ,           9, Improving burnability of material  , -130000000.00 ,            35510.09
CE_F17 ,          10, Burner retrofit                    , -120000000.00 ,             5072.87
CE_F17 ,          11, High efficiency clinker coolers    , -100000000.00 ,            15218.61
CE_F17 ,          12, Substitute OPC with LC3 cement     , -80000000.00  ,            20291.48
CE_F17 ,          13, Increasing fly ash to 35% in PPC   , -70000000.00  ,            50728.69
CE_F17 ,          14, Renewable energy use in electricity, 180000000.00  ,            40582.96
CE_F17 ,          15, Increasing TSR to 30% in kiln fuel , 420000000.00  ,            91311.65
CE_F17 ,          16, CCS                                , 900000000.00  ,           304372.17
CE_F17 ,          17, Decreasing clinker to 85% in OPC   , 1200000000.00 ,            25364.35
CE_F17 ,          18, CCU                                , 1860000000.00 ,           304372.17
CE_F17 ,          19, Offset                             , 1880000000.00 ,            60874.43
CE_F18 ,           1, Efficient electrical equipment     , -430000000.00 ,            29545.22
CE_F18 ,           2, Waste heat recovery                , -420000000.00 ,           118180.89
CE_F18 ,           3, Automation system                  , -410000000.00 ,            59090.45
CE_F18 ,           4, Efficient grinding system          , -360000000.00 ,            73863.06
CE_F18 ,           5, Optimising auxiliary power         , -340000000.00 ,            14772.61
CE_F18 ,           6, Increasing slag to 70% in PSC      , -300000000.00 ,            73863.06
CE_F18 ,           7, Enhancement in Kiln                , -280000000.00 ,            44317.83
CE_F18 ,           8, Heat rate reduction in CPP         , -260000000.00 ,            29545.22
CE_F18 ,           9, Improving burnability of material  , -130000000.00 ,           103408.28
CE_F18 ,          10, Burner retrofit                    , -120000000.00 ,            14772.61
CE_F18 ,          11, High efficiency clinker coolers    , -100000000.00 ,            44317.83
CE_F18 ,          12, Substitute OPC with LC3 cement     , -80000000.00  ,            59090.45
CE_F18 ,          13, Increasing fly ash to 35% in PPC   , -70000000.00  ,           147726.11
CE_F18 ,          14, Renewable energy use in electricity, 180000000.00  ,           118180.89
CE_F18 ,          15, Increasing TSR to 30% in kiln fuel , 420000000.00  ,           265907
CE_F18 ,          16, CCS                                , 900000000.00  ,           886356.68
CE_F18 ,          17, Decreasing clinker to 85% in OPC   , 1200000000.00 ,            73863.06
CE_F18 ,          18, CCU                                , 1860000000.00 ,           886356.68
CE_F18 ,          19, Offset                             , 1880000000.00 ,           177271.34
CE_F19 ,           1, Efficient electrical equipment     , -430000000.00 ,            31992.26
CE_F19 ,           2, Waste heat recovery                , -420000000.00 ,           127969.02
CE_F19 ,           3, Automation system                  , -410000000.00 ,            63984.51
CE_F19 ,           4, Efficient grinding system          , -360000000.00 ,            79980.64
CE_F19 ,           5, Optimising auxiliary power         , -340000000.00 ,            15996.13
CE_F19 ,           6, Increasing slag to 70% in PSC      , -300000000.00 ,            79980.64
CE_F19 ,           7, Enhancement in Kiln                , -280000000.00 ,            47988.38
CE_F19 ,           8, Heat rate reduction in CPP         , -260000000.00 ,            31992.26
CE_F19 ,           9, Improving burnability of material  , -130000000.00 ,           111972.89
CE_F19 ,          10, Burner retrofit                    , -120000000.00 ,            15996.13
CE_F19 ,          11, High efficiency clinker coolers    , -100000000.00 ,            47988.38
CE_F19 ,          12, Substitute OPC with LC3 cement     , -80000000.00  ,            63984.51
CE_F19 ,          13, Increasing fly ash to 35% in PPC   , -70000000.00  ,           159961.28
CE_F19 ,          14, Renewable energy use in electricity, 180000000.00  ,           127969.02
CE_F19 ,          15, Increasing TSR to 30% in kiln fuel , 420000000.00  ,           287930.3
CE_F19 ,          16, CCS                                , 900000000.00  ,           959767.66
CE_F19 ,          17, Decreasing clinker to 85% in OPC   , 1200000000.00 ,            79980.64
CE_F19 ,          18, CCU                                , 1860000000.00 ,           959767.66
CE_F19 ,          19, Offset                             , 1880000000.00 ,           191953.53
CE_F20 ,           1, Efficient electrical equipment     , -430000000.00 ,            23353.82
CE_F20 ,           2, Waste heat recovery                , -420000000.00 ,            93415.26
CE_F20 ,           3, Automation system                  , -410000000.00 ,            46707.63
CE_F20 ,           4, Efficient grinding system          , -360000000.00 ,            58384.54
CE_F20 ,           5, Optimising auxiliary power         , -340000000.00 ,            11676.91
CE_F20 ,           6, Increasing slag to 70% in PSC      , -300000000.00 ,            58384.54
CE_F20 ,           7, Enhancement in Kiln                , -280000000.00 ,            35030.72
CE_F20 ,           8, Heat rate reduction in CPP         , -260000000.00 ,            23353.82
CE_F20 ,           9, Improving burnability of material  , -130000000.00 ,            81738.36
CE_F20 ,          10, Burner retrofit                    , -120000000.00 ,            11676.91
CE_F20 ,          11, High efficiency clinker coolers    , -100000000.00 ,            35030.72
CE_F20 ,          12, Substitute OPC with LC3 cement     , -80000000.00  ,            46707.63
CE_F20 ,          13, Increasing fly ash to 35% in PPC   , -70000000.00  ,           116769.08
CE_F20 ,          14, Renewable energy use in electricity, 180000000.00  ,            93415.26
CE_F20 ,          15, Increasing TSR to 30% in kiln fuel , 420000000.00  ,           210184.34
CE_F20 ,          16, CCS                                , 900000000.00  ,           700614.48
CE_F20 ,          17, Decreasing clinker to 85% in OPC   , 1200000000.00 ,            58384.54
CE_F20 ,          18, CCU                                , 1860000000.00 ,           700614.48
CE_F20 ,          19, Offset                             , 1880000000.00 ,           140122.9
CE_F21 ,           1, Efficient electrical equipment     , -430000000.00 ,            25722.59
CE_F21 ,           2, Waste heat recovery                , -420000000.00 ,           102890.35
CE_F21 ,           3, Automation system                  , -410000000.00 ,            51445.18
CE_F21 ,           4, Efficient grinding system          , -360000000.00 ,            64306.47
CE_F21 ,           5, Optimising auxiliary power         , -340000000.00 ,            12861.29
CE_F21 ,           6, Increasing slag to 70% in PSC      , -300000000.00 ,            64306.47
CE_F21 ,           7, Enhancement in Kiln                , -280000000.00 ,            38583.88
CE_F21 ,           8, Heat rate reduction in CPP         , -260000000.00 ,            25722.59
CE_F21 ,           9, Improving burnability of material  , -130000000.00 ,            90029.06
CE_F21 ,          10, Burner retrofit                    , -120000000.00 ,            12861.29
CE_F21 ,          11, High efficiency clinker coolers    , -100000000.00 ,            38583.88
CE_F21 ,          12, Substitute OPC with LC3 cement     , -80000000.00  ,            51445.18
CE_F21 ,          13, Increasing fly ash to 35% in PPC   , -70000000.00  ,           128612.94
CE_F21 ,          14, Renewable energy use in electricity, 180000000.00  ,           102890.35
CE_F21 ,          15, Increasing TSR to 30% in kiln fuel , 420000000.00  ,           231503.29
CE_F21 ,          16, CCS                                , 900000000.00  ,           771677.63
CE_F21 ,          17, Decreasing clinker to 85% in OPC   , 1200000000.00 ,            64306.47
CE_F21 ,          18, CCU                                , 1860000000.00 ,           771677.63
CE_F21 ,          19, Offset                             , 1880000000.00 ,           154335.53
CE_F22 ,           1, Efficient electrical equipment     , -430000000.00 ,            13792.93
CE_F22 ,           2, Waste heat recovery                , -420000000.00 ,            55171.73
CE_F22 ,           3, Automation system                  , -410000000.00 ,            27585.86
CE_F22 ,           4, Efficient grinding system          , -360000000.00 ,            34482.33
CE_F22 ,           5, Optimising auxiliary power         , -340000000.00 ,             6896.47
CE_F22 ,           6, Increasing slag to 70% in PSC      , -300000000.00 ,            34482.33
CE_F22 ,           7, Enhancement in Kiln                , -280000000.00 ,            20689.4
CE_F22 ,           8, Heat rate reduction in CPP         , -260000000.00 ,            13792.93
CE_F22 ,           9, Improving burnability of material  , -130000000.00 ,            48275.26
CE_F22 ,          10, Burner retrofit                    , -120000000.00 ,             6896.47
CE_F22 ,          11, High efficiency clinker coolers    , -100000000.00 ,            20689.4
CE_F22 ,          12, Substitute OPC with LC3 cement     , -80000000.00  ,            27585.86
CE_F22 ,          13, Increasing fly ash to 35% in PPC   , -70000000.00  ,            68964.66
CE_F22 ,          14, Renewable energy use in electricity, 180000000.00  ,            55171.73
CE_F22 ,          15, Increasing TSR to 30% in kiln fuel , 420000000.00  ,           124136.39
CE_F22 ,          16, CCS                                , 900000000.00  ,           413787.95
CE_F22 ,          17, Decreasing clinker to 85% in OPC   , 1200000000.00 ,            34482.33
CE_F22 ,          18, CCU                                , 1860000000.00 ,           413787.95
CE_F22 ,          19, Offset                             , 1880000000.00 ,            82757.59
CE_F23 ,           1, Efficient electrical equipment     , -430000000.00 ,             4084.77
CE_F23 ,           2, Waste heat recovery                , -420000000.00 ,            16339.09
CE_F23 ,           3, Automation system                  , -410000000.00 ,             8169.54
CE_F23 ,           4, Efficient grinding system          , -360000000.00 ,            10211.93
CE_F23 ,           5, Optimising auxiliary power         , -340000000.00 ,             2042.39
CE_F23 ,           6, Increasing slag to 70% in PSC      , -300000000.00 ,            10211.93
CE_F23 ,           7, Enhancement in Kiln                , -280000000.00 ,             6127.16
CE_F23 ,           8, Heat rate reduction in CPP         , -260000000.00 ,             4084.77
CE_F23 ,           9, Improving burnability of material  , -130000000.00 ,            14296.7
CE_F23 ,          10, Burner retrofit                    , -120000000.00 ,             2042.39
CE_F23 ,          11, High efficiency clinker coolers    , -100000000.00 ,             6127.16
CE_F23 ,          12, Substitute OPC with LC3 cement     , -80000000.00  ,             8169.54
CE_F23 ,          13, Increasing fly ash to 35% in PPC   , -70000000.00  ,            20423.86
CE_F23 ,          14, Renewable energy use in electricity, 180000000.00  ,            16339.09
CE_F23 ,          15, Increasing TSR to 30% in kiln fuel , 420000000.00  ,            36762.94
CE_F23 ,          16, CCS                                , 900000000.00  ,           122543.15
CE_F23 ,          17, Decreasing clinker to 85% in OPC   , 1200000000.00 ,            10211.93
CE_F23 ,          18, CCU                                , 1860000000.00 ,           122543.15
CE_F23 ,          19, Offset                             , 1880000000.00 ,            24508.63
CE_F24 ,           1, Efficient electrical equipment     , -430000000.00 ,            13623.77
CE_F24 ,           2, Waste heat recovery                , -420000000.00 ,            54495.1
CE_F24 ,           3, Automation system                  , -410000000.00 ,            27247.55
CE_F24 ,           4, Efficient grinding system          , -360000000.00 ,            34059.44
CE_F24 ,           5, Optimising auxiliary power         , -340000000.00 ,             6811.89
CE_F24 ,           6, Increasing slag to 70% in PSC      , -300000000.00 ,            34059.44
CE_F24 ,           7, Enhancement in Kiln                , -280000000.00 ,            20435.66
CE_F24 ,           8, Heat rate reduction in CPP         , -260000000.00 ,            13623.77
CE_F24 ,           9, Improving burnability of material  , -130000000.00 ,            47683.21
CE_F24 ,          10, Burner retrofit                    , -120000000.00 ,             6811.89
CE_F24 ,          11, High efficiency clinker coolers    , -100000000.00 ,            20435.66
CE_F24 ,          12, Substitute OPC with LC3 cement     , -80000000.00  ,            27247.55
CE_F24 ,          13, Increasing fly ash to 35% in PPC   , -70000000.00  ,            68118.87
CE_F24 ,          14, Renewable energy use in electricity, 180000000.00  ,            54495.1
CE_F24 ,          15, Increasing TSR to 30% in kiln fuel , 420000000.00  ,           122613.97
CE_F24 ,          16, CCS                                , 900000000.00  ,           408713.23
CE_F24 ,          17, Decreasing clinker to 85% in OPC   , 1200000000.00 ,            34059.44
CE_F24 ,          18, CCU                                , 1860000000.00 ,           408713.23
CE_F24 ,          19, Offset                             , 1880000000.00 ,            81742.65
CE_F25 ,           1, Efficient electrical equipment     , -430000000.00 ,            12088.65
CE_F25 ,           2, Waste heat recovery                , -420000000.00 ,            48354.61
CE_F25 ,           3, Automation system                  , -410000000.00 ,            24177.31
CE_F25 ,           4, Efficient grinding system          , -360000000.00 ,            30221.63
CE_F25 ,           5, Optimising auxiliary power         , -340000000.00 ,             6044.33
CE_F25 ,           6, Increasing slag to 70% in PSC      , -300000000.00 ,            30221.63
CE_F25 ,           7, Enhancement in Kiln                , -280000000.00 ,            18132.98
CE_F25 ,           8, Heat rate reduction in CPP         , -260000000.00 ,            12088.65
CE_F25 ,           9, Improving burnability of material  , -130000000.00 ,            42310.28
CE_F25 ,          10, Burner retrofit                    , -120000000.00 ,             6044.33
CE_F25 ,          11, High efficiency clinker coolers    , -100000000.00 ,            18132.98
CE_F25 ,          12, Substitute OPC with LC3 cement     , -80000000.00  ,            24177.31
CE_F25 ,          13, Increasing fly ash to 35% in PPC   , -70000000.00  ,            60443.26
CE_F25 ,          14, Renewable energy use in electricity, 180000000.00  ,            48354.61
CE_F25 ,          15, Increasing TSR to 30% in kiln fuel , 420000000.00  ,           108797.88
CE_F25 ,          16, CCS                                , 900000000.00  ,           362659.58
CE_F25 ,          17, Decreasing clinker to 85% in OPC   , 1200000000.00 ,            30221.63
CE_F25 ,          18, CCU                                , 1860000000.00 ,           362659.58
CE_F25 ,          19, Offset                             , 1880000000.00 ,            72531.92
CE_F26 ,           1, Efficient electrical equipment     , -430000000.00 ,            32332.11
CE_F26 ,           2, Waste heat recovery                , -420000000.00 ,           129328.45
CE_F26 ,           3, Automation system                  , -410000000.00 ,            64664.23
CE_F26 ,           4, Efficient grinding system          , -360000000.00 ,            80830.28
CE_F26 ,           5, Optimising auxiliary power         , -340000000.00 ,            16166.06
CE_F26 ,           6, Increasing slag to 70% in PSC      , -300000000.00 ,            80830.28
CE_F26 ,           7, Enhancement in Kiln                , -280000000.00 ,            48498.17
CE_F26 ,           8, Heat rate reduction in CPP         , -260000000.00 ,            32332.11
CE_F26 ,           9, Improving burnability of material  , -130000000.00 ,           113162.39
CE_F26 ,          10, Burner retrofit                    , -120000000.00 ,            16166.06
CE_F26 ,          11, High efficiency clinker coolers    , -100000000.00 ,            48498.17
CE_F26 ,          12, Substitute OPC with LC3 cement     , -80000000.00  ,            64664.23
CE_F26 ,          13, Increasing fly ash to 35% in PPC   , -70000000.00  ,           161660.56
CE_F26 ,          14, Renewable energy use in electricity, 180000000.00  ,           129328.45
CE_F26 ,          15, Increasing TSR to 30% in kiln fuel , 420000000.00  ,           290989.01
CE_F26 ,          16, CCS                                , 900000000.00  ,           969963.38
CE_F26 ,          17, Decreasing clinker to 85% in OPC   , 1200000000.00 ,            80830.28
CE_F26 ,          18, CCU                                , 1860000000.00 ,           969963.38
CE_F26 ,          19, Offset                             , 1880000000.00 ,           193992.68
CE_F27 ,           1, Efficient electrical equipment     , -430000000.00 ,            19284.88
CE_F27 ,           2, Waste heat recovery                , -420000000.00 ,            77139.54
CE_F27 ,           3, Automation system                  , -410000000.00 ,            38569.77
CE_F27 ,           4, Efficient grinding system          , -360000000.00 ,            48212.21
CE_F27 ,           5, Optimising auxiliary power         , -340000000.00 ,             9642.44
CE_F27 ,           6, Increasing slag to 70% in PSC      , -300000000.00 ,            48212.21
CE_F27 ,           7, Enhancement in Kiln                , -280000000.00 ,            28927.33
CE_F27 ,           8, Heat rate reduction in CPP         , -260000000.00 ,            19284.88
CE_F27 ,           9, Improving burnability of material  , -130000000.00 ,            67497.09
CE_F27 ,          10, Burner retrofit                    , -120000000.00 ,             9642.44
CE_F27 ,          11, High efficiency clinker coolers    , -100000000.00 ,            28927.33
CE_F27 ,          12, Substitute OPC with LC3 cement     , -80000000.00  ,            38569.77
CE_F27 ,          13, Increasing fly ash to 35% in PPC   , -70000000.00  ,            96424.42
CE_F27 ,          14, Renewable energy use in electricity, 180000000.00  ,            77139.54
CE_F27 ,          15, Increasing TSR to 30% in kiln fuel , 420000000.00  ,           173563.96
CE_F27 ,          16, CCS                                , 900000000.00  ,           578546.53
CE_F27 ,          17, Decreasing clinker to 85% in OPC   , 1200000000.00 ,            48212.21
CE_F27 ,          18, CCU                                , 1860000000.00 ,           578546.53
CE_F27 ,          19, Offset                             , 1880000000.00 ,           115709.31
CE_F28 ,           1, Efficient electrical equipment     , -430000000.00 ,             8815.13
CE_F28 ,           2, Waste heat recovery                , -420000000.00 ,            35260.53
CE_F28 ,           3, Automation system                  , -410000000.00 ,            17630.27
CE_F28 ,           4, Efficient grinding system          , -360000000.00 ,            22037.83
CE_F28 ,           5, Optimising auxiliary power         , -340000000.00 ,             4407.57
CE_F28 ,           6, Increasing slag to 70% in PSC      , -300000000.00 ,            22037.83
CE_F28 ,           7, Enhancement in Kiln                , -280000000.00 ,            13222.7
CE_F28 ,           8, Heat rate reduction in CPP         , -260000000.00 ,             8815.13
CE_F28 ,           9, Improving burnability of material  , -130000000.00 ,            30852.97
CE_F28 ,          10, Burner retrofit                    , -120000000.00 ,             4407.57
CE_F28 ,          11, High efficiency clinker coolers    , -100000000.00 ,            13222.7
CE_F28 ,          12, Substitute OPC with LC3 cement     , -80000000.00  ,            17630.27
CE_F28 ,          13, Increasing fly ash to 35% in PPC   , -70000000.00  ,            44075.67
CE_F28 ,          14, Renewable energy use in electricity, 180000000.00  ,            35260.53
CE_F28 ,          15, Increasing TSR to 30% in kiln fuel , 420000000.00  ,            79336.2
CE_F28 ,          16, CCS                                , 900000000.00  ,           264454.01
CE_F28 ,          17, Decreasing clinker to 85% in OPC   , 1200000000.00 ,            22037.83
CE_F28 ,          18, CCU                                , 1860000000.00 ,           264454.01
CE_F28 ,          19, Offset                             , 1880000000.00 ,            52890.8
CE_F29 ,           1, Efficient electrical equipment     , -430000000.00 ,             8353.89
CE_F29 ,           2, Waste heat recovery                , -420000000.00 ,            33415.57
CE_F29 ,           3, Automation system                  , -410000000.00 ,            16707.79
CE_F29 ,           4, Efficient grinding system          , -360000000.00 ,            20884.73
CE_F29 ,           5, Optimising auxiliary power         , -340000000.00 ,             4176.95
CE_F29 ,           6, Increasing slag to 70% in PSC      , -300000000.00 ,            20884.73
CE_F29 ,           7, Enhancement in Kiln                , -280000000.00 ,            12530.84
CE_F29 ,           8, Heat rate reduction in CPP         , -260000000.00 ,             8353.89
CE_F29 ,           9, Improving burnability of material  , -130000000.00 ,            29238.63
CE_F29 ,          10, Burner retrofit                    , -120000000.00 ,             4176.95
CE_F29 ,          11, High efficiency clinker coolers    , -100000000.00 ,            12530.84
CE_F29 ,          12, Substitute OPC with LC3 cement     , -80000000.00  ,            16707.79
CE_F29 ,          13, Increasing fly ash to 35% in PPC   , -70000000.00  ,            41769.47
CE_F29 ,          14, Renewable energy use in electricity, 180000000.00  ,            33415.57
CE_F29 ,          15, Increasing TSR to 30% in kiln fuel , 420000000.00  ,            75185.04
CE_F29 ,          16, CCS                                , 900000000.00  ,           250616.8
CE_F29 ,          17, Decreasing clinker to 85% in OPC   , 1200000000.00 ,            20884.73
CE_F29 ,          18, CCU                                , 1860000000.00 ,           250616.8
CE_F29 ,          19, Offset                             , 1880000000.00 ,            50123.36
CE_F30 ,           1, Efficient electrical equipment     , -430000000.00 ,            15297.21
CE_F30 ,           2, Waste heat recovery                , -420000000.00 ,            61188.84
CE_F30 ,           3, Automation system                  , -410000000.00 ,            30594.42
CE_F30 ,           4, Efficient grinding system          , -360000000.00 ,            38243.03
CE_F30 ,           5, Optimising auxiliary power         , -340000000.00 ,             7648.61
CE_F30 ,           6, Increasing slag to 70% in PSC      , -300000000.00 ,            38243.03
CE_F30 ,           7, Enhancement in Kiln                , -280000000.00 ,            22945.82
CE_F30 ,           8, Heat rate reduction in CPP         , -260000000.00 ,            15297.21
CE_F30 ,           9, Improving burnability of material  , -130000000.00 ,            53540.24
CE_F30 ,          10, Burner retrofit                    , -120000000.00 ,             7648.61
CE_F30 ,          11, High efficiency clinker coolers    , -100000000.00 ,            22945.82
CE_F30 ,          12, Substitute OPC with LC3 cement     , -80000000.00  ,            30594.42
CE_F30 ,          13, Increasing fly ash to 35% in PPC   , -70000000.00  ,            76486.05
CE_F30 ,          14, Renewable energy use in electricity, 180000000.00  ,            61188.84
CE_F30 ,          15, Increasing TSR to 30% in kiln fuel , 420000000.00  ,           137674.9
CE_F30 ,          16, CCS                                , 900000000.00  ,           458916.32
CE_F30 ,          17, Decreasing clinker to 85% in OPC   , 1200000000.00 ,            38243.03
CE_F30 ,          18, CCU                                , 1860000000.00 ,           458916.32
CE_F30 ,          19, Offset                             , 1880000000.00 ,            91783.26
CE_F31 ,           1, Efficient electrical equipment     , -430000000.00 ,            51692.43
CE_F31 ,           2, Waste heat recovery                , -420000000.00 ,           206769.73
CE_F31 ,           3, Automation system                  , -410000000.00 ,           103384.87
CE_F31 ,           4, Efficient grinding system          , -360000000.00 ,           129231.08
CE_F31 ,           5, Optimising auxiliary power         , -340000000.00 ,            25846.22
CE_F31 ,           6, Increasing slag to 70% in PSC      , -300000000.00 ,           129231.08
CE_F31 ,           7, Enhancement in Kiln                , -280000000.00 ,            77538.65
CE_F31 ,           8, Heat rate reduction in CPP         , -260000000.00 ,            51692.43
CE_F31 ,           9, Improving burnability of material  , -130000000.00 ,           180923.52
CE_F31 ,          10, Burner retrofit                    , -120000000.00 ,            25846.22
CE_F31 ,          11, High efficiency clinker coolers    , -100000000.00 ,            77538.65
CE_F31 ,          12, Substitute OPC with LC3 cement     , -80000000.00  ,           103384.87
CE_F31 ,          13, Increasing fly ash to 35% in PPC   , -70000000.00  ,           258462.17
CE_F31 ,          14, Renewable energy use in electricity, 180000000.00  ,           206769.73
CE_F31 ,          15, Increasing TSR to 30% in kiln fuel , 420000000.00  ,           465231.9
CE_F31 ,          16, CCS                                , 900000000.00  ,          1550773
CE_F31 ,          17, Decreasing clinker to 85% in OPC   , 1200000000.00 ,           129231.08
CE_F31 ,          18, CCU                                , 1860000000.00 ,          1550773
CE_F31 ,          19, Offset                             , 1880000000.00 ,           310154.6
CE_F32 ,           1, Efficient electrical equipment     , -430000000.00 ,            28377.79
CE_F32 ,           2, Waste heat recovery                , -420000000.00 ,           113511.17
CE_F32 ,           3, Automation system                  , -410000000.00 ,            56755.58
CE_F32 ,           4, Efficient grinding system          , -360000000.00 ,            70944.48
CE_F32 ,           5, Optimising auxiliary power         , -340000000.00 ,            14188.9
CE_F32 ,           6, Increasing slag to 70% in PSC      , -300000000.00 ,            70944.48
CE_F32 ,           7, Enhancement in Kiln                , -280000000.00 ,            42566.69
CE_F32 ,           8, Heat rate reduction in CPP         , -260000000.00 ,            28377.79
CE_F32 ,           9, Improving burnability of material  , -130000000.00 ,            99322.27
CE_F32 ,          10, Burner retrofit                    , -120000000.00 ,            14188.9
CE_F32 ,          11, High efficiency clinker coolers    , -100000000.00 ,            42566.69
CE_F32 ,          12, Substitute OPC with LC3 cement     , -80000000.00  ,            56755.58
CE_F32 ,          13, Increasing fly ash to 35% in PPC   , -70000000.00  ,           141888.96
CE_F32 ,          14, Renewable energy use in electricity, 180000000.00  ,           113511.17
CE_F32 ,          15, Increasing TSR to 30% in kiln fuel , 420000000.00  ,           255400.13
CE_F32 ,          16, CCS                                , 900000000.00  ,           851333.77
CE_F32 ,          17, Decreasing clinker to 85% in OPC   , 1200000000.00 ,            70944.48
CE_F32 ,          18, CCU                                , 1860000000.00 ,           851333.77
CE_F32 ,          19, Offset                             , 1880000000.00 ,           170266.75
CE_F33 ,           1, Efficient electrical equipment     , -430000000.00 ,             7731.61
CE_F33 ,           2, Waste heat recovery                , -420000000.00 ,            30926.43
CE_F33 ,           3, Automation system                  , -410000000.00 ,            15463.22
CE_F33 ,           4, Efficient grinding system          , -360000000.00 ,            19329.02
CE_F33 ,           5, Optimising auxiliary power         , -340000000.00 ,             3865.8
CE_F33 ,           6, Increasing slag to 70% in PSC      , -300000000.00 ,            19329.02
CE_F33 ,           7, Enhancement in Kiln                , -280000000.00 ,            11597.41
CE_F33 ,           8, Heat rate reduction in CPP         , -260000000.00 ,             7731.61
CE_F33 ,           9, Improving burnability of material  , -130000000.00 ,            27060.63
CE_F33 ,          10, Burner retrofit                    , -120000000.00 ,             3865.8
CE_F33 ,          11, High efficiency clinker coolers    , -100000000.00 ,            11597.41
CE_F33 ,          12, Substitute OPC with LC3 cement     , -80000000.00  ,            15463.22
CE_F33 ,          13, Increasing fly ash to 35% in PPC   , -70000000.00  ,            38658.04
CE_F33 ,          14, Renewable energy use in electricity, 180000000.00  ,            30926.43
CE_F33 ,          15, Increasing TSR to 30% in kiln fuel , 420000000.00  ,            69584.47
CE_F33 ,          16, CCS                                , 900000000.00  ,           231948.25
CE_F33 ,          17, Decreasing clinker to 85% in OPC   , 1200000000.00 ,            19329.02
CE_F33 ,          18, CCU                                , 1860000000.00 ,           231948.25
CE_F33 ,          19, Offset                             , 1880000000.00 ,            46389.65
CE_F34 ,           1, Efficient electrical equipment     , -430000000.00 ,            23100.09
CE_F34 ,           2, Waste heat recovery                , -420000000.00 ,            92400.38
CE_F34 ,           3, Automation system                  , -410000000.00 ,            46200.19
CE_F34 ,           4, Efficient grinding system          , -360000000.00 ,            57750.24
CE_F34 ,           5, Optimising auxiliary power         , -340000000.00 ,            11550.05
CE_F34 ,           6, Increasing slag to 70% in PSC      , -300000000.00 ,            57750.24
CE_F34 ,           7, Enhancement in Kiln                , -280000000.00 ,            34650.14
CE_F34 ,           8, Heat rate reduction in CPP         , -260000000.00 ,            23100.09
CE_F34 ,           9, Improving burnability of material  , -130000000.00 ,            80850.33
CE_F34 ,          10, Burner retrofit                    , -120000000.00 ,            11550.05
CE_F34 ,          11, High efficiency clinker coolers    , -100000000.00 ,            34650.14
CE_F34 ,          12, Substitute OPC with LC3 cement     , -80000000.00  ,            46200.19
CE_F34 ,          13, Increasing fly ash to 35% in PPC   , -70000000.00  ,           115500.47
CE_F34 ,          14, Renewable energy use in electricity, 180000000.00  ,            92400.38
CE_F34 ,          15, Increasing TSR to 30% in kiln fuel , 420000000.00  ,           207900.85
CE_F34 ,          16, CCS                                , 900000000.00  ,           693002.85
CE_F34 ,          17, Decreasing clinker to 85% in OPC   , 1200000000.00 ,            57750.24
CE_F34 ,          18, CCU                                , 1860000000.00 ,           693002.85
CE_F34 ,          19, Offset                             , 1880000000.00 ,           138600.57
CE_F35 ,           1, Efficient electrical equipment     , -430000000.00 ,            18463.83
CE_F35 ,           2, Waste heat recovery                , -420000000.00 ,            73855.34
CE_F35 ,           3, Automation system                  , -410000000.00 ,            36927.67
CE_F35 ,           4, Efficient grinding system          , -360000000.00 ,            46159.58
CE_F35 ,           5, Optimising auxiliary power         , -340000000.00 ,             9231.92
CE_F35 ,           6, Increasing slag to 70% in PSC      , -300000000.00 ,            46159.58
CE_F35 ,           7, Enhancement in Kiln                , -280000000.00 ,            27695.75
CE_F35 ,           8, Heat rate reduction in CPP         , -260000000.00 ,            18463.83
CE_F35 ,           9, Improving burnability of material  , -130000000.00 ,            64623.42
CE_F35 ,          10, Burner retrofit                    , -120000000.00 ,             9231.92
CE_F35 ,          11, High efficiency clinker coolers    , -100000000.00 ,            27695.75
CE_F35 ,          12, Substitute OPC with LC3 cement     , -80000000.00  ,            36927.67
CE_F35 ,          13, Increasing fly ash to 35% in PPC   , -70000000.00  ,            92319.17
CE_F35 ,          14, Renewable energy use in electricity, 180000000.00  ,            73855.34
CE_F35 ,          15, Increasing TSR to 30% in kiln fuel , 420000000.00  ,           166174.5
CE_F35 ,          16, CCS                                , 900000000.00  ,           553915.01
CE_F35 ,          17, Decreasing clinker to 85% in OPC   , 1200000000.00 ,            46159.58
CE_F35 ,          18, CCU                                , 1860000000.00 ,           553915.01
CE_F35 ,          19, Offset                             , 1880000000.00 ,           110783
CE_F36 ,           1, Efficient electrical equipment     , -430000000.00 ,            36398.8
CE_F36 ,           2, Waste heat recovery                , -420000000.00 ,           145595.18
CE_F36 ,           3, Automation system                  , -410000000.00 ,            72797.59
CE_F36 ,           4, Efficient grinding system          , -360000000.00 ,            90996.99
CE_F36 ,           5, Optimising auxiliary power         , -340000000.00 ,            18199.4
CE_F36 ,           6, Increasing slag to 70% in PSC      , -300000000.00 ,            90996.99
CE_F36 ,           7, Enhancement in Kiln                , -280000000.00 ,            54598.19
CE_F36 ,           8, Heat rate reduction in CPP         , -260000000.00 ,            36398.8
CE_F36 ,           9, Improving burnability of material  , -130000000.00 ,           127395.78
CE_F36 ,          10, Burner retrofit                    , -120000000.00 ,            18199.4
CE_F36 ,          11, High efficiency clinker coolers    , -100000000.00 ,            54598.19
CE_F36 ,          12, Substitute OPC with LC3 cement     , -80000000.00  ,            72797.59
CE_F36 ,          13, Increasing fly ash to 35% in PPC   , -70000000.00  ,           181993.98
CE_F36 ,          14, Renewable energy use in electricity, 180000000.00  ,           145595.18
CE_F36 ,          15, Increasing TSR to 30% in kiln fuel , 420000000.00  ,           327589.16
CE_F36 ,          16, CCS                                , 900000000.00  ,          1091963.86
CE_F36 ,          17, Decreasing clinker to 85% in OPC   , 1200000000.00 ,            90996.99
CE_F36 ,          18, CCU                                , 1860000000.00 ,          1091963.86
CE_F36 ,          19, Offset                             , 1880000000.00 ,           218392.77
CE_F37 ,           1, Efficient electrical equipment     , -430000000.00 ,            16995.1
CE_F37 ,           2, Waste heat recovery                , -420000000.00 ,            67980.42
CE_F37 ,           3, Automation system                  , -410000000.00 ,            33990.21
CE_F37 ,           4, Efficient grinding system          , -360000000.00 ,            42487.76
CE_F37 ,           5, Optimising auxiliary power         , -340000000.00 ,             8497.55
CE_F37 ,           6, Increasing slag to 70% in PSC      , -300000000.00 ,            42487.76
CE_F37 ,           7, Enhancement in Kiln                , -280000000.00 ,            25492.66
CE_F37 ,           8, Heat rate reduction in CPP         , -260000000.00 ,            16995.1
CE_F37 ,           9, Improving burnability of material  , -130000000.00 ,            59482.86
CE_F37 ,          10, Burner retrofit                    , -120000000.00 ,             8497.55
CE_F37 ,          11, High efficiency clinker coolers    , -100000000.00 ,            25492.66
CE_F37 ,          12, Substitute OPC with LC3 cement     , -80000000.00  ,            33990.21
CE_F37 ,          13, Increasing fly ash to 35% in PPC   , -70000000.00  ,            84975.52
CE_F37 ,          14, Renewable energy use in electricity, 180000000.00  ,            67980.42
CE_F37 ,          15, Increasing TSR to 30% in kiln fuel , 420000000.00  ,           152955.93
CE_F37 ,          16, CCS                                , 900000000.00  ,           509853.12
CE_F37 ,          17, Decreasing clinker to 85% in OPC   , 1200000000.00 ,            42487.76
CE_F37 ,          18, CCU                                , 1860000000.00 ,           509853.12
CE_F37 ,          19, Offset                             , 1880000000.00 ,           101970.62
CE_F38 ,           1, Efficient electrical equipment     , -430000000.00 ,            27351.09
CE_F38 ,           2, Waste heat recovery                , -420000000.00 ,           109404.34
CE_F38 ,           3, Automation system                  , -410000000.00 ,            54702.17
CE_F38 ,           4, Efficient grinding system          , -360000000.00 ,            68377.72
CE_F38 ,           5, Optimising auxiliary power         , -340000000.00 ,            13675.54
CE_F38 ,           6, Increasing slag to 70% in PSC      , -300000000.00 ,            68377.72
CE_F38 ,           7, Enhancement in Kiln                , -280000000.00 ,            41026.63
CE_F38 ,           8, Heat rate reduction in CPP         , -260000000.00 ,            27351.09
CE_F38 ,           9, Improving burnability of material  , -130000000.00 ,            95728.8
CE_F38 ,          10, Burner retrofit                    , -120000000.00 ,            13675.54
CE_F38 ,          11, High efficiency clinker coolers    , -100000000.00 ,            41026.63
CE_F38 ,          12, Substitute OPC with LC3 cement     , -80000000.00  ,            54702.17
CE_F38 ,          13, Increasing fly ash to 35% in PPC   , -70000000.00  ,           136755.43
CE_F38 ,          14, Renewable energy use in electricity, 180000000.00  ,           109404.34
CE_F38 ,          15, Increasing TSR to 30% in kiln fuel , 420000000.00  ,           246159.77
CE_F38 ,          16, CCS                                , 900000000.00  ,           820532.58
CE_F38 ,          17, Decreasing clinker to 85% in OPC   , 1200000000.00 ,            68377.72
CE_F38 ,          18, CCU                                , 1860000000.00 ,           820532.58
CE_F38 ,          19, Offset                             , 1880000000.00 ,           164106.52
CE_F39 ,           1, Efficient electrical equipment     , -430000000.00 ,            45138.36
CE_F39 ,           2, Waste heat recovery                , -420000000.00 ,           180553.45
CE_F39 ,           3, Automation system                  , -410000000.00 ,            90276.72
CE_F39 ,           4, Efficient grinding system          , -360000000.00 ,           112845.91
CE_F39 ,           5, Optimising auxiliary power         , -340000000.00 ,            22569.18
CE_F39 ,           6, Increasing slag to 70% in PSC      , -300000000.00 ,           112845.91
CE_F39 ,           7, Enhancement in Kiln                , -280000000.00 ,            67707.54
CE_F39 ,           8, Heat rate reduction in CPP         , -260000000.00 ,            45138.36
CE_F39 ,           9, Improving burnability of material  , -130000000.00 ,           157984.27
CE_F39 ,          10, Burner retrofit                    , -120000000.00 ,            22569.18
CE_F39 ,          11, High efficiency clinker coolers    , -100000000.00 ,            67707.54
CE_F39 ,          12, Substitute OPC with LC3 cement     , -80000000.00  ,            90276.72
CE_F39 ,          13, Increasing fly ash to 35% in PPC   , -70000000.00  ,           225691.81
CE_F39 ,          14, Renewable energy use in electricity, 180000000.00  ,           180553.45
CE_F39 ,          15, Increasing TSR to 30% in kiln fuel , 420000000.00  ,           406245.26
CE_F39 ,          16, CCS                                , 900000000.00  ,          1354150.86
CE_F39 ,          17, Decreasing clinker to 85% in OPC   , 1200000000.00 ,           112845.91
CE_F39 ,          18, CCU                                , 1860000000.00 ,          1354150.86
CE_F39 ,          19, Offset                             , 1880000000.00 ,           270830.17
CE_F40 ,           1, Efficient electrical equipment     , -430000000.00 ,            63677.77
CE_F40 ,           2, Waste heat recovery                , -420000000.00 ,           254711.1
CE_F40 ,           3, Automation system                  , -410000000.00 ,           127355.55
CE_F40 ,           4, Efficient grinding system          , -360000000.00 ,           159194.44
CE_F40 ,           5, Optimising auxiliary power         , -340000000.00 ,            31838.89
CE_F40 ,           6, Increasing slag to 70% in PSC      , -300000000.00 ,           159194.44
CE_F40 ,           7, Enhancement in Kiln                , -280000000.00 ,            95516.66
CE_F40 ,           8, Heat rate reduction in CPP         , -260000000.00 ,            63677.77
CE_F40 ,           9, Improving burnability of material  , -130000000.00 ,           222872.21
CE_F40 ,          10, Burner retrofit                    , -120000000.00 ,            31838.89
CE_F40 ,          11, High efficiency clinker coolers    , -100000000.00 ,            95516.66
CE_F40 ,          12, Substitute OPC with LC3 cement     , -80000000.00  ,           127355.55
CE_F40 ,          13, Increasing fly ash to 35% in PPC   , -70000000.00  ,           318388.87
CE_F40 ,          14, Renewable energy use in electricity, 180000000.00  ,           254711.1
CE_F40 ,          15, Increasing TSR to 30% in kiln fuel , 420000000.00  ,           573099.97
CE_F40 ,          16, CCS                                , 900000000.00  ,          1910333.23
CE_F40 ,          17, Decreasing clinker to 85% in OPC   , 1200000000.00 ,           159194.44
CE_F40 ,          18, CCU                                , 1860000000.00 ,          1910333.23
CE_F40 ,          19, Offset                             , 1880000000.00 ,           382066.65
CE_F41 ,           1, Efficient electrical equipment     , -430000000.00 ,            12491.37
CE_F41 ,           2, Waste heat recovery                , -420000000.00 ,            49965.48
CE_F41 ,           3, Automation system                  , -410000000.00 ,            24982.74
CE_F41 ,           4, Efficient grinding system          , -360000000.00 ,            31228.43
CE_F41 ,           5, Optimising auxiliary power         , -340000000.00 ,             6245.69
CE_F41 ,           6, Increasing slag to 70% in PSC      , -300000000.00 ,            31228.43
CE_F41 ,           7, Enhancement in Kiln                , -280000000.00 ,            18737.06
CE_F41 ,           8, Heat rate reduction in CPP         , -260000000.00 ,            12491.37
CE_F41 ,           9, Improving burnability of material  , -130000000.00 ,            43719.8
CE_F41 ,          10, Burner retrofit                    , -120000000.00 ,             6245.69
CE_F41 ,          11, High efficiency clinker coolers    , -100000000.00 ,            18737.06
CE_F41 ,          12, Substitute OPC with LC3 cement     , -80000000.00  ,            24982.74
CE_F41 ,          13, Increasing fly ash to 35% in PPC   , -70000000.00  ,            62456.85
CE_F41 ,          14, Renewable energy use in electricity, 180000000.00  ,            49965.48
CE_F41 ,          15, Increasing TSR to 30% in kiln fuel , 420000000.00  ,           112422.34
CE_F41 ,          16, CCS                                , 900000000.00  ,           374741.13
CE_F41 ,          17, Decreasing clinker to 85% in OPC   , 1200000000.00 ,            31228.43
CE_F41 ,          18, CCU                                , 1860000000.00 ,           374741.13
CE_F41 ,          19, Offset                             , 1880000000.00 ,            74948.23
CE_F42 ,           1, Efficient electrical equipment     , -430000000.00 ,            29323.58
CE_F42 ,           2, Waste heat recovery                , -420000000.00 ,           117294.31
CE_F42 ,           3, Automation system                  , -410000000.00 ,            58647.16
CE_F42 ,           4, Efficient grinding system          , -360000000.00 ,            73308.95
CE_F42 ,           5, Optimising auxiliary power         , -340000000.00 ,            14661.79
CE_F42 ,           6, Increasing slag to 70% in PSC      , -300000000.00 ,            73308.95
CE_F42 ,           7, Enhancement in Kiln                , -280000000.00 ,            43985.37
CE_F42 ,           8, Heat rate reduction in CPP         , -260000000.00 ,            29323.58
CE_F42 ,           9, Improving burnability of material  , -130000000.00 ,           102632.53
CE_F42 ,          10, Burner retrofit                    , -120000000.00 ,            14661.79
CE_F42 ,          11, High efficiency clinker coolers    , -100000000.00 ,            43985.37
CE_F42 ,          12, Substitute OPC with LC3 cement     , -80000000.00  ,            58647.16
CE_F42 ,          13, Increasing fly ash to 35% in PPC   , -70000000.00  ,           146617.89
CE_F42 ,          14, Renewable energy use in electricity, 180000000.00  ,           117294.31
CE_F42 ,          15, Increasing TSR to 30% in kiln fuel , 420000000.00  ,           263912.21
CE_F42 ,          16, CCS                                , 900000000.00  ,           879707.36
CE_F42 ,          17, Decreasing clinker to 85% in OPC   , 1200000000.00 ,            73308.95
CE_F42 ,          18, CCU                                , 1860000000.00 ,           879707.36
CE_F42 ,          19, Offset                             , 1880000000.00 ,           175941.47
CE_F43 ,           1, Efficient electrical equipment     , -430000000.00 ,            27747.16
CE_F43 ,           2, Waste heat recovery                , -420000000.00 ,           110988.65
CE_F43 ,           3, Automation system                  , -410000000.00 ,            55494.33
CE_F43 ,           4, Efficient grinding system          , -360000000.00 ,            69367.91
CE_F43 ,           5, Optimising auxiliary power         , -340000000.00 ,            13873.58
CE_F43 ,           6, Increasing slag to 70% in PSC      , -300000000.00 ,            69367.91
CE_F43 ,           7, Enhancement in Kiln                , -280000000.00 ,            41620.74
CE_F43 ,           8, Heat rate reduction in CPP         , -260000000.00 ,            27747.16
CE_F43 ,           9, Improving burnability of material  , -130000000.00 ,            97115.07
CE_F43 ,          10, Burner retrofit                    , -120000000.00 ,            13873.58
CE_F43 ,          11, High efficiency clinker coolers    , -100000000.00 ,            41620.74
CE_F43 ,          12, Substitute OPC with LC3 cement     , -80000000.00  ,            55494.33
CE_F43 ,          13, Increasing fly ash to 35% in PPC   , -70000000.00  ,           138735.82
CE_F43 ,          14, Renewable energy use in electricity, 180000000.00  ,           110988.65
CE_F43 ,          15, Increasing TSR to 30% in kiln fuel , 420000000.00  ,           249724.47
CE_F43 ,          16, CCS                                , 900000000.00  ,           832414.9
CE_F43 ,          17, Decreasing clinker to 85% in OPC   , 1200000000.00 ,            69367.91
CE_F43 ,          18, CCU                                , 1860000000.00 ,           832414.9
CE_F43 ,          19, Offset                             , 1880000000.00 ,           166482.98
CE_F44 ,           1, Efficient electrical equipment     , -430000000.00 ,            20073.59
CE_F44 ,           2, Waste heat recovery                , -420000000.00 ,            80294.36
CE_F44 ,           3, Automation system                  , -410000000.00 ,            40147.18
CE_F44 ,           4, Efficient grinding system          , -360000000.00 ,            50183.98
CE_F44 ,           5, Optimising auxiliary power         , -340000000.00 ,            10036.8
CE_F44 ,           6, Increasing slag to 70% in PSC      , -300000000.00 ,            50183.98
CE_F44 ,           7, Enhancement in Kiln                , -280000000.00 ,            30110.39
CE_F44 ,           8, Heat rate reduction in CPP         , -260000000.00 ,            20073.59
CE_F44 ,           9, Improving burnability of material  , -130000000.00 ,            70257.57
CE_F44 ,          10, Burner retrofit                    , -120000000.00 ,            10036.8
CE_F44 ,          11, High efficiency clinker coolers    , -100000000.00 ,            30110.39
CE_F44 ,          12, Substitute OPC with LC3 cement     , -80000000.00  ,            40147.18
CE_F44 ,          13, Increasing fly ash to 35% in PPC   , -70000000.00  ,           100367.95
CE_F44 ,          14, Renewable energy use in electricity, 180000000.00  ,            80294.36
CE_F44 ,          15, Increasing TSR to 30% in kiln fuel , 420000000.00  ,           180662.31
CE_F44 ,          16, CCS                                , 900000000.00  ,           602207.72
CE_F44 ,          17, Decreasing clinker to 85% in OPC   , 1200000000.00 ,            50183.98
CE_F44 ,          18, CCU                                , 1860000000.00 ,           602207.72
CE_F44 ,          19, Offset                             , 1880000000.00 ,           120441.54
CE_F45 ,           1, Efficient electrical equipment     , -430000000.00 ,             7517.2
CE_F45 ,           2, Waste heat recovery                , -420000000.00 ,            30068.82
CE_F45 ,           3, Automation system                  , -410000000.00 ,            15034.41
CE_F45 ,           4, Efficient grinding system          , -360000000.00 ,            18793.01
CE_F45 ,           5, Optimising auxiliary power         , -340000000.00 ,             3758.6
CE_F45 ,           6, Increasing slag to 70% in PSC      , -300000000.00 ,            18793.01
CE_F45 ,           7, Enhancement in Kiln                , -280000000.00 ,            11275.81
CE_F45 ,           8, Heat rate reduction in CPP         , -260000000.00 ,             7517.2
CE_F45 ,           9, Improving burnability of material  , -130000000.00 ,            26310.22
CE_F45 ,          10, Burner retrofit                    , -120000000.00 ,             3758.6
CE_F45 ,          11, High efficiency clinker coolers    , -100000000.00 ,            11275.81
CE_F45 ,          12, Substitute OPC with LC3 cement     , -80000000.00  ,            15034.41
CE_F45 ,          13, Increasing fly ash to 35% in PPC   , -70000000.00  ,            37586.02
CE_F45 ,          14, Renewable energy use in electricity, 180000000.00  ,            30068.82
CE_F45 ,          15, Increasing TSR to 30% in kiln fuel , 420000000.00  ,            67654.84
CE_F45 ,          16, CCS                                , 900000000.00  ,           225516.14
CE_F45 ,          17, Decreasing clinker to 85% in OPC   , 1200000000.00 ,            18793.01
CE_F45 ,          18, CCU                                , 1860000000.00 ,           225516.14
CE_F45 ,          19, Offset                             , 1880000000.00 ,            45103.23
CE_F46 ,           1, Efficient electrical equipment     , -430000000.00 ,            23831.46
CE_F46 ,           2, Waste heat recovery                , -420000000.00 ,            95325.84
CE_F46 ,           3, Automation system                  , -410000000.00 ,            47662.92
CE_F46 ,           4, Efficient grinding system          , -360000000.00 ,            59578.65
CE_F46 ,           5, Optimising auxiliary power         , -340000000.00 ,            11915.73
CE_F46 ,           6, Increasing slag to 70% in PSC      , -300000000.00 ,            59578.65
CE_F46 ,           7, Enhancement in Kiln                , -280000000.00 ,            35747.19
CE_F46 ,           8, Heat rate reduction in CPP         , -260000000.00 ,            23831.46
CE_F46 ,           9, Improving burnability of material  , -130000000.00 ,            83410.11
CE_F46 ,          10, Burner retrofit                    , -120000000.00 ,            11915.73
CE_F46 ,          11, High efficiency clinker coolers    , -100000000.00 ,            35747.19
CE_F46 ,          12, Substitute OPC with LC3 cement     , -80000000.00  ,            47662.92
CE_F46 ,          13, Increasing fly ash to 35% in PPC   , -70000000.00  ,           119157.3
CE_F46 ,          14, Renewable energy use in electricity, 180000000.00  ,            95325.84
CE_F46 ,          15, Increasing TSR to 30% in kiln fuel , 420000000.00  ,           214483.14
CE_F46 ,          16, CCS                                , 900000000.00  ,           714943.8
CE_F46 ,          17, Decreasing clinker to 85% in OPC   , 1200000000.00 ,            59578.65
CE_F46 ,          18, CCU                                , 1860000000.00 ,           714943.8
CE_F46 ,          19, Offset                             , 1880000000.00 ,           142988.76
CE_F47 ,           1, Efficient electrical equipment     , -430000000.00 ,             4464.62
CE_F47 ,           2, Waste heat recovery                , -420000000.00 ,            17858.49
CE_F47 ,           3, Automation system                  , -410000000.00 ,             8929.25
CE_F47 ,           4, Efficient grinding system          , -360000000.00 ,            11161.56
CE_F47 ,           5, Optimising auxiliary power         , -340000000.00 ,             2232.31
CE_F47 ,           6, Increasing slag to 70% in PSC      , -300000000.00 ,            11161.56
CE_F47 ,           7, Enhancement in Kiln                , -280000000.00 ,             6696.93
CE_F47 ,           8, Heat rate reduction in CPP         , -260000000.00 ,             4464.62
CE_F47 ,           9, Improving burnability of material  , -130000000.00 ,            15626.18
CE_F47 ,          10, Burner retrofit                    , -120000000.00 ,             2232.31
CE_F47 ,          11, High efficiency clinker coolers    , -100000000.00 ,             6696.93
CE_F47 ,          12, Substitute OPC with LC3 cement     , -80000000.00  ,             8929.25
CE_F47 ,          13, Increasing fly ash to 35% in PPC   , -70000000.00  ,            22323.12
CE_F47 ,          14, Renewable energy use in electricity, 180000000.00  ,            17858.49
CE_F47 ,          15, Increasing TSR to 30% in kiln fuel , 420000000.00  ,            40181.61
CE_F47 ,          16, CCS                                , 900000000.00  ,           133938.69
CE_F47 ,          17, Decreasing clinker to 85% in OPC   , 1200000000.00 ,            11161.56
CE_F47 ,          18, CCU                                , 1860000000.00 ,           133938.69
CE_F47 ,          19, Offset                             , 1880000000.00 ,            26787.74
CE_F48 ,           1, Efficient electrical equipment     , -430000000.00 ,            28314.4
CE_F48 ,           2, Waste heat recovery                , -420000000.00 ,           113257.61
CE_F48 ,           3, Automation system                  , -410000000.00 ,            56628.81
CE_F48 ,           4, Efficient grinding system          , -360000000.00 ,            70786.01
CE_F48 ,           5, Optimising auxiliary power         , -340000000.00 ,            14157.2
CE_F48 ,           6, Increasing slag to 70% in PSC      , -300000000.00 ,            70786.01
CE_F48 ,           7, Enhancement in Kiln                , -280000000.00 ,            42471.61
CE_F48 ,           8, Heat rate reduction in CPP         , -260000000.00 ,            28314.4
CE_F48 ,           9, Improving burnability of material  , -130000000.00 ,            99100.41
CE_F48 ,          10, Burner retrofit                    , -120000000.00 ,            14157.2
CE_F48 ,          11, High efficiency clinker coolers    , -100000000.00 ,            42471.61
CE_F48 ,          12, Substitute OPC with LC3 cement     , -80000000.00  ,            56628.81
CE_F48 ,          13, Increasing fly ash to 35% in PPC   , -70000000.00  ,           141572.02
CE_F48 ,          14, Renewable energy use in electricity, 180000000.00  ,           113257.61
CE_F48 ,          15, Increasing TSR to 30% in kiln fuel , 420000000.00  ,           254829.63
CE_F48 ,          16, CCS                                , 900000000.00  ,           849432.11
CE_F48 ,          17, Decreasing clinker to 85% in OPC   , 1200000000.00 ,            70786.01
CE_F48 ,          18, CCU                                , 1860000000.00 ,           849432.11
CE_F48 ,          19, Offset                             , 1880000000.00 ,           169886.42
CE_F49 ,           1, Efficient electrical equipment     , -430000000.00 ,             7948.09
CE_F49 ,           2, Waste heat recovery                , -420000000.00 ,            31792.38
CE_F49 ,           3, Automation system                  , -410000000.00 ,            15896.19
CE_F49 ,           4, Efficient grinding system          , -360000000.00 ,            19870.24
CE_F49 ,           5, Optimising auxiliary power         , -340000000.00 ,             3974.05
CE_F49 ,           6, Increasing slag to 70% in PSC      , -300000000.00 ,            19870.24
CE_F49 ,           7, Enhancement in Kiln                , -280000000.00 ,            11922.14
CE_F49 ,           8, Heat rate reduction in CPP         , -260000000.00 ,             7948.09
CE_F49 ,           9, Improving burnability of material  , -130000000.00 ,            27818.33
CE_F49 ,          10, Burner retrofit                    , -120000000.00 ,             3974.05
CE_F49 ,          11, High efficiency clinker coolers    , -100000000.00 ,            11922.14
CE_F49 ,          12, Substitute OPC with LC3 cement     , -80000000.00  ,            15896.19
CE_F49 ,          13, Increasing fly ash to 35% in PPC   , -70000000.00  ,            39740.47
CE_F49 ,          14, Renewable energy use in electricity, 180000000.00  ,            31792.38
CE_F49 ,          15, Increasing TSR to 30% in kiln fuel , 420000000.00  ,            71532.85
CE_F49 ,          16, CCS                                , 900000000.00  ,           238442.85
CE_F49 ,          17, Decreasing clinker to 85% in OPC   , 1200000000.00 ,            19870.24
CE_F49 ,          18, CCU                                , 1860000000.00 ,           238442.85
CE_F49 ,          19, Offset                             , 1880000000.00 ,            47688.57
CE_F50 ,           1, Efficient electrical equipment     , -430000000.00 ,             4137.15
CE_F50 ,           2, Waste heat recovery                , -420000000.00 ,            16548.61
CE_F50 ,           3, Automation system                  , -410000000.00 ,             8274.3
CE_F50 ,           4, Efficient grinding system          , -360000000.00 ,            10342.88
CE_F50 ,           5, Optimising auxiliary power         , -340000000.00 ,             2068.58
CE_F50 ,           6, Increasing slag to 70% in PSC      , -300000000.00 ,            10342.88
CE_F50 ,           7, Enhancement in Kiln                , -280000000.00 ,             6205.73
CE_F50 ,           8, Heat rate reduction in CPP         , -260000000.00 ,             4137.15
CE_F50 ,           9, Improving burnability of material  , -130000000.00 ,            14480.03
CE_F50 ,          10, Burner retrofit                    , -120000000.00 ,             2068.58
CE_F50 ,          11, High efficiency clinker coolers    , -100000000.00 ,             6205.73
CE_F50 ,          12, Substitute OPC with LC3 cement     , -80000000.00  ,             8274.3
CE_F50 ,          13, Increasing fly ash to 35% in PPC   , -70000000.00  ,            20685.76
CE_F50 ,          14, Renewable energy use in electricity, 180000000.00  ,            16548.61
CE_F50 ,          15, Increasing TSR to 30% in kiln fuel , 420000000.00  ,            37234.36
CE_F50 ,          16, CCS                                , 900000000.00  ,           124114.54
CE_F50 ,          17, Decreasing clinker to 85% in OPC   , 1200000000.00 ,            10342.88
CE_F50 ,          18, CCU                                , 1860000000.00 ,           124114.54
CE_F50 ,          19, Offset                             , 1880000000.00 ,            24822.91
CE_F51 ,           1, Efficient electrical equipment     , -430000000.00 ,             4932.9
CE_F51 ,           2, Waste heat recovery                , -420000000.00 ,            19731.58
CE_F51 ,           3, Automation system                  , -410000000.00 ,             9865.79
CE_F51 ,           4, Efficient grinding system          , -360000000.00 ,            12332.24
CE_F51 ,           5, Optimising auxiliary power         , -340000000.00 ,             2466.45
CE_F51 ,           6, Increasing slag to 70% in PSC      , -300000000.00 ,            12332.24
CE_F51 ,           7, Enhancement in Kiln                , -280000000.00 ,             7399.34
CE_F51 ,           8, Heat rate reduction in CPP         , -260000000.00 ,             4932.9
CE_F51 ,           9, Improving burnability of material  , -130000000.00 ,            17265.14
CE_F51 ,          10, Burner retrofit                    , -120000000.00 ,             2466.45
CE_F51 ,          11, High efficiency clinker coolers    , -100000000.00 ,             7399.34
CE_F51 ,          12, Substitute OPC with LC3 cement     , -80000000.00  ,             9865.79
CE_F51 ,          13, Increasing fly ash to 35% in PPC   , -70000000.00  ,            24664.48
CE_F51 ,          14, Renewable energy use in electricity, 180000000.00  ,            19731.58
CE_F51 ,          15, Increasing TSR to 30% in kiln fuel , 420000000.00  ,            44396.07
CE_F51 ,          16, CCS                                , 900000000.00  ,           147986.88
CE_F51 ,          17, Decreasing clinker to 85% in OPC   , 1200000000.00 ,            12332.24
CE_F51 ,          18, CCU                                , 1860000000.00 ,           147986.88
CE_F51 ,          19, Offset                             , 1880000000.00 ,            29597.38
CE_F52 ,           1, Efficient electrical equipment     , -430000000.00 ,             5505.45
CE_F52 ,           2, Waste heat recovery                , -420000000.00 ,            22021.79
CE_F52 ,           3, Automation system                  , -410000000.00 ,            11010.9
CE_F52 ,           4, Efficient grinding system          , -360000000.00 ,            13763.62
CE_F52 ,           5, Optimising auxiliary power         , -340000000.00 ,             2752.72
CE_F52 ,           6, Increasing slag to 70% in PSC      , -300000000.00 ,            13763.62
CE_F52 ,           7, Enhancement in Kiln                , -280000000.00 ,             8258.17
CE_F52 ,           8, Heat rate reduction in CPP         , -260000000.00 ,             5505.45
CE_F52 ,           9, Improving burnability of material  , -130000000.00 ,            19269.07
CE_F52 ,          10, Burner retrofit                    , -120000000.00 ,             2752.72
CE_F52 ,          11, High efficiency clinker coolers    , -100000000.00 ,             8258.17
CE_F52 ,          12, Substitute OPC with LC3 cement     , -80000000.00  ,            11010.9
CE_F52 ,          13, Increasing fly ash to 35% in PPC   , -70000000.00  ,            27527.24
CE_F52 ,          14, Renewable energy use in electricity, 180000000.00  ,            22021.79
CE_F52 ,          15, Increasing TSR to 30% in kiln fuel , 420000000.00  ,            49549.03
CE_F52 ,          16, CCS                                , 900000000.00  ,           165163.44
CE_F52 ,          17, Decreasing clinker to 85% in OPC   , 1200000000.00 ,            13763.62
CE_F52 ,          18, CCU                                , 1860000000.00 ,           165163.44
CE_F52 ,          19, Offset                             , 1880000000.00 ,            33032.69
CE_F53 ,           1, Efficient electrical equipment     , -430000000.00 ,            13233.06
CE_F53 ,           2, Waste heat recovery                , -420000000.00 ,            52932.25
CE_F53 ,           3, Automation system                  , -410000000.00 ,            26466.12
CE_F53 ,           4, Efficient grinding system          , -360000000.00 ,            33082.66
CE_F53 ,           5, Optimising auxiliary power         , -340000000.00 ,             6616.53
CE_F53 ,           6, Increasing slag to 70% in PSC      , -300000000.00 ,            33082.66
CE_F53 ,           7, Enhancement in Kiln                , -280000000.00 ,            19849.59
CE_F53 ,           8, Heat rate reduction in CPP         , -260000000.00 ,            13233.06
CE_F53 ,           9, Improving burnability of material  , -130000000.00 ,            46315.72
CE_F53 ,          10, Burner retrofit                    , -120000000.00 ,             6616.53
CE_F53 ,          11, High efficiency clinker coolers    , -100000000.00 ,            19849.59
CE_F53 ,          12, Substitute OPC with LC3 cement     , -80000000.00  ,            26466.12
CE_F53 ,          13, Increasing fly ash to 35% in PPC   , -70000000.00  ,            66165.31
CE_F53 ,          14, Renewable energy use in electricity, 180000000.00  ,            52932.25
CE_F53 ,          15, Increasing TSR to 30% in kiln fuel , 420000000.00  ,           119097.56
CE_F53 ,          16, CCS                                , 900000000.00  ,           396991.87
CE_F53 ,          17, Decreasing clinker to 85% in OPC   , 1200000000.00 ,            33082.66
CE_F53 ,          18, CCU                                , 1860000000.00 ,           396991.87
CE_F53 ,          19, Offset                             , 1880000000.00 ,            79398.37
CE_F54 ,           1, Efficient electrical equipment     , -430000000.00 ,            26546.93
CE_F54 ,           2, Waste heat recovery                , -420000000.00 ,           106187.73
CE_F54 ,           3, Automation system                  , -410000000.00 ,            53093.86
CE_F54 ,           4, Efficient grinding system          , -360000000.00 ,            66367.33
CE_F54 ,           5, Optimising auxiliary power         , -340000000.00 ,            13273.47
CE_F54 ,           6, Increasing slag to 70% in PSC      , -300000000.00 ,            66367.33
CE_F54 ,           7, Enhancement in Kiln                , -280000000.00 ,            39820.4
CE_F54 ,           8, Heat rate reduction in CPP         , -260000000.00 ,            26546.93
CE_F54 ,           9, Improving burnability of material  , -130000000.00 ,            92914.26
CE_F54 ,          10, Burner retrofit                    , -120000000.00 ,            13273.47
CE_F54 ,          11, High efficiency clinker coolers    , -100000000.00 ,            39820.4
CE_F54 ,          12, Substitute OPC with LC3 cement     , -80000000.00  ,            53093.86
CE_F54 ,          13, Increasing fly ash to 35% in PPC   , -70000000.00  ,           132734.66
CE_F54 ,          14, Renewable energy use in electricity, 180000000.00  ,           106187.73
CE_F54 ,          15, Increasing TSR to 30% in kiln fuel , 420000000.00  ,           238922.39
CE_F54 ,          16, CCS                                , 900000000.00  ,           796407.95
CE_F54 ,          17, Decreasing clinker to 85% in OPC   , 1200000000.00 ,            66367.33
CE_F54 ,          18, CCU                                , 1860000000.00 ,           796407.95
CE_F54 ,          19, Offset                             , 1880000000.00 ,           159281.59
CE_F55 ,           1, Efficient electrical equipment     , -430000000.00 ,            12563.72
CE_F55 ,           2, Waste heat recovery                , -420000000.00 ,            50254.86
CE_F55 ,           3, Automation system                  , -410000000.00 ,            25127.43
CE_F55 ,           4, Efficient grinding system          , -360000000.00 ,            31409.29
CE_F55 ,           5, Optimising auxiliary power         , -340000000.00 ,             6281.86
CE_F55 ,           6, Increasing slag to 70% in PSC      , -300000000.00 ,            31409.29
CE_F55 ,           7, Enhancement in Kiln                , -280000000.00 ,            18845.57
CE_F55 ,           8, Heat rate reduction in CPP         , -260000000.00 ,            12563.72
CE_F55 ,           9, Improving burnability of material  , -130000000.00 ,            43973
CE_F55 ,          10, Burner retrofit                    , -120000000.00 ,             6281.86
CE_F55 ,          11, High efficiency clinker coolers    , -100000000.00 ,            18845.57
CE_F55 ,          12, Substitute OPC with LC3 cement     , -80000000.00  ,            25127.43
CE_F55 ,          13, Increasing fly ash to 35% in PPC   , -70000000.00  ,            62818.58
CE_F55 ,          14, Renewable energy use in electricity, 180000000.00  ,            50254.86
CE_F55 ,          15, Increasing TSR to 30% in kiln fuel , 420000000.00  ,           113073.44
CE_F55 ,          16, CCS                                , 900000000.00  ,           376911.45
CE_F55 ,          17, Decreasing clinker to 85% in OPC   , 1200000000.00 ,            31409.29
CE_F55 ,          18, CCU                                , 1860000000.00 ,           376911.45
CE_F55 ,          19, Offset                             , 1880000000.00 ,            75382.29
CE_F56 ,           1, Efficient electrical equipment     , -430000000.00 ,            29051.86
CE_F56 ,           2, Waste heat recovery                , -420000000.00 ,           116207.43
CE_F56 ,           3, Automation system                  , -410000000.00 ,            58103.72
CE_F56 ,           4, Efficient grinding system          , -360000000.00 ,            72629.64
CE_F56 ,           5, Optimising auxiliary power         , -340000000.00 ,            14525.93
CE_F56 ,           6, Increasing slag to 70% in PSC      , -300000000.00 ,            72629.64
CE_F56 ,           7, Enhancement in Kiln                , -280000000.00 ,            43577.79
CE_F56 ,           8, Heat rate reduction in CPP         , -260000000.00 ,            29051.86
CE_F56 ,           9, Improving burnability of material  , -130000000.00 ,           101681.5
CE_F56 ,          10, Burner retrofit                    , -120000000.00 ,            14525.93
CE_F56 ,          11, High efficiency clinker coolers    , -100000000.00 ,            43577.79
CE_F56 ,          12, Substitute OPC with LC3 cement     , -80000000.00  ,            58103.72
CE_F56 ,          13, Increasing fly ash to 35% in PPC   , -70000000.00  ,           145259.29
CE_F56 ,          14, Renewable energy use in electricity, 180000000.00  ,           116207.43
CE_F56 ,          15, Increasing TSR to 30% in kiln fuel , 420000000.00  ,           261466.72
CE_F56 ,          16, CCS                                , 900000000.00  ,           871555.73
CE_F56 ,          17, Decreasing clinker to 85% in OPC   , 1200000000.00 ,            72629.64
CE_F56 ,          18, CCU                                , 1860000000.00 ,           871555.73
CE_F56 ,          19, Offset                             , 1880000000.00 ,           174311.15
CE_F57 ,           1, Efficient electrical equipment     , -430000000.00 ,            14395.07
CE_F57 ,           2, Waste heat recovery                , -420000000.00 ,            57580.27
CE_F57 ,           3, Automation system                  , -410000000.00 ,            28790.14
CE_F57 ,           4, Efficient grinding system          , -360000000.00 ,            35987.67
CE_F57 ,           5, Optimising auxiliary power         , -340000000.00 ,             7197.53
CE_F57 ,           6, Increasing slag to 70% in PSC      , -300000000.00 ,            35987.67
CE_F57 ,           7, Enhancement in Kiln                , -280000000.00 ,            21592.6
CE_F57 ,           8, Heat rate reduction in CPP         , -260000000.00 ,            14395.07
CE_F57 ,           9, Improving burnability of material  , -130000000.00 ,            50382.74
CE_F57 ,          10, Burner retrofit                    , -120000000.00 ,             7197.53
CE_F57 ,          11, High efficiency clinker coolers    , -100000000.00 ,            21592.6
CE_F57 ,          12, Substitute OPC with LC3 cement     , -80000000.00  ,            28790.14
CE_F57 ,          13, Increasing fly ash to 35% in PPC   , -70000000.00  ,            71975.34
CE_F57 ,          14, Renewable energy use in electricity, 180000000.00  ,            57580.27
CE_F57 ,          15, Increasing TSR to 30% in kiln fuel , 420000000.00  ,           129555.61
CE_F57 ,          16, CCS                                , 900000000.00  ,           431852.05
CE_F57 ,          17, Decreasing clinker to 85% in OPC   , 1200000000.00 ,            35987.67
CE_F57 ,          18, CCU                                , 1860000000.00 ,           431852.05
CE_F57 ,          19, Offset                             , 1880000000.00 ,            86370.41
CE_F58 ,           1, Efficient electrical equipment     , -430000000.00 ,            10021.99
CE_F58 ,           2, Waste heat recovery                , -420000000.00 ,            40087.95
CE_F58 ,           3, Automation system                  , -410000000.00 ,            20043.98
CE_F58 ,           4, Efficient grinding system          , -360000000.00 ,            25054.97
CE_F58 ,           5, Optimising auxiliary power         , -340000000.00 ,             5010.99
CE_F58 ,           6, Increasing slag to 70% in PSC      , -300000000.00 ,            25054.97
CE_F58 ,           7, Enhancement in Kiln                , -280000000.00 ,            15032.98
CE_F58 ,           8, Heat rate reduction in CPP         , -260000000.00 ,            10021.99
CE_F58 ,           9, Improving burnability of material  , -130000000.00 ,            35076.96
CE_F58 ,          10, Burner retrofit                    , -120000000.00 ,             5010.99
CE_F58 ,          11, High efficiency clinker coolers    , -100000000.00 ,            15032.98
CE_F58 ,          12, Substitute OPC with LC3 cement     , -80000000.00  ,            20043.98
CE_F58 ,          13, Increasing fly ash to 35% in PPC   , -70000000.00  ,            50109.94
CE_F58 ,          14, Renewable energy use in electricity, 180000000.00  ,            40087.95
CE_F58 ,          15, Increasing TSR to 30% in kiln fuel , 420000000.00  ,            90197.89
CE_F58 ,          16, CCS                                , 900000000.00  ,           300659.64
CE_F58 ,          17, Decreasing clinker to 85% in OPC   , 1200000000.00 ,            25054.97
CE_F58 ,          18, CCU                                , 1860000000.00 ,           300659.64
CE_F58 ,          19, Offset                             , 1880000000.00 ,            60131.93
CE_F59 ,           1, Efficient electrical equipment     , -430000000.00 ,            38147.03
CE_F59 ,           2, Waste heat recovery                , -420000000.00 ,           152588.13
CE_F59 ,           3, Automation system                  , -410000000.00 ,            76294.07
CE_F59 ,           4, Efficient grinding system          , -360000000.00 ,            95367.58
CE_F59 ,           5, Optimising auxiliary power         , -340000000.00 ,            19073.52
CE_F59 ,           6, Increasing slag to 70% in PSC      , -300000000.00 ,            95367.58
CE_F59 ,           7, Enhancement in Kiln                , -280000000.00 ,            57220.55
CE_F59 ,           8, Heat rate reduction in CPP         , -260000000.00 ,            38147.03
CE_F59 ,           9, Improving burnability of material  , -130000000.00 ,           133514.61
CE_F59 ,          10, Burner retrofit                    , -120000000.00 ,            19073.52
CE_F59 ,          11, High efficiency clinker coolers    , -100000000.00 ,            57220.55
CE_F59 ,          12, Substitute OPC with LC3 cement     , -80000000.00  ,            76294.07
CE_F59 ,          13, Increasing fly ash to 35% in PPC   , -70000000.00  ,           190735.16
CE_F59 ,          14, Renewable energy use in electricity, 180000000.00  ,           152588.13
CE_F59 ,          15, Increasing TSR to 30% in kiln fuel , 420000000.00  ,           343323.29
CE_F59 ,          16, CCS                                , 900000000.00  ,          1144410.98
CE_F59 ,          17, Decreasing clinker to 85% in OPC   , 1200000000.00 ,            95367.58
CE_F59 ,          18, CCU                                , 1860000000.00 ,          1144410.98
CE_F59 ,          19, Offset                             , 1880000000.00 ,           228882.2
CE_F60 ,           1, Efficient electrical equipment     , -430000000.00 ,             3540.08
CE_F60 ,           2, Waste heat recovery                , -420000000.00 ,            14160.31
CE_F60 ,           3, Automation system                  , -410000000.00 ,             7080.15
CE_F60 ,           4, Efficient grinding system          , -360000000.00 ,             8850.19
CE_F60 ,           5, Optimising auxiliary power         , -340000000.00 ,             1770.04
CE_F60 ,           6, Increasing slag to 70% in PSC      , -300000000.00 ,             8850.19
CE_F60 ,           7, Enhancement in Kiln                , -280000000.00 ,             5310.12
CE_F60 ,           8, Heat rate reduction in CPP         , -260000000.00 ,             3540.08
CE_F60 ,           9, Improving burnability of material  , -130000000.00 ,            12390.27
CE_F60 ,          10, Burner retrofit                    , -120000000.00 ,             1770.04
CE_F60 ,          11, High efficiency clinker coolers    , -100000000.00 ,             5310.12
CE_F60 ,          12, Substitute OPC with LC3 cement     , -80000000.00  ,             7080.15
CE_F60 ,          13, Increasing fly ash to 35% in PPC   , -70000000.00  ,            17700.39
CE_F60 ,          14, Renewable energy use in electricity, 180000000.00  ,            14160.31
CE_F60 ,          15, Increasing TSR to 30% in kiln fuel , 420000000.00  ,            31860.69
CE_F60 ,          16, CCS                                , 900000000.00  ,           106202.31
CE_F60 ,          17, Decreasing clinker to 85% in OPC   , 1200000000.00 ,             8850.19
CE_F60 ,          18, CCU                                , 1860000000.00 ,           106202.31
CE_F60 ,          19, Offset                             , 1880000000.00 ,            21240.46
CE_F61 ,           1, Efficient electrical equipment     , -430000000.00 ,            22554.99
CE_F61 ,           2, Waste heat recovery                , -420000000.00 ,            90219.94
CE_F61 ,           3, Automation system                  , -410000000.00 ,            45109.97
CE_F61 ,           4, Efficient grinding system          , -360000000.00 ,            56387.46
CE_F61 ,           5, Optimising auxiliary power         , -340000000.00 ,            11277.49
CE_F61 ,           6, Increasing slag to 70% in PSC      , -300000000.00 ,            56387.46
CE_F61 ,           7, Enhancement in Kiln                , -280000000.00 ,            33832.48
CE_F61 ,           8, Heat rate reduction in CPP         , -260000000.00 ,            22554.99
CE_F61 ,           9, Improving burnability of material  , -130000000.00 ,            78942.45
CE_F61 ,          10, Burner retrofit                    , -120000000.00 ,            11277.49
CE_F61 ,          11, High efficiency clinker coolers    , -100000000.00 ,            33832.48
CE_F61 ,          12, Substitute OPC with LC3 cement     , -80000000.00  ,            45109.97
CE_F61 ,          13, Increasing fly ash to 35% in PPC   , -70000000.00  ,           112774.93
CE_F61 ,          14, Renewable energy use in electricity, 180000000.00  ,            90219.94
CE_F61 ,          15, Increasing TSR to 30% in kiln fuel , 420000000.00  ,           202994.87
CE_F61 ,          16, CCS                                , 900000000.00  ,           676649.55
CE_F61 ,          17, Decreasing clinker to 85% in OPC   , 1200000000.00 ,            56387.46
CE_F61 ,          18, CCU                                , 1860000000.00 ,           676649.55
CE_F61 ,          19, Offset                             , 1880000000.00 ,           135329.91
CE_F62 ,           1, Efficient electrical equipment     , -430000000.00 ,             8392.33
CE_F62 ,           2, Waste heat recovery                , -420000000.00 ,            33569.31
CE_F62 ,           3, Automation system                  , -410000000.00 ,            16784.65
CE_F62 ,           4, Efficient grinding system          , -360000000.00 ,            20980.82
CE_F62 ,           5, Optimising auxiliary power         , -340000000.00 ,             4196.16
CE_F62 ,           6, Increasing slag to 70% in PSC      , -300000000.00 ,            20980.82
CE_F62 ,           7, Enhancement in Kiln                , -280000000.00 ,            12588.49
CE_F62 ,           8, Heat rate reduction in CPP         , -260000000.00 ,             8392.33
CE_F62 ,           9, Improving burnability of material  , -130000000.00 ,            29373.14
CE_F62 ,          10, Burner retrofit                    , -120000000.00 ,             4196.16
CE_F62 ,          11, High efficiency clinker coolers    , -100000000.00 ,            12588.49
CE_F62 ,          12, Substitute OPC with LC3 cement     , -80000000.00  ,            16784.65
CE_F62 ,          13, Increasing fly ash to 35% in PPC   , -70000000.00  ,            41961.63
CE_F62 ,          14, Renewable energy use in electricity, 180000000.00  ,            33569.31
CE_F62 ,          15, Increasing TSR to 30% in kiln fuel , 420000000.00  ,            75530.94
CE_F62 ,          16, CCS                                , 900000000.00  ,           251769.79
CE_F62 ,          17, Decreasing clinker to 85% in OPC   , 1200000000.00 ,            20980.82
CE_F62 ,          18, CCU                                , 1860000000.00 ,           251769.79
CE_F62 ,          19, Offset                             , 1880000000.00 ,            50353.96
CE_F63 ,           1, Efficient electrical equipment     , -430000000.00 ,            20502.91
CE_F63 ,           2, Waste heat recovery                , -420000000.00 ,            82011.66
CE_F63 ,           3, Automation system                  , -410000000.00 ,            41005.83
CE_F63 ,           4, Efficient grinding system          , -360000000.00 ,            51257.28
CE_F63 ,           5, Optimising auxiliary power         , -340000000.00 ,            10251.46
CE_F63 ,           6, Increasing slag to 70% in PSC      , -300000000.00 ,            51257.28
CE_F63 ,           7, Enhancement in Kiln                , -280000000.00 ,            30754.37
CE_F63 ,           8, Heat rate reduction in CPP         , -260000000.00 ,            20502.91
CE_F63 ,           9, Improving burnability of material  , -130000000.00 ,            71760.2
CE_F63 ,          10, Burner retrofit                    , -120000000.00 ,            10251.46
CE_F63 ,          11, High efficiency clinker coolers    , -100000000.00 ,            30754.37
CE_F63 ,          12, Substitute OPC with LC3 cement     , -80000000.00  ,            41005.83
CE_F63 ,          13, Increasing fly ash to 35% in PPC   , -70000000.00  ,           102514.57
CE_F63 ,          14, Renewable energy use in electricity, 180000000.00  ,            82011.66
CE_F63 ,          15, Increasing TSR to 30% in kiln fuel , 420000000.00  ,           184526.23
CE_F63 ,          16, CCS                                , 900000000.00  ,           615087.42
CE_F63 ,          17, Decreasing clinker to 85% in OPC   , 1200000000.00 ,            51257.28
CE_F63 ,          18, CCU                                , 1860000000.00 ,           615087.42
CE_F63 ,          19, Offset                             , 1880000000.00 ,           123017.48
CE_F64 ,           1, Efficient electrical equipment     , -430000000.00 ,            13403.54
CE_F64 ,           2, Waste heat recovery                , -420000000.00 ,            53614.15
CE_F64 ,           3, Automation system                  , -410000000.00 ,            26807.07
CE_F64 ,           4, Efficient grinding system          , -360000000.00 ,            33508.84
CE_F64 ,           5, Optimising auxiliary power         , -340000000.00 ,             6701.77
CE_F64 ,           6, Increasing slag to 70% in PSC      , -300000000.00 ,            33508.84
CE_F64 ,           7, Enhancement in Kiln                , -280000000.00 ,            20105.31
CE_F64 ,           8, Heat rate reduction in CPP         , -260000000.00 ,            13403.54
CE_F64 ,           9, Improving burnability of material  , -130000000.00 ,            46912.38
CE_F64 ,          10, Burner retrofit                    , -120000000.00 ,             6701.77
CE_F64 ,          11, High efficiency clinker coolers    , -100000000.00 ,            20105.31
CE_F64 ,          12, Substitute OPC with LC3 cement     , -80000000.00  ,            26807.07
CE_F64 ,          13, Increasing fly ash to 35% in PPC   , -70000000.00  ,            67017.69
CE_F64 ,          14, Renewable energy use in electricity, 180000000.00  ,            53614.15
CE_F64 ,          15, Increasing TSR to 30% in kiln fuel , 420000000.00  ,           120631.83
CE_F64 ,          16, CCS                                , 900000000.00  ,           402106.11
CE_F64 ,          17, Decreasing clinker to 85% in OPC   , 1200000000.00 ,            33508.84
CE_F64 ,          18, CCU                                , 1860000000.00 ,           402106.11
CE_F64 ,          19, Offset                             , 1880000000.00 ,            80421.22
CE_F65 ,           1, Efficient electrical equipment     , -430000000.00 ,            24603.65
CE_F65 ,           2, Waste heat recovery                , -420000000.00 ,            98414.6
CE_F65 ,           3, Automation system                  , -410000000.00 ,            49207.3
CE_F65 ,           4, Efficient grinding system          , -360000000.00 ,            61509.12
CE_F65 ,           5, Optimising auxiliary power         , -340000000.00 ,            12301.82
CE_F65 ,           6, Increasing slag to 70% in PSC      , -300000000.00 ,            61509.12
CE_F65 ,           7, Enhancement in Kiln                , -280000000.00 ,            36905.47
CE_F65 ,           8, Heat rate reduction in CPP         , -260000000.00 ,            24603.65
CE_F65 ,           9, Improving burnability of material  , -130000000.00 ,            86112.77
CE_F65 ,          10, Burner retrofit                    , -120000000.00 ,            12301.82
CE_F65 ,          11, High efficiency clinker coolers    , -100000000.00 ,            36905.47
CE_F65 ,          12, Substitute OPC with LC3 cement     , -80000000.00  ,            49207.3
CE_F65 ,          13, Increasing fly ash to 35% in PPC   , -70000000.00  ,           123018.25
CE_F65 ,          14, Renewable energy use in electricity, 180000000.00  ,            98414.6
CE_F65 ,          15, Increasing TSR to 30% in kiln fuel , 420000000.00  ,           221432.85
CE_F65 ,          16, CCS                                , 900000000.00  ,           738109.5
CE_F65 ,          17, Decreasing clinker to 85% in OPC   , 1200000000.00 ,            61509.12
CE_F65 ,          18, CCU                                , 1860000000.00 ,           738109.5
CE_F65 ,          19, Offset                             , 1880000000.00 ,           147621.9
CE_F66 ,           1, Efficient electrical equipment     , -430000000.00 ,            15077.42
CE_F66 ,           2, Waste heat recovery                , -420000000.00 ,            60309.7
CE_F66 ,           3, Automation system                  , -410000000.00 ,            30154.85
CE_F66 ,           4, Efficient grinding system          , -360000000.00 ,            37693.56
CE_F66 ,           5, Optimising auxiliary power         , -340000000.00 ,             7538.71
CE_F66 ,           6, Increasing slag to 70% in PSC      , -300000000.00 ,            37693.56
CE_F66 ,           7, Enhancement in Kiln                , -280000000.00 ,            22616.14
CE_F66 ,           8, Heat rate reduction in CPP         , -260000000.00 ,            15077.42
CE_F66 ,           9, Improving burnability of material  , -130000000.00 ,            52770.99
CE_F66 ,          10, Burner retrofit                    , -120000000.00 ,             7538.71
CE_F66 ,          11, High efficiency clinker coolers    , -100000000.00 ,            22616.14
CE_F66 ,          12, Substitute OPC with LC3 cement     , -80000000.00  ,            30154.85
CE_F66 ,          13, Increasing fly ash to 35% in PPC   , -70000000.00  ,            75387.12
CE_F66 ,          14, Renewable energy use in electricity, 180000000.00  ,            60309.7
CE_F66 ,          15, Increasing TSR to 30% in kiln fuel , 420000000.00  ,           135696.82
CE_F66 ,          16, CCS                                , 900000000.00  ,           452322.73
CE_F66 ,          17, Decreasing clinker to 85% in OPC   , 1200000000.00 ,            37693.56
CE_F66 ,          18, CCU                                , 1860000000.00 ,           452322.73
CE_F66 ,          19, Offset                             , 1880000000.00 ,            90464.55
CE_F67 ,           1, Efficient electrical equipment     , -430000000.00 ,             2986.91
CE_F67 ,           2, Waste heat recovery                , -420000000.00 ,            11947.64
CE_F67 ,           3, Automation system                  , -410000000.00 ,             5973.82
CE_F67 ,           4, Efficient grinding system          , -360000000.00 ,             7467.28
CE_F67 ,           5, Optimising auxiliary power         , -340000000.00 ,             1493.46
CE_F67 ,           6, Increasing slag to 70% in PSC      , -300000000.00 ,             7467.28
CE_F67 ,           7, Enhancement in Kiln                , -280000000.00 ,             4480.37
CE_F67 ,           8, Heat rate reduction in CPP         , -260000000.00 ,             2986.91
CE_F67 ,           9, Improving burnability of material  , -130000000.00 ,            10454.19
CE_F67 ,          10, Burner retrofit                    , -120000000.00 ,             1493.46
CE_F67 ,          11, High efficiency clinker coolers    , -100000000.00 ,             4480.37
CE_F67 ,          12, Substitute OPC with LC3 cement     , -80000000.00  ,             5973.82
CE_F67 ,          13, Increasing fly ash to 35% in PPC   , -70000000.00  ,            14934.55
CE_F67 ,          14, Renewable energy use in electricity, 180000000.00  ,             9956.37
CE_F67 ,          15, Increasing TSR to 30% in kiln fuel , 420000000.00  ,            22401.83
CE_F67 ,          16, CCS                                , 900000000.00  ,            74672.76
CE_F67 ,          17, Decreasing clinker to 85% in OPC   , 1200000000.00 ,             1244.55
CE_F67 ,          18, CCU                                , 1860000000.00 ,            14934.55
CE_F67 ,          19, Offset                             , 1880000000.00 ,             2986.91
CE_F68 ,           1, Efficient electrical equipment     , -430000000.00 ,            17309.13
CE_F68 ,           2, Waste heat recovery                , -420000000.00 ,            69236.51
CE_F68 ,           3, Automation system                  , -410000000.00 ,            34618.26
CE_F68 ,           4, Efficient grinding system          , -360000000.00 ,            43272.82
CE_F68 ,           5, Optimising auxiliary power         , -340000000.00 ,             8654.56
CE_F68 ,           6, Increasing slag to 70% in PSC      , -300000000.00 ,            43272.82
CE_F68 ,           7, Enhancement in Kiln                , -280000000.00 ,            25963.69
CE_F68 ,           8, Heat rate reduction in CPP         , -260000000.00 ,            17309.13
CE_F68 ,           9, Improving burnability of material  , -130000000.00 ,            60581.95
CE_F68 ,          10, Burner retrofit                    , -120000000.00 ,             8654.56
CE_F68 ,          11, High efficiency clinker coolers    , -100000000.00 ,            25963.69
CE_F68 ,          12, Substitute OPC with LC3 cement     , -80000000.00  ,            34618.26
CE_F68 ,          13, Increasing fly ash to 35% in PPC   , -70000000.00  ,            86545.64
CE_F68 ,          14, Renewable energy use in electricity, 180000000.00  ,            69236.51
CE_F68 ,          15, Increasing TSR to 30% in kiln fuel , 420000000.00  ,           155782.15
CE_F68 ,          16, CCS                                , 900000000.00  ,           519273.83
CE_F68 ,          17, Decreasing clinker to 85% in OPC   , 1200000000.00 ,            43272.82
CE_F68 ,          18, CCU                                , 1860000000.00 ,           519273.83
CE_F68 ,          19, Offset                             , 1880000000.00 ,           103854.77
CE_F69 ,           1, Efficient electrical equipment     , -430000000.00 ,             5722.16
CE_F69 ,           2, Waste heat recovery                , -420000000.00 ,            22888.64
CE_F69 ,           3, Automation system                  , -410000000.00 ,            11444.32
CE_F69 ,           4, Efficient grinding system          , -360000000.00 ,            14305.4
CE_F69 ,           5, Optimising auxiliary power         , -340000000.00 ,             2861.08
CE_F69 ,           6, Increasing slag to 70% in PSC      , -300000000.00 ,            14305.4
CE_F69 ,           7, Enhancement in Kiln                , -280000000.00 ,             8583.24
CE_F69 ,           8, Heat rate reduction in CPP         , -260000000.00 ,             5722.16
CE_F69 ,           9, Improving burnability of material  , -130000000.00 ,            20027.56
CE_F69 ,          10, Burner retrofit                    , -120000000.00 ,             2861.08
CE_F69 ,          11, High efficiency clinker coolers    , -100000000.00 ,             8583.24
CE_F69 ,          12, Substitute OPC with LC3 cement     , -80000000.00  ,            11444.32
CE_F69 ,          13, Increasing fly ash to 35% in PPC   , -70000000.00  ,            28610.8
CE_F69 ,          14, Renewable energy use in electricity, 180000000.00  ,            22888.64
CE_F69 ,          15, Increasing TSR to 30% in kiln fuel , 420000000.00  ,            51499.44
CE_F69 ,          16, CCS                                , 900000000.00  ,           171664.81
CE_F69 ,          17, Decreasing clinker to 85% in OPC   , 1200000000.00 ,            14305.4
CE_F69 ,          18, CCU                                , 1860000000.00 ,           171664.81
CE_F69 ,          19, Offset                             , 1880000000.00 ,            34332.96
CE_F70 ,           1, Efficient electrical equipment     , -430000000.00 ,            23251.82
CE_F70 ,           2, Waste heat recovery                , -420000000.00 ,            93007.29
CE_F70 ,           3, Automation system                  , -410000000.00 ,            46503.64
CE_F70 ,           4, Efficient grinding system          , -360000000.00 ,            58129.55
CE_F70 ,           5, Optimising auxiliary power         , -340000000.00 ,            11625.91
CE_F70 ,           6, Increasing slag to 70% in PSC      , -300000000.00 ,            58129.55
CE_F70 ,           7, Enhancement in Kiln                , -280000000.00 ,            34877.73
CE_F70 ,           8, Heat rate reduction in CPP         , -260000000.00 ,            23251.82
CE_F70 ,           9, Improving burnability of material  , -130000000.00 ,            81381.38
CE_F70 ,          10, Burner retrofit                    , -120000000.00 ,            11625.91
CE_F70 ,          11, High efficiency clinker coolers    , -100000000.00 ,            34877.73
CE_F70 ,          12, Substitute OPC with LC3 cement     , -80000000.00  ,            46503.64
CE_F70 ,          13, Increasing fly ash to 35% in PPC   , -70000000.00  ,           116259.11
CE_F70 ,          14, Renewable energy use in electricity, 180000000.00  ,            93007.29
CE_F70 ,          15, Increasing TSR to 30% in kiln fuel , 420000000.00  ,           209266.4
CE_F70 ,          16, CCS                                , 900000000.00  ,           697554.66
CE_F70 ,          17, Decreasing clinker to 85% in OPC   , 1200000000.00 ,            58129.55
CE_F70 ,          18, CCU                                , 1860000000.00 ,           697554.66
CE_F70 ,          19, Offset                             , 1880000000.00 ,           139510.93
CE_F71 ,           1, Efficient electrical equipment     , -430000000.00 ,             5479.82
CE_F71 ,           2, Waste heat recovery                , -420000000.00 ,            21919.26
CE_F71 ,           3, Automation system                  , -410000000.00 ,            10959.63
CE_F71 ,           4, Efficient grinding system          , -360000000.00 ,            13699.54
CE_F71 ,           5, Optimising auxiliary power         , -340000000.00 ,             2739.91
CE_F71 ,           6, Increasing slag to 70% in PSC      , -300000000.00 ,            13699.54
CE_F71 ,           7, Enhancement in Kiln                , -280000000.00 ,             8219.72
CE_F71 ,           8, Heat rate reduction in CPP         , -260000000.00 ,             5479.82
CE_F71 ,           9, Improving burnability of material  , -130000000.00 ,            19179.36
CE_F71 ,          10, Burner retrofit                    , -120000000.00 ,             2739.91
CE_F71 ,          11, High efficiency clinker coolers    , -100000000.00 ,             8219.72
CE_F71 ,          12, Substitute OPC with LC3 cement     , -80000000.00  ,            10959.63
CE_F71 ,          13, Increasing fly ash to 35% in PPC   , -70000000.00  ,            27399.08
CE_F71 ,          14, Renewable energy use in electricity, 180000000.00  ,            21919.26
CE_F71 ,          15, Increasing TSR to 30% in kiln fuel , 420000000.00  ,            49318.34
CE_F71 ,          16, CCS                                , 900000000.00  ,           164394.48
CE_F71 ,          17, Decreasing clinker to 85% in OPC   , 1200000000.00 ,            13699.54
CE_F71 ,          18, CCU                                , 1860000000.00 ,           164394.48
CE_F71 ,          19, Offset                             , 1880000000.00 ,            32878.9
CE_F72 ,           1, Efficient electrical equipment     , -430000000.00 ,             2906.4
CE_F72 ,           2, Waste heat recovery                , -420000000.00 ,            11625.6
CE_F72 ,           3, Automation system                  , -410000000.00 ,             5812.8
CE_F72 ,           4, Efficient grinding system          , -360000000.00 ,             7266
CE_F72 ,           5, Optimising auxiliary power         , -340000000.00 ,             1453.2
CE_F72 ,           6, Increasing slag to 70% in PSC      , -300000000.00 ,             7266
CE_F72 ,           7, Enhancement in Kiln                , -280000000.00 ,             4359.6
CE_F72 ,           8, Heat rate reduction in CPP         , -260000000.00 ,             2906.4
CE_F72 ,           9, Improving burnability of material  , -130000000.00 ,            10172.4
CE_F72 ,          10, Burner retrofit                    , -120000000.00 ,             1453.2
CE_F72 ,          11, High efficiency clinker coolers    , -100000000.00 ,             4359.6
CE_F72 ,          12, Substitute OPC with LC3 cement     , -80000000.00  ,             5812.8
CE_F72 ,          13, Increasing fly ash to 35% in PPC   , -70000000.00  ,            14532
CE_F72 ,          14, Renewable energy use in electricity, 180000000.00  ,             9688
CE_F72 ,          15, Increasing TSR to 30% in kiln fuel , 420000000.00  ,            21798
CE_F72 ,          16, CCS                                , 900000000.00  ,            72660
CE_F72 ,          17, Decreasing clinker to 85% in OPC   , 1200000000.00 ,             1211
CE_F72 ,          18, CCU                                , 1860000000.00 ,            14532
CE_F72 ,          19, Offset                             , 1880000000.00 ,             2906.4
CE_F73 ,           1, Efficient electrical equipment     , -430000000.00 ,            17018.87
CE_F73 ,           2, Waste heat recovery                , -420000000.00 ,            68075.47
CE_F73 ,           3, Automation system                  , -410000000.00 ,            34037.73
CE_F73 ,           4, Efficient grinding system          , -360000000.00 ,            42547.17
CE_F73 ,           5, Optimising auxiliary power         , -340000000.00 ,             8509.43
CE_F73 ,           6, Increasing slag to 70% in PSC      , -300000000.00 ,            42547.17
CE_F73 ,           7, Enhancement in Kiln                , -280000000.00 ,            25528.3
CE_F73 ,           8, Heat rate reduction in CPP         , -260000000.00 ,            17018.87
CE_F73 ,           9, Improving burnability of material  , -130000000.00 ,            59566.03
CE_F73 ,          10, Burner retrofit                    , -120000000.00 ,             8509.43
CE_F73 ,          11, High efficiency clinker coolers    , -100000000.00 ,            25528.3
CE_F73 ,          12, Substitute OPC with LC3 cement     , -80000000.00  ,            34037.73
CE_F73 ,          13, Increasing fly ash to 35% in PPC   , -70000000.00  ,            85094.33
CE_F73 ,          14, Renewable energy use in electricity, 180000000.00  ,            68075.47
CE_F73 ,          15, Increasing TSR to 30% in kiln fuel , 420000000.00  ,           153169.8
CE_F73 ,          16, CCS                                , 900000000.00  ,           510565.99
CE_F73 ,          17, Decreasing clinker to 85% in OPC   , 1200000000.00 ,            42547.17
CE_F73 ,          18, CCU                                , 1860000000.00 ,           510565.99
CE_F73 ,          19, Offset                             , 1880000000.00 ,           102113.2
CE_F74 ,           1, Efficient electrical equipment     , -430000000.00 ,             3229.69
CE_F74 ,           2, Waste heat recovery                , -420000000.00 ,            12918.75
CE_F74 ,           3, Automation system                  , -410000000.00 ,             6459.38
CE_F74 ,           4, Efficient grinding system          , -360000000.00 ,             8074.22
CE_F74 ,           5, Optimising auxiliary power         , -340000000.00 ,             1614.84
CE_F74 ,           6, Increasing slag to 70% in PSC      , -300000000.00 ,             8074.22
CE_F74 ,           7, Enhancement in Kiln                , -280000000.00 ,             4844.53
CE_F74 ,           8, Heat rate reduction in CPP         , -260000000.00 ,             3229.69
CE_F74 ,           9, Improving burnability of material  , -130000000.00 ,            11303.91
CE_F74 ,          10, Burner retrofit                    , -120000000.00 ,             1614.84
CE_F74 ,          11, High efficiency clinker coolers    , -100000000.00 ,             4844.53
CE_F74 ,          12, Substitute OPC with LC3 cement     , -80000000.00  ,             6459.38
CE_F74 ,          13, Increasing fly ash to 35% in PPC   , -70000000.00  ,            16148.44
CE_F74 ,          14, Renewable energy use in electricity, 180000000.00  ,            10765.63
CE_F74 ,          15, Increasing TSR to 30% in kiln fuel , 420000000.00  ,            24222.66
CE_F74 ,          16, CCS                                , 900000000.00  ,            80742.2
CE_F74 ,          17, Decreasing clinker to 85% in OPC   , 1200000000.00 ,             1345.7
CE_F74 ,          18, CCU                                , 1860000000.00 ,            16148.44
CE_F74 ,          19, Offset                             , 1880000000.00 ,             3229.69
CE_F75 ,           1, Efficient electrical equipment     , -430000000.00 ,            11658.92
CE_F75 ,           2, Waste heat recovery                , -420000000.00 ,            46635.68
CE_F75 ,           3, Automation system                  , -410000000.00 ,            23317.84
CE_F75 ,           4, Efficient grinding system          , -360000000.00 ,            29147.3
CE_F75 ,           5, Optimising auxiliary power         , -340000000.00 ,             5829.46
CE_F75 ,           6, Increasing slag to 70% in PSC      , -300000000.00 ,            29147.3
CE_F75 ,           7, Enhancement in Kiln                , -280000000.00 ,            17488.38
CE_F75 ,           8, Heat rate reduction in CPP         , -260000000.00 ,            11658.92
CE_F75 ,           9, Improving burnability of material  , -130000000.00 ,            40806.22
CE_F75 ,          10, Burner retrofit                    , -120000000.00 ,             5829.46
CE_F75 ,          11, High efficiency clinker coolers    , -100000000.00 ,            17488.38
CE_F75 ,          12, Substitute OPC with LC3 cement     , -80000000.00  ,            23317.84
CE_F75 ,          13, Increasing fly ash to 35% in PPC   , -70000000.00  ,            58294.6
CE_F75 ,          14, Renewable energy use in electricity, 180000000.00  ,            46635.68
CE_F75 ,          15, Increasing TSR to 30% in kiln fuel , 420000000.00  ,           104930.28
CE_F75 ,          16, CCS                                , 900000000.00  ,           349767.6
CE_F75 ,          17, Decreasing clinker to 85% in OPC   , 1200000000.00 ,            29147.3
CE_F75 ,          18, CCU                                , 1860000000.00 ,           349767.6
CE_F75 ,          19, Offset                             , 1880000000.00 ,            69953.52
CE_F76 ,           1, Efficient electrical equipment     , -430000000.00 ,            33696.41
CE_F76 ,           2, Waste heat recovery                , -420000000.00 ,           134785.64
CE_F76 ,           3, Automation system                  , -410000000.00 ,            67392.82
CE_F76 ,           4, Efficient grinding system          , -360000000.00 ,            84241.02
CE_F76 ,           5, Optimising auxiliary power         , -340000000.00 ,            16848.2
CE_F76 ,           6, Increasing slag to 70% in PSC      , -300000000.00 ,            84241.02
CE_F76 ,           7, Enhancement in Kiln                , -280000000.00 ,            50544.61
CE_F76 ,           8, Heat rate reduction in CPP         , -260000000.00 ,            33696.41
CE_F76 ,           9, Improving burnability of material  , -130000000.00 ,           117937.43
CE_F76 ,          10, Burner retrofit                    , -120000000.00 ,            16848.2
CE_F76 ,          11, High efficiency clinker coolers    , -100000000.00 ,            50544.61
CE_F76 ,          12, Substitute OPC with LC3 cement     , -80000000.00  ,            67392.82
CE_F76 ,          13, Increasing fly ash to 35% in PPC   , -70000000.00  ,           168482.05
CE_F76 ,          14, Renewable energy use in electricity, 180000000.00  ,           134785.64
CE_F76 ,          15, Increasing TSR to 30% in kiln fuel , 420000000.00  ,           303267.69
CE_F76 ,          16, CCS                                , 900000000.00  ,          1010892.28
CE_F76 ,          17, Decreasing clinker to 85% in OPC   , 1200000000.00 ,            84241.02
CE_F76 ,          18, CCU                                , 1860000000.00 ,          1010892.28
CE_F76 ,          19, Offset                             , 1880000000.00 ,           202178.46
CE_F77 ,           1, Efficient electrical equipment     , -430000000.00 ,            21757.67
CE_F77 ,           2, Waste heat recovery                , -420000000.00 ,            87030.67
CE_F77 ,           3, Automation system                  , -410000000.00 ,            43515.34
CE_F77 ,           4, Efficient grinding system          , -360000000.00 ,            54394.17
CE_F77 ,           5, Optimising auxiliary power         , -340000000.00 ,            10878.83
CE_F77 ,           6, Increasing slag to 70% in PSC      , -300000000.00 ,            54394.17
CE_F77 ,           7, Enhancement in Kiln                , -280000000.00 ,            32636.5
CE_F77 ,           8, Heat rate reduction in CPP         , -260000000.00 ,            21757.67
CE_F77 ,           9, Improving burnability of material  , -130000000.00 ,            76151.84
CE_F77 ,          10, Burner retrofit                    , -120000000.00 ,            10878.83
CE_F77 ,          11, High efficiency clinker coolers    , -100000000.00 ,            32636.5
CE_F77 ,          12, Substitute OPC with LC3 cement     , -80000000.00  ,            43515.34
CE_F77 ,          13, Increasing fly ash to 35% in PPC   , -70000000.00  ,           108788.34
CE_F77 ,          14, Renewable energy use in electricity, 180000000.00  ,            87030.67
CE_F77 ,          15, Increasing TSR to 30% in kiln fuel , 420000000.00  ,           195819.01
CE_F77 ,          16, CCS                                , 900000000.00  ,           652730.03
CE_F77 ,          17, Decreasing clinker to 85% in OPC   , 1200000000.00 ,            54394.17
CE_F77 ,          18, CCU                                , 1860000000.00 ,           652730.03
CE_F77 ,          19, Offset                             , 1880000000.00 ,           130546.01
CE_F78 ,           1, Efficient electrical equipment     , -430000000.00 ,            14231.41
CE_F78 ,           2, Waste heat recovery                , -420000000.00 ,            56925.65
CE_F78 ,           3, Automation system                  , -410000000.00 ,            28462.82
CE_F78 ,           4, Efficient grinding system          , -360000000.00 ,            35578.53
CE_F78 ,           5, Optimising auxiliary power         , -340000000.00 ,             7115.71
CE_F78 ,           6, Increasing slag to 70% in PSC      , -300000000.00 ,            35578.53
CE_F78 ,           7, Enhancement in Kiln                , -280000000.00 ,            21347.12
CE_F78 ,           8, Heat rate reduction in CPP         , -260000000.00 ,            14231.41
CE_F78 ,           9, Improving burnability of material  , -130000000.00 ,            49809.94
CE_F78 ,          10, Burner retrofit                    , -120000000.00 ,             7115.71
CE_F78 ,          11, High efficiency clinker coolers    , -100000000.00 ,            21347.12
CE_F78 ,          12, Substitute OPC with LC3 cement     , -80000000.00  ,            28462.82
CE_F78 ,          13, Increasing fly ash to 35% in PPC   , -70000000.00  ,            71157.06
CE_F78 ,          14, Renewable energy use in electricity, 180000000.00  ,            56925.65
CE_F78 ,          15, Increasing TSR to 30% in kiln fuel , 420000000.00  ,           128082.71
CE_F78 ,          16, CCS                                , 900000000.00  ,           426942.37
CE_F78 ,          17, Decreasing clinker to 85% in OPC   , 1200000000.00 ,            35578.53
CE_F78 ,          18, CCU                                , 1860000000.00 ,           426942.37
CE_F78 ,          19, Offset                             , 1880000000.00 ,            85388.47
CE_F79 ,           1, Efficient electrical equipment     , -430000000.00 ,            45838.01
CE_F79 ,           2, Waste heat recovery                , -420000000.00 ,           183352.05
CE_F79 ,           3, Automation system                  , -410000000.00 ,            91676.02
CE_F79 ,           4, Efficient grinding system          , -360000000.00 ,           114595.03
CE_F79 ,           5, Optimising auxiliary power         , -340000000.00 ,            22919.01
CE_F79 ,           6, Increasing slag to 70% in PSC      , -300000000.00 ,           114595.03
CE_F79 ,           7, Enhancement in Kiln                , -280000000.00 ,            68757.02
CE_F79 ,           8, Heat rate reduction in CPP         , -260000000.00 ,            45838.01
CE_F79 ,           9, Improving burnability of material  , -130000000.00 ,           160433.04
CE_F79 ,          10, Burner retrofit                    , -120000000.00 ,            22919.01
CE_F79 ,          11, High efficiency clinker coolers    , -100000000.00 ,            68757.02
CE_F79 ,          12, Substitute OPC with LC3 cement     , -80000000.00  ,            91676.02
CE_F79 ,          13, Increasing fly ash to 35% in PPC   , -70000000.00  ,           229190.06
CE_F79 ,          14, Renewable energy use in electricity, 180000000.00  ,           183352.05
CE_F79 ,          15, Increasing TSR to 30% in kiln fuel , 420000000.00  ,           412542.11
CE_F79 ,          16, CCS                                , 900000000.00  ,          1375140.36
CE_F79 ,          17, Decreasing clinker to 85% in OPC   , 1200000000.00 ,           114595.03
CE_F79 ,          18, CCU                                , 1860000000.00 ,          1375140.36
CE_F79 ,          19, Offset                             , 1880000000.00 ,           275028.07
CE_F80 ,           1, Efficient electrical equipment     , -430000000.00 ,            15181.59
CE_F80 ,           2, Waste heat recovery                , -420000000.00 ,            60726.36
CE_F80 ,           3, Automation system                  , -410000000.00 ,            30363.18
CE_F80 ,           4, Efficient grinding system          , -360000000.00 ,            37953.98
CE_F80 ,           5, Optimising auxiliary power         , -340000000.00 ,             7590.8
CE_F80 ,           6, Increasing slag to 70% in PSC      , -300000000.00 ,            37953.98
CE_F80 ,           7, Enhancement in Kiln                , -280000000.00 ,            22772.39
CE_F80 ,           8, Heat rate reduction in CPP         , -260000000.00 ,            15181.59
CE_F80 ,           9, Improving burnability of material  , -130000000.00 ,            53135.57
CE_F80 ,          10, Burner retrofit                    , -120000000.00 ,             7590.8
CE_F80 ,          11, High efficiency clinker coolers    , -100000000.00 ,            22772.39
CE_F80 ,          12, Substitute OPC with LC3 cement     , -80000000.00  ,            30363.18
CE_F80 ,          13, Increasing fly ash to 35% in PPC   , -70000000.00  ,            75907.95
CE_F80 ,          14, Renewable energy use in electricity, 180000000.00  ,            60726.36
CE_F80 ,          15, Increasing TSR to 30% in kiln fuel , 420000000.00  ,           136634.31
CE_F80 ,          16, CCS                                , 900000000.00  ,           455447.72
CE_F80 ,          17, Decreasing clinker to 85% in OPC   , 1200000000.00 ,            37953.98
CE_F80 ,          18, CCU                                , 1860000000.00 ,           455447.72
CE_F80 ,          19, Offset                             , 1880000000.00 ,            91089.54
CE_F81 ,           1, Efficient electrical equipment     , -430000000.00 ,            62823
CE_F81 ,           2, Waste heat recovery                , -420000000.00 ,           251291.99
CE_F81 ,           3, Automation system                  , -410000000.00 ,           125645.99
CE_F81 ,           4, Efficient grinding system          , -360000000.00 ,           157057.49
CE_F81 ,           5, Optimising auxiliary power         , -340000000.00 ,            31411.5
CE_F81 ,           6, Increasing slag to 70% in PSC      , -300000000.00 ,           157057.49
CE_F81 ,           7, Enhancement in Kiln                , -280000000.00 ,            94234.5
CE_F81 ,           8, Heat rate reduction in CPP         , -260000000.00 ,            62823
CE_F81 ,           9, Improving burnability of material  , -130000000.00 ,           219880.49
CE_F81 ,          10, Burner retrofit                    , -120000000.00 ,            31411.5
CE_F81 ,          11, High efficiency clinker coolers    , -100000000.00 ,            94234.5
CE_F81 ,          12, Substitute OPC with LC3 cement     , -80000000.00  ,           125645.99
CE_F81 ,          13, Increasing fly ash to 35% in PPC   , -70000000.00  ,           314114.99
CE_F81 ,          14, Renewable energy use in electricity, 180000000.00  ,           251291.99
CE_F81 ,          15, Increasing TSR to 30% in kiln fuel , 420000000.00  ,           565406.97
CE_F81 ,          16, CCS                                , 900000000.00  ,          1884689.91
CE_F81 ,          17, Decreasing clinker to 85% in OPC   , 1200000000.00 ,           157057.49
CE_F81 ,          18, CCU                                , 1860000000.00 ,          1884689.91
CE_F81 ,          19, Offset                             , 1880000000.00 ,           376937.98
CE_F82 ,           1, Efficient electrical equipment     , -430000000.00 ,            32679.88
CE_F82 ,           2, Waste heat recovery                , -420000000.00 ,           130719.53
CE_F82 ,           3, Automation system                  , -410000000.00 ,            65359.76
CE_F82 ,           4, Efficient grinding system          , -360000000.00 ,            81699.7
CE_F82 ,           5, Optimising auxiliary power         , -340000000.00 ,            16339.94
CE_F82 ,           6, Increasing slag to 70% in PSC      , -300000000.00 ,            81699.7
CE_F82 ,           7, Enhancement in Kiln                , -280000000.00 ,            49019.82
CE_F82 ,           8, Heat rate reduction in CPP         , -260000000.00 ,            32679.88
CE_F82 ,           9, Improving burnability of material  , -130000000.00 ,           114379.58
CE_F82 ,          10, Burner retrofit                    , -120000000.00 ,            16339.94
CE_F82 ,          11, High efficiency clinker coolers    , -100000000.00 ,            49019.82
CE_F82 ,          12, Substitute OPC with LC3 cement     , -80000000.00  ,            65359.76
CE_F82 ,          13, Increasing fly ash to 35% in PPC   , -70000000.00  ,           163399.41
CE_F82 ,          14, Renewable energy use in electricity, 180000000.00  ,           130719.53
CE_F82 ,          15, Increasing TSR to 30% in kiln fuel , 420000000.00  ,           294118.93
CE_F82 ,          16, CCS                                , 900000000.00  ,           980396.44
CE_F82 ,          17, Decreasing clinker to 85% in OPC   , 1200000000.00 ,            81699.7
CE_F82 ,          18, CCU                                , 1860000000.00 ,           980396.44
CE_F82 ,          19, Offset                             , 1880000000.00 ,           196079.29
CE_F83 ,           1, Efficient electrical equipment     , -430000000.00 ,             6373.41
CE_F83 ,           2, Waste heat recovery                , -420000000.00 ,            25493.65
CE_F83 ,           3, Automation system                  , -410000000.00 ,            12746.82
CE_F83 ,           4, Efficient grinding system          , -360000000.00 ,            15933.53
CE_F83 ,           5, Optimising auxiliary power         , -340000000.00 ,             3186.71
CE_F83 ,           6, Increasing slag to 70% in PSC      , -300000000.00 ,            15933.53
CE_F83 ,           7, Enhancement in Kiln                , -280000000.00 ,             9560.12
CE_F83 ,           8, Heat rate reduction in CPP         , -260000000.00 ,             6373.41
CE_F83 ,           9, Improving burnability of material  , -130000000.00 ,            22306.94
CE_F83 ,          10, Burner retrofit                    , -120000000.00 ,             3186.71
CE_F83 ,          11, High efficiency clinker coolers    , -100000000.00 ,             9560.12
CE_F83 ,          12, Substitute OPC with LC3 cement     , -80000000.00  ,            12746.82
CE_F83 ,          13, Increasing fly ash to 35% in PPC   , -70000000.00  ,            31867.06
CE_F83 ,          14, Renewable energy use in electricity, 180000000.00  ,            25493.65
CE_F83 ,          15, Increasing TSR to 30% in kiln fuel , 420000000.00  ,            57360.71
CE_F83 ,          16, CCS                                , 900000000.00  ,           191202.37
CE_F83 ,          17, Decreasing clinker to 85% in OPC   , 1200000000.00 ,            15933.53
CE_F83 ,          18, CCU                                , 1860000000.00 ,           191202.37
CE_F83 ,          19, Offset                             , 1880000000.00 ,            38240.47
CE_F84 ,           1, Efficient electrical equipment     , -430000000.00 ,            75467.45
CE_F84 ,           2, Waste heat recovery                , -420000000.00 ,           301869.79
CE_F84 ,           3, Automation system                  , -410000000.00 ,           150934.9
CE_F84 ,           4, Efficient grinding system          , -360000000.00 ,           188668.62
CE_F84 ,           5, Optimising auxiliary power         , -340000000.00 ,            37733.72
CE_F84 ,           6, Increasing slag to 70% in PSC      , -300000000.00 ,           188668.62
CE_F84 ,           7, Enhancement in Kiln                , -280000000.00 ,           113201.17
CE_F84 ,           8, Heat rate reduction in CPP         , -260000000.00 ,            75467.45
CE_F84 ,           9, Improving burnability of material  , -130000000.00 ,           264136.07
CE_F84 ,          10, Burner retrofit                    , -120000000.00 ,            37733.72
CE_F84 ,          11, High efficiency clinker coolers    , -100000000.00 ,           113201.17
CE_F84 ,          12, Substitute OPC with LC3 cement     , -80000000.00  ,           150934.9
CE_F84 ,          13, Increasing fly ash to 35% in PPC   , -70000000.00  ,           377337.24
CE_F84 ,          14, Renewable energy use in electricity, 180000000.00  ,           301869.79
CE_F84 ,          15, Increasing TSR to 30% in kiln fuel , 420000000.00  ,           679207.03
CE_F84 ,          16, CCS                                , 900000000.00  ,          2264023.44
CE_F84 ,          17, Decreasing clinker to 85% in OPC   , 1200000000.00 ,           188668.62
CE_F84 ,          18, CCU                                , 1860000000.00 ,          2264023.44
CE_F84 ,          19, Offset                             , 1880000000.00 ,           452804.69
CE_F85 ,           1, Efficient electrical equipment     , -430000000.00 ,            21757.5
CE_F85 ,           2, Waste heat recovery                , -420000000.00 ,            87029.98
CE_F85 ,           3, Automation system                  , -410000000.00 ,            43514.99
CE_F85 ,           4, Efficient grinding system          , -360000000.00 ,            54393.74
CE_F85 ,           5, Optimising auxiliary power         , -340000000.00 ,            10878.75
CE_F85 ,           6, Increasing slag to 70% in PSC      , -300000000.00 ,            54393.74
CE_F85 ,           7, Enhancement in Kiln                , -280000000.00 ,            32636.24
CE_F85 ,           8, Heat rate reduction in CPP         , -260000000.00 ,            21757.5
CE_F85 ,           9, Improving burnability of material  , -130000000.00 ,            76151.23
CE_F85 ,          10, Burner retrofit                    , -120000000.00 ,            10878.75
CE_F85 ,          11, High efficiency clinker coolers    , -100000000.00 ,            32636.24
CE_F85 ,          12, Substitute OPC with LC3 cement     , -80000000.00  ,            43514.99
CE_F85 ,          13, Increasing fly ash to 35% in PPC   , -70000000.00  ,           108787.48
CE_F85 ,          14, Renewable energy use in electricity, 180000000.00  ,            87029.98
CE_F85 ,          15, Increasing TSR to 30% in kiln fuel , 420000000.00  ,           195817.46
CE_F85 ,          16, CCS                                , 900000000.00  ,           652724.87
CE_F85 ,          17, Decreasing clinker to 85% in OPC   , 1200000000.00 ,            54393.74
CE_F85 ,          18, CCU                                , 1860000000.00 ,           652724.87
CE_F85 ,          19, Offset                             , 1880000000.00 ,           130544.97
CE_F86 ,           1, Efficient electrical equipment     , -430000000.00 ,            19769.92
CE_F86 ,           2, Waste heat recovery                , -420000000.00 ,            79079.67
CE_F86 ,           3, Automation system                  , -410000000.00 ,            39539.83
CE_F86 ,           4, Efficient grinding system          , -360000000.00 ,            49424.79
CE_F86 ,           5, Optimising auxiliary power         , -340000000.00 ,             9884.96
CE_F86 ,           6, Increasing slag to 70% in PSC      , -300000000.00 ,            49424.79
CE_F86 ,           7, Enhancement in Kiln                , -280000000.00 ,            29654.88
CE_F86 ,           8, Heat rate reduction in CPP         , -260000000.00 ,            19769.92
CE_F86 ,           9, Improving burnability of material  , -130000000.00 ,            69194.71
CE_F86 ,          10, Burner retrofit                    , -120000000.00 ,             9884.96
CE_F86 ,          11, High efficiency clinker coolers    , -100000000.00 ,            29654.88
CE_F86 ,          12, Substitute OPC with LC3 cement     , -80000000.00  ,            39539.83
CE_F86 ,          13, Increasing fly ash to 35% in PPC   , -70000000.00  ,            98849.58
CE_F86 ,          14, Renewable energy use in electricity, 180000000.00  ,            79079.67
CE_F86 ,          15, Increasing TSR to 30% in kiln fuel , 420000000.00  ,           177929.25
CE_F86 ,          16, CCS                                , 900000000.00  ,           593097.51
CE_F86 ,          17, Decreasing clinker to 85% in OPC   , 1200000000.00 ,            49424.79
CE_F86 ,          18, CCU                                , 1860000000.00 ,           593097.51
CE_F86 ,          19, Offset                             , 1880000000.00 ,           118619.5
CE_F87 ,           1, Efficient electrical equipment     , -430000000.00 ,             8311.36
CE_F87 ,           2, Waste heat recovery                , -420000000.00 ,            33245.46
CE_F87 ,           3, Automation system                  , -410000000.00 ,            16622.73
CE_F87 ,           4, Efficient grinding system          , -360000000.00 ,            20778.41
CE_F87 ,           5, Optimising auxiliary power         , -340000000.00 ,             4155.68
CE_F87 ,           6, Increasing slag to 70% in PSC      , -300000000.00 ,            20778.41
CE_F87 ,           7, Enhancement in Kiln                , -280000000.00 ,            12467.05
CE_F87 ,           8, Heat rate reduction in CPP         , -260000000.00 ,             8311.36
CE_F87 ,           9, Improving burnability of material  , -130000000.00 ,            29089.78
CE_F87 ,          10, Burner retrofit                    , -120000000.00 ,             4155.68
CE_F87 ,          11, High efficiency clinker coolers    , -100000000.00 ,            12467.05
CE_F87 ,          12, Substitute OPC with LC3 cement     , -80000000.00  ,            16622.73
CE_F87 ,          13, Increasing fly ash to 35% in PPC   , -70000000.00  ,            41556.82
CE_F87 ,          14, Renewable energy use in electricity, 180000000.00  ,            33245.46
CE_F87 ,          15, Increasing TSR to 30% in kiln fuel , 420000000.00  ,            74802.28
CE_F87 ,          16, CCS                                , 900000000.00  ,           249340.95
CE_F87 ,          17, Decreasing clinker to 85% in OPC   , 1200000000.00 ,            20778.41
CE_F87 ,          18, CCU                                , 1860000000.00 ,           249340.95
CE_F87 ,          19, Offset                             , 1880000000.00 ,            49868.19
CE_F88 ,           1, Efficient electrical equipment     , -430000000.00 ,             3553.42
CE_F88 ,           2, Waste heat recovery                , -420000000.00 ,            14213.7
CE_F88 ,           3, Automation system                  , -410000000.00 ,             7106.85
CE_F88 ,           4, Efficient grinding system          , -360000000.00 ,             8883.56
CE_F88 ,           5, Optimising auxiliary power         , -340000000.00 ,             1776.71
CE_F88 ,           6, Increasing slag to 70% in PSC      , -300000000.00 ,             8883.56
CE_F88 ,           7, Enhancement in Kiln                , -280000000.00 ,             5330.14
CE_F88 ,           8, Heat rate reduction in CPP         , -260000000.00 ,             3553.42
CE_F88 ,           9, Improving burnability of material  , -130000000.00 ,            12436.99
CE_F88 ,          10, Burner retrofit                    , -120000000.00 ,             1776.71
CE_F88 ,          11, High efficiency clinker coolers    , -100000000.00 ,             5330.14
CE_F88 ,          12, Substitute OPC with LC3 cement     , -80000000.00  ,             7106.85
CE_F88 ,          13, Increasing fly ash to 35% in PPC   , -70000000.00  ,            17767.12
CE_F88 ,          14, Renewable energy use in electricity, 180000000.00  ,            11844.75
CE_F88 ,          15, Increasing TSR to 30% in kiln fuel , 420000000.00  ,            26650.68
CE_F88 ,          16, CCS                                , 900000000.00  ,            88835.61
CE_F88 ,          17, Decreasing clinker to 85% in OPC   , 1200000000.00 ,             1480.59
CE_F88 ,          18, CCU                                , 1860000000.00 ,            17767.12
CE_F88 ,          19, Offset                             , 1880000000.00 ,             3553.42
CE_F89 ,           1, Efficient electrical equipment     , -430000000.00 ,            27598.19
CE_F89 ,           2, Waste heat recovery                , -420000000.00 ,           110392.76
CE_F89 ,           3, Automation system                  , -410000000.00 ,            55196.38
CE_F89 ,           4, Efficient grinding system          , -360000000.00 ,            68995.47
CE_F89 ,           5, Optimising auxiliary power         , -340000000.00 ,            13799.09
CE_F89 ,           6, Increasing slag to 70% in PSC      , -300000000.00 ,            68995.47
CE_F89 ,           7, Enhancement in Kiln                , -280000000.00 ,            41397.28
CE_F89 ,           8, Heat rate reduction in CPP         , -260000000.00 ,            27598.19
CE_F89 ,           9, Improving burnability of material  , -130000000.00 ,            96593.66
CE_F89 ,          10, Burner retrofit                    , -120000000.00 ,            13799.09
CE_F89 ,          11, High efficiency clinker coolers    , -100000000.00 ,            41397.28
CE_F89 ,          12, Substitute OPC with LC3 cement     , -80000000.00  ,            55196.38
CE_F89 ,          13, Increasing fly ash to 35% in PPC   , -70000000.00  ,           137990.95
CE_F89 ,          14, Renewable energy use in electricity, 180000000.00  ,           110392.76
CE_F89 ,          15, Increasing TSR to 30% in kiln fuel , 420000000.00  ,           248383.71
CE_F89 ,          16, CCS                                , 900000000.00  ,           827945.7
CE_F89 ,          17, Decreasing clinker to 85% in OPC   , 1200000000.00 ,            68995.47
CE_F89 ,          18, CCU                                , 1860000000.00 ,           827945.7
CE_F89 ,          19, Offset                             , 1880000000.00 ,           165589.14
CE_F90 ,           1, Efficient electrical equipment     , -430000000.00 ,             3183.91
CE_F90 ,           2, Waste heat recovery                , -420000000.00 ,            12735.62
CE_F90 ,           3, Automation system                  , -410000000.00 ,             6367.81
CE_F90 ,           4, Efficient grinding system          , -360000000.00 ,             7959.76
CE_F90 ,           5, Optimising auxiliary power         , -340000000.00 ,             1591.95
CE_F90 ,           6, Increasing slag to 70% in PSC      , -300000000.00 ,             7959.76
CE_F90 ,           7, Enhancement in Kiln                , -280000000.00 ,             4775.86
CE_F90 ,           8, Heat rate reduction in CPP         , -260000000.00 ,             3183.91
CE_F90 ,           9, Improving burnability of material  , -130000000.00 ,            11143.67
CE_F90 ,          10, Burner retrofit                    , -120000000.00 ,             1591.95
CE_F90 ,          11, High efficiency clinker coolers    , -100000000.00 ,             4775.86
CE_F90 ,          12, Substitute OPC with LC3 cement     , -80000000.00  ,             6367.81
CE_F90 ,          13, Increasing fly ash to 35% in PPC   , -70000000.00  ,            15919.53
CE_F90 ,          14, Renewable energy use in electricity, 180000000.00  ,            12735.62
CE_F90 ,          15, Increasing TSR to 30% in kiln fuel , 420000000.00  ,            28655.15
CE_F90 ,          16, CCS                                , 900000000.00  ,            95517.15
CE_F90 ,          17, Decreasing clinker to 85% in OPC   , 1200000000.00 ,             7959.76
CE_F90 ,          18, CCU                                , 1860000000.00 ,            95517.15
CE_F90 ,          19, Offset                             , 1880000000.00 ,            19103.43
CE_F91 ,           1, Efficient electrical equipment     , -430000000.00 ,            11378.93
CE_F91 ,           2, Waste heat recovery                , -420000000.00 ,            45515.73
CE_F91 ,           3, Automation system                  , -410000000.00 ,            22757.86
CE_F91 ,           4, Efficient grinding system          , -360000000.00 ,            28447.33
CE_F91 ,           5, Optimising auxiliary power         , -340000000.00 ,             5689.47
CE_F91 ,           6, Increasing slag to 70% in PSC      , -300000000.00 ,            28447.33
CE_F91 ,           7, Enhancement in Kiln                , -280000000.00 ,            17068.4
CE_F91 ,           8, Heat rate reduction in CPP         , -260000000.00 ,            11378.93
CE_F91 ,           9, Improving burnability of material  , -130000000.00 ,            39826.26
CE_F91 ,          10, Burner retrofit                    , -120000000.00 ,             5689.47
CE_F91 ,          11, High efficiency clinker coolers    , -100000000.00 ,            17068.4
CE_F91 ,          12, Substitute OPC with LC3 cement     , -80000000.00  ,            22757.86
CE_F91 ,          13, Increasing fly ash to 35% in PPC   , -70000000.00  ,            56894.66
CE_F91 ,          14, Renewable energy use in electricity, 180000000.00  ,            45515.73
CE_F91 ,          15, Increasing TSR to 30% in kiln fuel , 420000000.00  ,           102410.39
CE_F91 ,          16, CCS                                , 900000000.00  ,           341367.95
CE_F91 ,          17, Decreasing clinker to 85% in OPC   , 1200000000.00 ,            28447.33
CE_F91 ,          18, CCU                                , 1860000000.00 ,           341367.95
CE_F91 ,          19, Offset                             , 1880000000.00 ,            68273.59
CE_F92 ,           1, Efficient electrical equipment     , -430000000.00 ,            32182.59
CE_F92 ,           2, Waste heat recovery                , -420000000.00 ,           128730.37
CE_F92 ,           3, Automation system                  , -410000000.00 ,            64365.19
CE_F92 ,           4, Efficient grinding system          , -360000000.00 ,            80456.48
CE_F92 ,           5, Optimising auxiliary power         , -340000000.00 ,            16091.3
CE_F92 ,           6, Increasing slag to 70% in PSC      , -300000000.00 ,            80456.48
CE_F92 ,           7, Enhancement in Kiln                , -280000000.00 ,            48273.89
CE_F92 ,           8, Heat rate reduction in CPP         , -260000000.00 ,            32182.59
CE_F92 ,           9, Improving burnability of material  , -130000000.00 ,           112639.08
CE_F92 ,          10, Burner retrofit                    , -120000000.00 ,            16091.3
CE_F92 ,          11, High efficiency clinker coolers    , -100000000.00 ,            48273.89
CE_F92 ,          12, Substitute OPC with LC3 cement     , -80000000.00  ,            64365.19
CE_F92 ,          13, Increasing fly ash to 35% in PPC   , -70000000.00  ,           160912.97
CE_F92 ,          14, Renewable energy use in electricity, 180000000.00  ,           128730.37
CE_F92 ,          15, Increasing TSR to 30% in kiln fuel , 420000000.00  ,           289643.34
CE_F92 ,          16, CCS                                , 900000000.00  ,           965477.8
CE_F92 ,          17, Decreasing clinker to 85% in OPC   , 1200000000.00 ,            80456.48
CE_F92 ,          18, CCU                                , 1860000000.00 ,           965477.8
CE_F92 ,          19, Offset                             , 1880000000.00 ,           193095.56
CE_F93 ,           1, Efficient electrical equipment     , -430000000.00 ,            12103.44
CE_F93 ,           2, Waste heat recovery                , -420000000.00 ,            48413.74
CE_F93 ,           3, Automation system                  , -410000000.00 ,            24206.87
CE_F93 ,           4, Efficient grinding system          , -360000000.00 ,            30258.59
CE_F93 ,           5, Optimising auxiliary power         , -340000000.00 ,             6051.72
CE_F93 ,           6, Increasing slag to 70% in PSC      , -300000000.00 ,            30258.59
CE_F93 ,           7, Enhancement in Kiln                , -280000000.00 ,            18155.15
CE_F93 ,           8, Heat rate reduction in CPP         , -260000000.00 ,            12103.44
CE_F93 ,           9, Improving burnability of material  , -130000000.00 ,            42362.03
CE_F93 ,          10, Burner retrofit                    , -120000000.00 ,             6051.72
CE_F93 ,          11, High efficiency clinker coolers    , -100000000.00 ,            18155.15
CE_F93 ,          12, Substitute OPC with LC3 cement     , -80000000.00  ,            24206.87
CE_F93 ,          13, Increasing fly ash to 35% in PPC   , -70000000.00  ,            60517.18
CE_F93 ,          14, Renewable energy use in electricity, 180000000.00  ,            48413.74
CE_F93 ,          15, Increasing TSR to 30% in kiln fuel , 420000000.00  ,           108930.93
CE_F93 ,          16, CCS                                , 900000000.00  ,           363103.09
CE_F93 ,          17, Decreasing clinker to 85% in OPC   , 1200000000.00 ,            30258.59
CE_F93 ,          18, CCU                                , 1860000000.00 ,           363103.09
CE_F93 ,          19, Offset                             , 1880000000.00 ,            72620.62
CE_F94 ,           1, Efficient electrical equipment     , -430000000.00 ,            13161.03
CE_F94 ,           2, Waste heat recovery                , -420000000.00 ,            52644.11
CE_F94 ,           3, Automation system                  , -410000000.00 ,            26322.05
CE_F94 ,           4, Efficient grinding system          , -360000000.00 ,            32902.57
CE_F94 ,           5, Optimising auxiliary power         , -340000000.00 ,             6580.51
CE_F94 ,           6, Increasing slag to 70% in PSC      , -300000000.00 ,            32902.57
CE_F94 ,           7, Enhancement in Kiln                , -280000000.00 ,            19741.54
CE_F94 ,           8, Heat rate reduction in CPP         , -260000000.00 ,            13161.03
CE_F94 ,           9, Improving burnability of material  , -130000000.00 ,            46063.59
CE_F94 ,          10, Burner retrofit                    , -120000000.00 ,             6580.51
CE_F94 ,          11, High efficiency clinker coolers    , -100000000.00 ,            19741.54
CE_F94 ,          12, Substitute OPC with LC3 cement     , -80000000.00  ,            26322.05
CE_F94 ,          13, Increasing fly ash to 35% in PPC   , -70000000.00  ,            65805.13
CE_F94 ,          14, Renewable energy use in electricity, 180000000.00  ,            52644.11
CE_F94 ,          15, Increasing TSR to 30% in kiln fuel , 420000000.00  ,           118449.24
CE_F94 ,          16, CCS                                , 900000000.00  ,           394830.8
CE_F94 ,          17, Decreasing clinker to 85% in OPC   , 1200000000.00 ,            32902.57
CE_F94 ,          18, CCU                                , 1860000000.00 ,           394830.8
CE_F94 ,          19, Offset                             , 1880000000.00 ,            78966.16
CE_F95 ,           1, Efficient electrical equipment     , -430000000.00 ,            18550.55
CE_F95 ,           2, Waste heat recovery                , -420000000.00 ,            74202.21
CE_F95 ,           3, Automation system                  , -410000000.00 ,            37101.1
CE_F95 ,           4, Efficient grinding system          , -360000000.00 ,            46376.38
CE_F95 ,           5, Optimising auxiliary power         , -340000000.00 ,             9275.28
CE_F95 ,           6, Increasing slag to 70% in PSC      , -300000000.00 ,            46376.38
CE_F95 ,           7, Enhancement in Kiln                , -280000000.00 ,            27825.83
CE_F95 ,           8, Heat rate reduction in CPP         , -260000000.00 ,            18550.55
CE_F95 ,           9, Improving burnability of material  , -130000000.00 ,            64926.93
CE_F95 ,          10, Burner retrofit                    , -120000000.00 ,             9275.28
CE_F95 ,          11, High efficiency clinker coolers    , -100000000.00 ,            27825.83
CE_F95 ,          12, Substitute OPC with LC3 cement     , -80000000.00  ,            37101.1
CE_F95 ,          13, Increasing fly ash to 35% in PPC   , -70000000.00  ,            92752.76
CE_F95 ,          14, Renewable energy use in electricity, 180000000.00  ,            74202.21
CE_F95 ,          15, Increasing TSR to 30% in kiln fuel , 420000000.00  ,           166954.97
CE_F95 ,          16, CCS                                , 900000000.00  ,           556516.56
CE_F95 ,          17, Decreasing clinker to 85% in OPC   , 1200000000.00 ,            46376.38
CE_F95 ,          18, CCU                                , 1860000000.00 ,           556516.56
CE_F95 ,          19, Offset                             , 1880000000.00 ,           111303.31
CE_F96 ,           1, Efficient electrical equipment     , -430000000.00 ,            17226.07
CE_F96 ,           2, Waste heat recovery                , -420000000.00 ,            68904.28
CE_F96 ,           3, Automation system                  , -410000000.00 ,            34452.14
CE_F96 ,           4, Efficient grinding system          , -360000000.00 ,            43065.18
CE_F96 ,           5, Optimising auxiliary power         , -340000000.00 ,             8613.04
CE_F96 ,           6, Increasing slag to 70% in PSC      , -300000000.00 ,            43065.18
CE_F96 ,           7, Enhancement in Kiln                , -280000000.00 ,            25839.11
CE_F96 ,           8, Heat rate reduction in CPP         , -260000000.00 ,            17226.07
CE_F96 ,           9, Improving burnability of material  , -130000000.00 ,            60291.25
CE_F96 ,          10, Burner retrofit                    , -120000000.00 ,             8613.04
CE_F96 ,          11, High efficiency clinker coolers    , -100000000.00 ,            25839.11
CE_F96 ,          12, Substitute OPC with LC3 cement     , -80000000.00  ,            34452.14
CE_F96 ,          13, Increasing fly ash to 35% in PPC   , -70000000.00  ,            86130.36
CE_F96 ,          14, Renewable energy use in electricity, 180000000.00  ,            68904.28
CE_F96 ,          15, Increasing TSR to 30% in kiln fuel , 420000000.00  ,           155034.64
CE_F96 ,          16, CCS                                , 900000000.00  ,           516782.14
CE_F96 ,          17, Decreasing clinker to 85% in OPC   , 1200000000.00 ,            43065.18
CE_F96 ,          18, CCU                                , 1860000000.00 ,           516782.14
CE_F96 ,          19, Offset                             , 1880000000.00 ,           103356.43
CE_F97 ,           1, Efficient electrical equipment     , -430000000.00 ,             9253.41
CE_F97 ,           2, Waste heat recovery                , -420000000.00 ,            37013.63
CE_F97 ,           3, Automation system                  , -410000000.00 ,            18506.81
CE_F97 ,           4, Efficient grinding system          , -360000000.00 ,            23133.52
CE_F97 ,           5, Optimising auxiliary power         , -340000000.00 ,             4626.7
CE_F97 ,           6, Increasing slag to 70% in PSC      , -300000000.00 ,            23133.52
CE_F97 ,           7, Enhancement in Kiln                , -280000000.00 ,            13880.11
CE_F97 ,           8, Heat rate reduction in CPP         , -260000000.00 ,             9253.41
CE_F97 ,           9, Improving burnability of material  , -130000000.00 ,            32386.92
CE_F97 ,          10, Burner retrofit                    , -120000000.00 ,             4626.7
CE_F97 ,          11, High efficiency clinker coolers    , -100000000.00 ,            13880.11
CE_F97 ,          12, Substitute OPC with LC3 cement     , -80000000.00  ,            18506.81
CE_F97 ,          13, Increasing fly ash to 35% in PPC   , -70000000.00  ,            46267.03
CE_F97 ,          14, Renewable energy use in electricity, 180000000.00  ,            37013.63
CE_F97 ,          15, Increasing TSR to 30% in kiln fuel , 420000000.00  ,            83280.66
CE_F97 ,          16, CCS                                , 900000000.00  ,           277602.2
CE_F97 ,          17, Decreasing clinker to 85% in OPC   , 1200000000.00 ,            23133.52
CE_F97 ,          18, CCU                                , 1860000000.00 ,           277602.2
CE_F97 ,          19, Offset                             , 1880000000.00 ,            55520.44
CE_F98 ,           1, Efficient electrical equipment     , -430000000.00 ,             7677.76
CE_F98 ,           2, Waste heat recovery                , -420000000.00 ,            30711.05
CE_F98 ,           3, Automation system                  , -410000000.00 ,            15355.53
CE_F98 ,           4, Efficient grinding system          , -360000000.00 ,            19194.41
CE_F98 ,           5, Optimising auxiliary power         , -340000000.00 ,             3838.88
CE_F98 ,           6, Increasing slag to 70% in PSC      , -300000000.00 ,            19194.41
CE_F98 ,           7, Enhancement in Kiln                , -280000000.00 ,            11516.64
CE_F98 ,           8, Heat rate reduction in CPP         , -260000000.00 ,             7677.76
CE_F98 ,           9, Improving burnability of material  , -130000000.00 ,            26872.17
CE_F98 ,          10, Burner retrofit                    , -120000000.00 ,             3838.88
CE_F98 ,          11, High efficiency clinker coolers    , -100000000.00 ,            11516.64
CE_F98 ,          12, Substitute OPC with LC3 cement     , -80000000.00  ,            15355.53
CE_F98 ,          13, Increasing fly ash to 35% in PPC   , -70000000.00  ,            38388.81
CE_F98 ,          14, Renewable energy use in electricity, 180000000.00  ,            30711.05
CE_F98 ,          15, Increasing TSR to 30% in kiln fuel , 420000000.00  ,            69099.86
CE_F98 ,          16, CCS                                , 900000000.00  ,           230332.88
CE_F98 ,          17, Decreasing clinker to 85% in OPC   , 1200000000.00 ,            19194.41
CE_F98 ,          18, CCU                                , 1860000000.00 ,           230332.88
CE_F98 ,          19, Offset                             , 1880000000.00 ,            46066.58
CE_F99 ,           1, Efficient electrical equipment     , -430000000.00 ,             5071.12
CE_F99 ,           2, Waste heat recovery                , -420000000.00 ,            20284.46
CE_F99 ,           3, Automation system                  , -410000000.00 ,            10142.23
CE_F99 ,           4, Efficient grinding system          , -360000000.00 ,            12677.79
CE_F99 ,           5, Optimising auxiliary power         , -340000000.00 ,             2535.56
CE_F99 ,           6, Increasing slag to 70% in PSC      , -300000000.00 ,            12677.79
CE_F99 ,           7, Enhancement in Kiln                , -280000000.00 ,             7606.67
CE_F99 ,           8, Heat rate reduction in CPP         , -260000000.00 ,             5071.12
CE_F99 ,           9, Improving burnability of material  , -130000000.00 ,            17748.91
CE_F99 ,          10, Burner retrofit                    , -120000000.00 ,             2535.56
CE_F99 ,          11, High efficiency clinker coolers    , -100000000.00 ,             7606.67
CE_F99 ,          12, Substitute OPC with LC3 cement     , -80000000.00  ,            10142.23
CE_F99 ,          13, Increasing fly ash to 35% in PPC   , -70000000.00  ,            25355.58
CE_F99 ,          14, Renewable energy use in electricity, 180000000.00  ,            20284.46
CE_F99 ,          15, Increasing TSR to 30% in kiln fuel , 420000000.00  ,            45640.04
CE_F99 ,          16, CCS                                , 900000000.00  ,           152133.47
CE_F99 ,          17, Decreasing clinker to 85% in OPC   , 1200000000.00 ,            12677.79
CE_F99 ,          18, CCU                                , 1860000000.00 ,           152133.47
CE_F99 ,          19, Offset                             , 1880000000.00 ,            30426.69
CE_F100,           1, Efficient electrical equipment     , -430000000.00 ,             8364.64
CE_F100,           2, Waste heat recovery                , -420000000.00 ,            33458.54
CE_F100,           3, Automation system                  , -410000000.00 ,            16729.27
CE_F100,           4, Efficient grinding system          , -360000000.00 ,            20911.59
CE_F100,           5, Optimising auxiliary power         , -340000000.00 ,             4182.32
CE_F100,           6, Increasing slag to 70% in PSC      , -300000000.00 ,            20911.59
CE_F100,           7, Enhancement in Kiln                , -280000000.00 ,            12546.95
CE_F100,           8, Heat rate reduction in CPP         , -260000000.00 ,             8364.64
CE_F100,           9, Improving burnability of material  , -130000000.00 ,            29276.22
CE_F100,          10, Burner retrofit                    , -120000000.00 ,             4182.32
CE_F100,          11, High efficiency clinker coolers    , -100000000.00 ,            12546.95
CE_F100,          12, Substitute OPC with LC3 cement     , -80000000.00  ,            16729.27
CE_F100,          13, Increasing fly ash to 35% in PPC   , -70000000.00  ,            41823.18
CE_F100,          14, Renewable energy use in electricity, 180000000.00  ,            33458.54
CE_F100,          15, Increasing TSR to 30% in kiln fuel , 420000000.00  ,            75281.72
CE_F100,          16, CCS                                , 900000000.00  ,           250939.05
CE_F100,          17, Decreasing clinker to 85% in OPC   , 1200000000.00 ,            20911.59
CE_F100,          18, CCU                                , 1860000000.00 ,           250939.05
CE_F100,          19, Offset                             , 1880000000.00 ,            50187.81
CE_F101,           1, Efficient electrical equipment     , -430000000.00 ,            13826.29
CE_F101,           2, Waste heat recovery                , -420000000.00 ,            55305.16
CE_F101,           3, Automation system                  , -410000000.00 ,            27652.58
CE_F101,           4, Efficient grinding system          , -360000000.00 ,            34565.73
CE_F101,           5, Optimising auxiliary power         , -340000000.00 ,             6913.15
CE_F101,           6, Increasing slag to 70% in PSC      , -300000000.00 ,            34565.73
CE_F101,           7, Enhancement in Kiln                , -280000000.00 ,            20739.44
CE_F101,           8, Heat rate reduction in CPP         , -260000000.00 ,            13826.29
CE_F101,           9, Improving burnability of material  , -130000000.00 ,            48392.02
CE_F101,          10, Burner retrofit                    , -120000000.00 ,             6913.15
CE_F101,          11, High efficiency clinker coolers    , -100000000.00 ,            20739.44
CE_F101,          12, Substitute OPC with LC3 cement     , -80000000.00  ,            27652.58
CE_F101,          13, Increasing fly ash to 35% in PPC   , -70000000.00  ,            69131.45
CE_F101,          14, Renewable energy use in electricity, 180000000.00  ,            55305.16
CE_F101,          15, Increasing TSR to 30% in kiln fuel , 420000000.00  ,           124436.62
CE_F101,          16, CCS                                , 900000000.00  ,           414788.72
CE_F101,          17, Decreasing clinker to 85% in OPC   , 1200000000.00 ,            34565.73
CE_F101,          18, CCU                                , 1860000000.00 ,           414788.72
CE_F101,          19, Offset                             , 1880000000.00 ,            82957.74
CE_F102,           1, Efficient electrical equipment     , -430000000.00 ,            14273.95
CE_F102,           2, Waste heat recovery                , -420000000.00 ,            57095.81
CE_F102,           3, Automation system                  , -410000000.00 ,            28547.91
CE_F102,           4, Efficient grinding system          , -360000000.00 ,            35684.88
CE_F102,           5, Optimising auxiliary power         , -340000000.00 ,             7136.98
CE_F102,           6, Increasing slag to 70% in PSC      , -300000000.00 ,            35684.88
CE_F102,           7, Enhancement in Kiln                , -280000000.00 ,            21410.93
CE_F102,           8, Heat rate reduction in CPP         , -260000000.00 ,            14273.95
CE_F102,           9, Improving burnability of material  , -130000000.00 ,            49958.83
CE_F102,          10, Burner retrofit                    , -120000000.00 ,             7136.98
CE_F102,          11, High efficiency clinker coolers    , -100000000.00 ,            21410.93
CE_F102,          12, Substitute OPC with LC3 cement     , -80000000.00  ,            28547.91
CE_F102,          13, Increasing fly ash to 35% in PPC   , -70000000.00  ,            71369.76
CE_F102,          14, Renewable energy use in electricity, 180000000.00  ,            57095.81
CE_F102,          15, Increasing TSR to 30% in kiln fuel , 420000000.00  ,           128465.57
CE_F102,          16, CCS                                , 900000000.00  ,           428218.58
CE_F102,          17, Decreasing clinker to 85% in OPC   , 1200000000.00 ,            35684.88
CE_F102,          18, CCU                                , 1860000000.00 ,           428218.58
CE_F102,          19, Offset                             , 1880000000.00 ,            85643.72
CE_F103,           1, Efficient electrical equipment     , -430000000.00 ,            26344.87
CE_F103,           2, Waste heat recovery                , -420000000.00 ,           105379.47
CE_F103,           3, Automation system                  , -410000000.00 ,            52689.73
CE_F103,           4, Efficient grinding system          , -360000000.00 ,            65862.17
CE_F103,           5, Optimising auxiliary power         , -340000000.00 ,            13172.43
CE_F103,           6, Increasing slag to 70% in PSC      , -300000000.00 ,            65862.17
CE_F103,           7, Enhancement in Kiln                , -280000000.00 ,            39517.3
CE_F103,           8, Heat rate reduction in CPP         , -260000000.00 ,            26344.87
CE_F103,           9, Improving burnability of material  , -130000000.00 ,            92207.03
CE_F103,          10, Burner retrofit                    , -120000000.00 ,            13172.43
CE_F103,          11, High efficiency clinker coolers    , -100000000.00 ,            39517.3
CE_F103,          12, Substitute OPC with LC3 cement     , -80000000.00  ,            52689.73
CE_F103,          13, Increasing fly ash to 35% in PPC   , -70000000.00  ,           131724.33
CE_F103,          14, Renewable energy use in electricity, 180000000.00  ,           105379.47
CE_F103,          15, Increasing TSR to 30% in kiln fuel , 420000000.00  ,           237103.8
CE_F103,          16, CCS                                , 900000000.00  ,           790345.99
CE_F103,          17, Decreasing clinker to 85% in OPC   , 1200000000.00 ,            65862.17
CE_F103,          18, CCU                                , 1860000000.00 ,           790345.99
CE_F103,          19, Offset                             , 1880000000.00 ,           158069.2
CE_F104,           1, Efficient electrical equipment     , -430000000.00 ,             2880.56
CE_F104,           2, Waste heat recovery                , -420000000.00 ,            11522.22
CE_F104,           3, Automation system                  , -410000000.00 ,             5761.11
CE_F104,           4, Efficient grinding system          , -360000000.00 ,             7201.39
CE_F104,           5, Optimising auxiliary power         , -340000000.00 ,             1440.28
CE_F104,           6, Increasing slag to 70% in PSC      , -300000000.00 ,             7201.39
CE_F104,           7, Enhancement in Kiln                , -280000000.00 ,             4320.83
CE_F104,           8, Heat rate reduction in CPP         , -260000000.00 ,             2880.56
CE_F104,           9, Improving burnability of material  , -130000000.00 ,            10081.94
CE_F104,          10, Burner retrofit                    , -120000000.00 ,             1440.28
CE_F104,          11, High efficiency clinker coolers    , -100000000.00 ,             4320.83
CE_F104,          12, Substitute OPC with LC3 cement     , -80000000.00  ,             5761.11
CE_F104,          13, Increasing fly ash to 35% in PPC   , -70000000.00  ,            14402.78
CE_F104,          14, Renewable energy use in electricity, 180000000.00  ,             9601.85
CE_F104,          15, Increasing TSR to 30% in kiln fuel , 420000000.00  ,            21604.17
CE_F104,          16, CCS                                , 900000000.00  ,            72013.89
CE_F104,          17, Decreasing clinker to 85% in OPC   , 1200000000.00 ,             1200.23
CE_F104,          18, CCU                                , 1860000000.00 ,            14402.78
CE_F104,          19, Offset                             , 1880000000.00 ,             2880.56
CE_F105,           1, Efficient electrical equipment     , -430000000.00 ,             3630.05
CE_F105,           2, Waste heat recovery                , -420000000.00 ,            14520.19
CE_F105,           3, Automation system                  , -410000000.00 ,             7260.09
CE_F105,           4, Efficient grinding system          , -360000000.00 ,             9075.12
CE_F105,           5, Optimising auxiliary power         , -340000000.00 ,             1815.02
CE_F105,           6, Increasing slag to 70% in PSC      , -300000000.00 ,             9075.12
CE_F105,           7, Enhancement in Kiln                , -280000000.00 ,             5445.07
CE_F105,           8, Heat rate reduction in CPP         , -260000000.00 ,             3630.05
CE_F105,           9, Improving burnability of material  , -130000000.00 ,            12705.17
CE_F105,          10, Burner retrofit                    , -120000000.00 ,             1815.02
CE_F105,          11, High efficiency clinker coolers    , -100000000.00 ,             5445.07
CE_F105,          12, Substitute OPC with LC3 cement     , -80000000.00  ,             7260.09
CE_F105,          13, Increasing fly ash to 35% in PPC   , -70000000.00  ,            18150.24
CE_F105,          14, Renewable energy use in electricity, 180000000.00  ,            14520.19
CE_F105,          15, Increasing TSR to 30% in kiln fuel , 420000000.00  ,            32670.43
CE_F105,          16, CCS                                , 900000000.00  ,           108901.42
CE_F105,          17, Decreasing clinker to 85% in OPC   , 1200000000.00 ,             9075.12
CE_F105,          18, CCU                                , 1860000000.00 ,           108901.42
CE_F105,          19, Offset                             , 1880000000.00 ,            21780.28
CE_F106,           1, Efficient electrical equipment     , -430000000.00 ,            12049.73
CE_F106,           2, Waste heat recovery                , -420000000.00 ,            48198.91
CE_F106,           3, Automation system                  , -410000000.00 ,            24099.45
CE_F106,           4, Efficient grinding system          , -360000000.00 ,            30124.32
CE_F106,           5, Optimising auxiliary power         , -340000000.00 ,             6024.86
CE_F106,           6, Increasing slag to 70% in PSC      , -300000000.00 ,            30124.32
CE_F106,           7, Enhancement in Kiln                , -280000000.00 ,            18074.59
CE_F106,           8, Heat rate reduction in CPP         , -260000000.00 ,            12049.73
CE_F106,           9, Improving burnability of material  , -130000000.00 ,            42174.04
CE_F106,          10, Burner retrofit                    , -120000000.00 ,             6024.86
CE_F106,          11, High efficiency clinker coolers    , -100000000.00 ,            18074.59
CE_F106,          12, Substitute OPC with LC3 cement     , -80000000.00  ,            24099.45
CE_F106,          13, Increasing fly ash to 35% in PPC   , -70000000.00  ,            60248.64
CE_F106,          14, Renewable energy use in electricity, 180000000.00  ,            48198.91
CE_F106,          15, Increasing TSR to 30% in kiln fuel , 420000000.00  ,           108447.54
CE_F106,          16, CCS                                , 900000000.00  ,           361491.81
CE_F106,          17, Decreasing clinker to 85% in OPC   , 1200000000.00 ,            30124.32
CE_F106,          18, CCU                                , 1860000000.00 ,           361491.81
CE_F106,          19, Offset                             , 1880000000.00 ,            72298.36
CE_F107,           1, Efficient electrical equipment     , -430000000.00 ,             3559.09
CE_F107,           2, Waste heat recovery                , -420000000.00 ,            14236.34
CE_F107,           3, Automation system                  , -410000000.00 ,             7118.17
CE_F107,           4, Efficient grinding system          , -360000000.00 ,             8897.72
CE_F107,           5, Optimising auxiliary power         , -340000000.00 ,             1779.54
CE_F107,           6, Increasing slag to 70% in PSC      , -300000000.00 ,             8897.72
CE_F107,           7, Enhancement in Kiln                , -280000000.00 ,             5338.63
CE_F107,           8, Heat rate reduction in CPP         , -260000000.00 ,             3559.09
CE_F107,           9, Improving burnability of material  , -130000000.00 ,            12456.8
CE_F107,          10, Burner retrofit                    , -120000000.00 ,             1779.54
CE_F107,          11, High efficiency clinker coolers    , -100000000.00 ,             5338.63
CE_F107,          12, Substitute OPC with LC3 cement     , -80000000.00  ,             7118.17
CE_F107,          13, Increasing fly ash to 35% in PPC   , -70000000.00  ,            17795.43
CE_F107,          14, Renewable energy use in electricity, 180000000.00  ,            11863.62
CE_F107,          15, Increasing TSR to 30% in kiln fuel , 420000000.00  ,            26693.15
CE_F107,          16, CCS                                , 900000000.00  ,            88977.15
CE_F107,          17, Decreasing clinker to 85% in OPC   , 1200000000.00 ,             1482.95
CE_F107,          18, CCU                                , 1860000000.00 ,            17795.43
CE_F107,          19, Offset                             , 1880000000.00 ,             3559.09
CE_F108,           1, Efficient electrical equipment     , -430000000.00 ,             6517.85
CE_F108,           2, Waste heat recovery                , -420000000.00 ,            26071.38
CE_F108,           3, Automation system                  , -410000000.00 ,            13035.69
CE_F108,           4, Efficient grinding system          , -360000000.00 ,            16294.61
CE_F108,           5, Optimising auxiliary power         , -340000000.00 ,             3258.92
CE_F108,           6, Increasing slag to 70% in PSC      , -300000000.00 ,            16294.61
CE_F108,           7, Enhancement in Kiln                , -280000000.00 ,             9776.77
CE_F108,           8, Heat rate reduction in CPP         , -260000000.00 ,             6517.85
CE_F108,           9, Improving burnability of material  , -130000000.00 ,            22812.46
CE_F108,          10, Burner retrofit                    , -120000000.00 ,             3258.92
CE_F108,          11, High efficiency clinker coolers    , -100000000.00 ,             9776.77
CE_F108,          12, Substitute OPC with LC3 cement     , -80000000.00  ,            13035.69
CE_F108,          13, Increasing fly ash to 35% in PPC   , -70000000.00  ,            32589.23
CE_F108,          14, Renewable energy use in electricity, 180000000.00  ,            26071.38
CE_F108,          15, Increasing TSR to 30% in kiln fuel , 420000000.00  ,            58660.61
CE_F108,          16, CCS                                , 900000000.00  ,           195535.37
CE_F108,          17, Decreasing clinker to 85% in OPC   , 1200000000.00 ,            16294.61
CE_F108,          18, CCU                                , 1860000000.00 ,           195535.37
CE_F108,          19, Offset                             , 1880000000.00 ,            39107.07
CE_F109,           1, Efficient electrical equipment     , -430000000.00 ,            18143.04
CE_F109,           2, Waste heat recovery                , -420000000.00 ,            72572.18
CE_F109,           3, Automation system                  , -410000000.00 ,            36286.09
CE_F109,           4, Efficient grinding system          , -360000000.00 ,            45357.61
CE_F109,           5, Optimising auxiliary power         , -340000000.00 ,             9071.52
CE_F109,           6, Increasing slag to 70% in PSC      , -300000000.00 ,            45357.61
CE_F109,           7, Enhancement in Kiln                , -280000000.00 ,            27214.57
CE_F109,           8, Heat rate reduction in CPP         , -260000000.00 ,            18143.04
CE_F109,           9, Improving burnability of material  , -130000000.00 ,            63500.66
CE_F109,          10, Burner retrofit                    , -120000000.00 ,             9071.52
CE_F109,          11, High efficiency clinker coolers    , -100000000.00 ,            27214.57
CE_F109,          12, Substitute OPC with LC3 cement     , -80000000.00  ,            36286.09
CE_F109,          13, Increasing fly ash to 35% in PPC   , -70000000.00  ,            90715.22
CE_F109,          14, Renewable energy use in electricity, 180000000.00  ,            72572.18
CE_F109,          15, Increasing TSR to 30% in kiln fuel , 420000000.00  ,           163287.4
CE_F109,          16, CCS                                , 900000000.00  ,           544291.34
CE_F109,          17, Decreasing clinker to 85% in OPC   , 1200000000.00 ,            45357.61
CE_F109,          18, CCU                                , 1860000000.00 ,           544291.34
CE_F109,          19, Offset                             , 1880000000.00 ,           108858.27
CE_F110,           1, Efficient electrical equipment     , -430000000.00 ,             4705.98
CE_F110,           2, Waste heat recovery                , -420000000.00 ,            18823.93
CE_F110,           3, Automation system                  , -410000000.00 ,             9411.96
CE_F110,           4, Efficient grinding system          , -360000000.00 ,            11764.96
CE_F110,           5, Optimising auxiliary power         , -340000000.00 ,             2352.99
CE_F110,           6, Increasing slag to 70% in PSC      , -300000000.00 ,            11764.96
CE_F110,           7, Enhancement in Kiln                , -280000000.00 ,             7058.97
CE_F110,           8, Heat rate reduction in CPP         , -260000000.00 ,             4705.98
CE_F110,           9, Improving burnability of material  , -130000000.00 ,            16470.94
CE_F110,          10, Burner retrofit                    , -120000000.00 ,             2352.99
CE_F110,          11, High efficiency clinker coolers    , -100000000.00 ,             7058.97
CE_F110,          12, Substitute OPC with LC3 cement     , -80000000.00  ,             9411.96
CE_F110,          13, Increasing fly ash to 35% in PPC   , -70000000.00  ,            23529.91
CE_F110,          14, Renewable energy use in electricity, 180000000.00  ,            18823.93
CE_F110,          15, Increasing TSR to 30% in kiln fuel , 420000000.00  ,            42353.84
CE_F110,          16, CCS                                , 900000000.00  ,           141179.47
CE_F110,          17, Decreasing clinker to 85% in OPC   , 1200000000.00 ,            11764.96
CE_F110,          18, CCU                                , 1860000000.00 ,           141179.47
CE_F110,          19, Offset                             , 1880000000.00 ,            28235.89
CE_F111,           1, Efficient electrical equipment     , -430000000.00 ,            18722.05
CE_F111,           2, Waste heat recovery                , -420000000.00 ,            74888.19
CE_F111,           3, Automation system                  , -410000000.00 ,            37444.09
CE_F111,           4, Efficient grinding system          , -360000000.00 ,            46805.12
CE_F111,           5, Optimising auxiliary power         , -340000000.00 ,             9361.02
CE_F111,           6, Increasing slag to 70% in PSC      , -300000000.00 ,            46805.12
CE_F111,           7, Enhancement in Kiln                , -280000000.00 ,            28083.07
CE_F111,           8, Heat rate reduction in CPP         , -260000000.00 ,            18722.05
CE_F111,           9, Improving burnability of material  , -130000000.00 ,            65527.17
CE_F111,          10, Burner retrofit                    , -120000000.00 ,             9361.02
CE_F111,          11, High efficiency clinker coolers    , -100000000.00 ,            28083.07
CE_F111,          12, Substitute OPC with LC3 cement     , -80000000.00  ,            37444.09
CE_F111,          13, Increasing fly ash to 35% in PPC   , -70000000.00  ,            93610.24
CE_F111,          14, Renewable energy use in electricity, 180000000.00  ,            74888.19
CE_F111,          15, Increasing TSR to 30% in kiln fuel , 420000000.00  ,           168498.43
CE_F111,          16, CCS                                , 900000000.00  ,           561661.42
CE_F111,          17, Decreasing clinker to 85% in OPC   , 1200000000.00 ,            46805.12
CE_F111,          18, CCU                                , 1860000000.00 ,           561661.42
CE_F111,          19, Offset                             , 1880000000.00 ,           112332.28
CE_F112,           1, Efficient electrical equipment     , -430000000.00 ,             9235.72
CE_F112,           2, Waste heat recovery                , -420000000.00 ,            36942.88
CE_F112,           3, Automation system                  , -410000000.00 ,            18471.44
CE_F112,           4, Efficient grinding system          , -360000000.00 ,            23089.3
CE_F112,           5, Optimising auxiliary power         , -340000000.00 ,             4617.86
CE_F112,           6, Increasing slag to 70% in PSC      , -300000000.00 ,            23089.3
CE_F112,           7, Enhancement in Kiln                , -280000000.00 ,            13853.58
CE_F112,           8, Heat rate reduction in CPP         , -260000000.00 ,             9235.72
CE_F112,           9, Improving burnability of material  , -130000000.00 ,            32325.02
CE_F112,          10, Burner retrofit                    , -120000000.00 ,             4617.86
CE_F112,          11, High efficiency clinker coolers    , -100000000.00 ,            13853.58
CE_F112,          12, Substitute OPC with LC3 cement     , -80000000.00  ,            18471.44
CE_F112,          13, Increasing fly ash to 35% in PPC   , -70000000.00  ,            46178.61
CE_F112,          14, Renewable energy use in electricity, 180000000.00  ,            36942.88
CE_F112,          15, Increasing TSR to 30% in kiln fuel , 420000000.00  ,            83121.49
CE_F112,          16, CCS                                , 900000000.00  ,           277071.63
CE_F112,          17, Decreasing clinker to 85% in OPC   , 1200000000.00 ,            23089.3
CE_F112,          18, CCU                                , 1860000000.00 ,           277071.63
CE_F112,          19, Offset                             , 1880000000.00 ,            55414.33
CE_F113,           1, Efficient electrical equipment     , -430000000.00 ,             3225.76
CE_F113,           2, Waste heat recovery                , -420000000.00 ,            12903.03
CE_F113,           3, Automation system                  , -410000000.00 ,             6451.51
CE_F113,           4, Efficient grinding system          , -360000000.00 ,             8064.39
CE_F113,           5, Optimising auxiliary power         , -340000000.00 ,             1612.88
CE_F113,           6, Increasing slag to 70% in PSC      , -300000000.00 ,             8064.39
CE_F113,           7, Enhancement in Kiln                , -280000000.00 ,             4838.64
CE_F113,           8, Heat rate reduction in CPP         , -260000000.00 ,             3225.76
CE_F113,           9, Improving burnability of material  , -130000000.00 ,            11290.15
CE_F113,          10, Burner retrofit                    , -120000000.00 ,             1612.88
CE_F113,          11, High efficiency clinker coolers    , -100000000.00 ,             4838.64
CE_F113,          12, Substitute OPC with LC3 cement     , -80000000.00  ,             6451.51
CE_F113,          13, Increasing fly ash to 35% in PPC   , -70000000.00  ,            16128.78
CE_F113,          14, Renewable energy use in electricity, 180000000.00  ,            12903.03
CE_F113,          15, Increasing TSR to 30% in kiln fuel , 420000000.00  ,            29031.81
CE_F113,          16, CCS                                , 900000000.00  ,            96772.7
CE_F113,          17, Decreasing clinker to 85% in OPC   , 1200000000.00 ,             8064.39
CE_F113,          18, CCU                                , 1860000000.00 ,            96772.7
CE_F113,          19, Offset                             , 1880000000.00 ,            19354.54
CE_F114,           1, Efficient electrical equipment     , -430000000.00 ,            18074.07
CE_F114,           2, Waste heat recovery                , -420000000.00 ,            72296.28
CE_F114,           3, Automation system                  , -410000000.00 ,            36148.14
CE_F114,           4, Efficient grinding system          , -360000000.00 ,            45185.18
CE_F114,           5, Optimising auxiliary power         , -340000000.00 ,             9037.04
CE_F114,           6, Increasing slag to 70% in PSC      , -300000000.00 ,            45185.18
CE_F114,           7, Enhancement in Kiln                , -280000000.00 ,            27111.11
CE_F114,           8, Heat rate reduction in CPP         , -260000000.00 ,            18074.07
CE_F114,           9, Improving burnability of material  , -130000000.00 ,            63259.25
CE_F114,          10, Burner retrofit                    , -120000000.00 ,             9037.04
CE_F114,          11, High efficiency clinker coolers    , -100000000.00 ,            27111.11
CE_F114,          12, Substitute OPC with LC3 cement     , -80000000.00  ,            36148.14
CE_F114,          13, Increasing fly ash to 35% in PPC   , -70000000.00  ,            90370.36
CE_F114,          14, Renewable energy use in electricity, 180000000.00  ,            72296.28
CE_F114,          15, Increasing TSR to 30% in kiln fuel , 420000000.00  ,           162666.64
CE_F114,          16, CCS                                , 900000000.00  ,           542222.14
CE_F114,          17, Decreasing clinker to 85% in OPC   , 1200000000.00 ,            45185.18
CE_F114,          18, CCU                                , 1860000000.00 ,           542222.14
CE_F114,          19, Offset                             , 1880000000.00 ,           108444.43
CE_F115,           1, Efficient electrical equipment     , -430000000.00 ,             8774.54
CE_F115,           2, Waste heat recovery                , -420000000.00 ,            35098.16
CE_F115,           3, Automation system                  , -410000000.00 ,            17549.08
CE_F115,           4, Efficient grinding system          , -360000000.00 ,            21936.35
CE_F115,           5, Optimising auxiliary power         , -340000000.00 ,             4387.27
CE_F115,           6, Increasing slag to 70% in PSC      , -300000000.00 ,            21936.35
CE_F115,           7, Enhancement in Kiln                , -280000000.00 ,            13161.81
CE_F115,           8, Heat rate reduction in CPP         , -260000000.00 ,             8774.54
CE_F115,           9, Improving burnability of material  , -130000000.00 ,            30710.89
CE_F115,          10, Burner retrofit                    , -120000000.00 ,             4387.27
CE_F115,          11, High efficiency clinker coolers    , -100000000.00 ,            13161.81
CE_F115,          12, Substitute OPC with LC3 cement     , -80000000.00  ,            17549.08
CE_F115,          13, Increasing fly ash to 35% in PPC   , -70000000.00  ,            43872.7
CE_F115,          14, Renewable energy use in electricity, 180000000.00  ,            35098.16
CE_F115,          15, Increasing TSR to 30% in kiln fuel , 420000000.00  ,            78970.86
CE_F115,          16, CCS                                , 900000000.00  ,           263236.2
CE_F115,          17, Decreasing clinker to 85% in OPC   , 1200000000.00 ,            21936.35
CE_F115,          18, CCU                                , 1860000000.00 ,           263236.2
CE_F115,          19, Offset                             , 1880000000.00 ,            52647.24
CE_F116,           1, Efficient electrical equipment     , -430000000.00 ,             7892.86
CE_F116,           2, Waste heat recovery                , -420000000.00 ,            31571.44
CE_F116,           3, Automation system                  , -410000000.00 ,            15785.72
CE_F116,           4, Efficient grinding system          , -360000000.00 ,            19732.15
CE_F116,           5, Optimising auxiliary power         , -340000000.00 ,             3946.43
CE_F116,           6, Increasing slag to 70% in PSC      , -300000000.00 ,            19732.15
CE_F116,           7, Enhancement in Kiln                , -280000000.00 ,            11839.29
CE_F116,           8, Heat rate reduction in CPP         , -260000000.00 ,             7892.86
CE_F116,           9, Improving burnability of material  , -130000000.00 ,            27625.01
CE_F116,          10, Burner retrofit                    , -120000000.00 ,             3946.43
CE_F116,          11, High efficiency clinker coolers    , -100000000.00 ,            11839.29
CE_F116,          12, Substitute OPC with LC3 cement     , -80000000.00  ,            15785.72
CE_F116,          13, Increasing fly ash to 35% in PPC   , -70000000.00  ,            39464.3
CE_F116,          14, Renewable energy use in electricity, 180000000.00  ,            31571.44
CE_F116,          15, Increasing TSR to 30% in kiln fuel , 420000000.00  ,            71035.74
CE_F116,          16, CCS                                , 900000000.00  ,           236785.82
CE_F116,          17, Decreasing clinker to 85% in OPC   , 1200000000.00 ,            19732.15
CE_F116,          18, CCU                                , 1860000000.00 ,           236785.82
CE_F116,          19, Offset                             , 1880000000.00 ,            47357.16
CE_F117,           1, Efficient electrical equipment     , -430000000.00 ,             9151.19
CE_F117,           2, Waste heat recovery                , -420000000.00 ,            36604.77
CE_F117,           3, Automation system                  , -410000000.00 ,            18302.39
CE_F117,           4, Efficient grinding system          , -360000000.00 ,            22877.98
CE_F117,           5, Optimising auxiliary power         , -340000000.00 ,             4575.6
CE_F117,           6, Increasing slag to 70% in PSC      , -300000000.00 ,            22877.98
CE_F117,           7, Enhancement in Kiln                , -280000000.00 ,            13726.79
CE_F117,           8, Heat rate reduction in CPP         , -260000000.00 ,             9151.19
CE_F117,           9, Improving burnability of material  , -130000000.00 ,            32029.18
CE_F117,          10, Burner retrofit                    , -120000000.00 ,             4575.6
CE_F117,          11, High efficiency clinker coolers    , -100000000.00 ,            13726.79
CE_F117,          12, Substitute OPC with LC3 cement     , -80000000.00  ,            18302.39
CE_F117,          13, Increasing fly ash to 35% in PPC   , -70000000.00  ,            45755.96
CE_F117,          14, Renewable energy use in electricity, 180000000.00  ,            36604.77
CE_F117,          15, Increasing TSR to 30% in kiln fuel , 420000000.00  ,            82360.74
CE_F117,          16, CCS                                , 900000000.00  ,           274535.79
CE_F117,          17, Decreasing clinker to 85% in OPC   , 1200000000.00 ,            22877.98
CE_F117,          18, CCU                                , 1860000000.00 ,           274535.79
CE_F117,          19, Offset                             , 1880000000.00 ,            54907.16
CE_F118,           1, Efficient electrical equipment     , -430000000.00 ,             3527.93
CE_F118,           2, Waste heat recovery                , -420000000.00 ,            14111.74
CE_F118,           3, Automation system                  , -410000000.00 ,             7055.87
CE_F118,           4, Efficient grinding system          , -360000000.00 ,             8819.84
CE_F118,           5, Optimising auxiliary power         , -340000000.00 ,             1763.97
CE_F118,           6, Increasing slag to 70% in PSC      , -300000000.00 ,             8819.84
CE_F118,           7, Enhancement in Kiln                , -280000000.00 ,             5291.9
CE_F118,           8, Heat rate reduction in CPP         , -260000000.00 ,             3527.93
CE_F118,           9, Improving burnability of material  , -130000000.00 ,            12347.77
CE_F118,          10, Burner retrofit                    , -120000000.00 ,             1763.97
CE_F118,          11, High efficiency clinker coolers    , -100000000.00 ,             5291.9
CE_F118,          12, Substitute OPC with LC3 cement     , -80000000.00  ,             7055.87
CE_F118,          13, Increasing fly ash to 35% in PPC   , -70000000.00  ,            17639.67
CE_F118,          14, Renewable energy use in electricity, 180000000.00  ,            14111.74
CE_F118,          15, Increasing TSR to 30% in kiln fuel , 420000000.00  ,            31751.41
CE_F118,          16, CCS                                , 900000000.00  ,           105838.04
CE_F118,          17, Decreasing clinker to 85% in OPC   , 1200000000.00 ,             8819.84
CE_F118,          18, CCU                                , 1860000000.00 ,           105838.04
CE_F118,          19, Offset                             , 1880000000.00 ,            21167.61
CE_F119,           1, Efficient electrical equipment     , -430000000.00 ,             2276.7
CE_F119,           2, Waste heat recovery                , -420000000.00 ,             9106.78
CE_F119,           3, Automation system                  , -410000000.00 ,             4553.39
CE_F119,           4, Efficient grinding system          , -360000000.00 ,             5691.74
CE_F119,           5, Optimising auxiliary power         , -340000000.00 ,             1138.35
CE_F119,           6, Increasing slag to 70% in PSC      , -300000000.00 ,             5691.74
CE_F119,           7, Enhancement in Kiln                , -280000000.00 ,             3415.04
CE_F119,           8, Heat rate reduction in CPP         , -260000000.00 ,             2276.7
CE_F119,           9, Improving burnability of material  , -130000000.00 ,             7968.43
CE_F119,          10, Burner retrofit                    , -120000000.00 ,             1138.35
CE_F119,          11, High efficiency clinker coolers    , -100000000.00 ,             3415.04
CE_F119,          12, Substitute OPC with LC3 cement     , -80000000.00  ,             4553.39
CE_F119,          13, Increasing fly ash to 35% in PPC   , -70000000.00  ,            11383.48
CE_F119,          14, Renewable energy use in electricity, 180000000.00  ,             7588.99
CE_F119,          15, Increasing TSR to 30% in kiln fuel , 420000000.00  ,            17075.22
CE_F119,          16, CCS                                , 900000000.00  ,            56917.39
CE_F119,          17, Decreasing clinker to 85% in OPC   , 1200000000.00 ,              948.62
CE_F119,          18, CCU                                , 1860000000.00 ,            11383.48
CE_F119,          19, Offset                             , 1880000000.00 ,             2276.7
CE_F120,           1, Efficient electrical equipment     , -430000000.00 ,            86857.88
CE_F120,           2, Waste heat recovery                , -420000000.00 ,           347431.5
CE_F120,           3, Automation system                  , -410000000.00 ,           173715.75
CE_F120,           4, Efficient grinding system          , -360000000.00 ,           217144.69
CE_F120,           5, Optimising auxiliary power         , -340000000.00 ,            43428.94
CE_F120,           6, Increasing slag to 70% in PSC      , -300000000.00 ,           217144.69
CE_F120,           7, Enhancement in Kiln                , -280000000.00 ,           130286.81
CE_F120,           8, Heat rate reduction in CPP         , -260000000.00 ,            86857.88
CE_F120,           9, Improving burnability of material  , -130000000.00 ,           304002.56
CE_F120,          10, Burner retrofit                    , -120000000.00 ,            43428.94
CE_F120,          11, High efficiency clinker coolers    , -100000000.00 ,           130286.81
CE_F120,          12, Substitute OPC with LC3 cement     , -80000000.00  ,           173715.75
CE_F120,          13, Increasing fly ash to 35% in PPC   , -70000000.00  ,           434289.38
CE_F120,          14, Renewable energy use in electricity, 180000000.00  ,           347431.5
CE_F120,          15, Increasing TSR to 30% in kiln fuel , 420000000.00  ,           781720.88
CE_F120,          16, CCS                                , 900000000.00  ,          2605736.26
CE_F120,          17, Decreasing clinker to 85% in OPC   , 1200000000.00 ,           217144.69
CE_F120,          18, CCU                                , 1860000000.00 ,          2605736.26
CE_F120,          19, Offset                             , 1880000000.00 ,           521147.25
CE_F121,           1, Efficient electrical equipment     , -430000000.00 ,            50233.34
CE_F121,           2, Waste heat recovery                , -420000000.00 ,           200933.34
CE_F121,           3, Automation system                  , -410000000.00 ,           100466.67
CE_F121,           4, Efficient grinding system          , -360000000.00 ,           125583.34
CE_F121,           5, Optimising auxiliary power         , -340000000.00 ,            25116.67
CE_F121,           6, Increasing slag to 70% in PSC      , -300000000.00 ,           125583.34
CE_F121,           7, Enhancement in Kiln                , -280000000.00 ,            75350
CE_F121,           8, Heat rate reduction in CPP         , -260000000.00 ,            50233.34
CE_F121,           9, Improving burnability of material  , -130000000.00 ,           175816.67
CE_F121,          10, Burner retrofit                    , -120000000.00 ,            25116.67
CE_F121,          11, High efficiency clinker coolers    , -100000000.00 ,            75350
CE_F121,          12, Substitute OPC with LC3 cement     , -80000000.00  ,           100466.67
CE_F121,          13, Increasing fly ash to 35% in PPC   , -70000000.00  ,           251166.68
CE_F121,          14, Renewable energy use in electricity, 180000000.00  ,           200933.34
CE_F121,          15, Increasing TSR to 30% in kiln fuel , 420000000.00  ,           452100.02
CE_F121,          16, CCS                                , 900000000.00  ,          1507000.06
CE_F121,          17, Decreasing clinker to 85% in OPC   , 1200000000.00 ,           125583.34
CE_F121,          18, CCU                                , 1860000000.00 ,          1507000.06
CE_F121,          19, Offset                             , 1880000000.00 ,           301400.01
CE_F122,           1, Efficient electrical equipment     , -430000000.00 ,            43957.06
CE_F122,           2, Waste heat recovery                , -420000000.00 ,           175828.25
CE_F122,           3, Automation system                  , -410000000.00 ,            87914.12
CE_F122,           4, Efficient grinding system          , -360000000.00 ,           109892.66
CE_F122,           5, Optimising auxiliary power         , -340000000.00 ,            21978.53
CE_F122,           6, Increasing slag to 70% in PSC      , -300000000.00 ,           109892.66
CE_F122,           7, Enhancement in Kiln                , -280000000.00 ,            65935.59
CE_F122,           8, Heat rate reduction in CPP         , -260000000.00 ,            43957.06
CE_F122,           9, Improving burnability of material  , -130000000.00 ,           153849.72
CE_F122,          10, Burner retrofit                    , -120000000.00 ,            21978.53
CE_F122,          11, High efficiency clinker coolers    , -100000000.00 ,            65935.59
CE_F122,          12, Substitute OPC with LC3 cement     , -80000000.00  ,            87914.12
CE_F122,          13, Increasing fly ash to 35% in PPC   , -70000000.00  ,           219785.31
CE_F122,          14, Renewable energy use in electricity, 180000000.00  ,           175828.25
CE_F122,          15, Increasing TSR to 30% in kiln fuel , 420000000.00  ,           395613.56
CE_F122,          16, CCS                                , 900000000.00  ,          1318711.87
CE_F122,          17, Decreasing clinker to 85% in OPC   , 1200000000.00 ,           109892.66
CE_F122,          18, CCU                                , 1860000000.00 ,          1318711.87
CE_F122,          19, Offset                             , 1880000000.00 ,           263742.37
CE_F123,           1, Efficient electrical equipment     , -430000000.00 ,            15489.18
CE_F123,           2, Waste heat recovery                , -420000000.00 ,            61956.7
CE_F123,           3, Automation system                  , -410000000.00 ,            30978.35
CE_F123,           4, Efficient grinding system          , -360000000.00 ,            38722.94
CE_F123,           5, Optimising auxiliary power         , -340000000.00 ,             7744.59
CE_F123,           6, Increasing slag to 70% in PSC      , -300000000.00 ,            38722.94
CE_F123,           7, Enhancement in Kiln                , -280000000.00 ,            23233.76
CE_F123,           8, Heat rate reduction in CPP         , -260000000.00 ,            15489.18
CE_F123,           9, Improving burnability of material  , -130000000.00 ,            54212.11
CE_F123,          10, Burner retrofit                    , -120000000.00 ,             7744.59
CE_F123,          11, High efficiency clinker coolers    , -100000000.00 ,            23233.76
CE_F123,          12, Substitute OPC with LC3 cement     , -80000000.00  ,            30978.35
CE_F123,          13, Increasing fly ash to 35% in PPC   , -70000000.00  ,            77445.88
CE_F123,          14, Renewable energy use in electricity, 180000000.00  ,            61956.7
CE_F123,          15, Increasing TSR to 30% in kiln fuel , 420000000.00  ,           139402.58
CE_F123,          16, CCS                                , 900000000.00  ,           464675.25
CE_F123,          17, Decreasing clinker to 85% in OPC   , 1200000000.00 ,            38722.94
CE_F123,          18, CCU                                , 1860000000.00 ,           464675.25
CE_F123,          19, Offset                             , 1880000000.00 ,            92935.05
CE_F124,           1, Efficient electrical equipment     , -430000000.00 ,             7174.59
CE_F124,           2, Waste heat recovery                , -420000000.00 ,            28698.37
CE_F124,           3, Automation system                  , -410000000.00 ,            14349.19
CE_F124,           4, Efficient grinding system          , -360000000.00 ,            17936.48
CE_F124,           5, Optimising auxiliary power         , -340000000.00 ,             3587.3
CE_F124,           6, Increasing slag to 70% in PSC      , -300000000.00 ,            17936.48
CE_F124,           7, Enhancement in Kiln                , -280000000.00 ,            10761.89
CE_F124,           8, Heat rate reduction in CPP         , -260000000.00 ,             7174.59
CE_F124,           9, Improving burnability of material  , -130000000.00 ,            25111.08
CE_F124,          10, Burner retrofit                    , -120000000.00 ,             3587.3
CE_F124,          11, High efficiency clinker coolers    , -100000000.00 ,            10761.89
CE_F124,          12, Substitute OPC with LC3 cement     , -80000000.00  ,            14349.19
CE_F124,          13, Increasing fly ash to 35% in PPC   , -70000000.00  ,            35872.97
CE_F124,          14, Renewable energy use in electricity, 180000000.00  ,            28698.37
CE_F124,          15, Increasing TSR to 30% in kiln fuel , 420000000.00  ,            64571.34
CE_F124,          16, CCS                                , 900000000.00  ,           215237.8
CE_F124,          17, Decreasing clinker to 85% in OPC   , 1200000000.00 ,            17936.48
CE_F124,          18, CCU                                , 1860000000.00 ,           215237.8
CE_F124,          19, Offset                             , 1880000000.00 ,            43047.56
CE_F125,           1, Efficient electrical equipment     , -430000000.00 ,            12135.99
CE_F125,           2, Waste heat recovery                , -420000000.00 ,            48543.98
CE_F125,           3, Automation system                  , -410000000.00 ,            24271.99
CE_F125,           4, Efficient grinding system          , -360000000.00 ,            30339.99
CE_F125,           5, Optimising auxiliary power         , -340000000.00 ,             6068
CE_F125,           6, Increasing slag to 70% in PSC      , -300000000.00 ,            30339.99
CE_F125,           7, Enhancement in Kiln                , -280000000.00 ,            18203.99
CE_F125,           8, Heat rate reduction in CPP         , -260000000.00 ,            12135.99
CE_F125,           9, Improving burnability of material  , -130000000.00 ,            42475.98
CE_F125,          10, Burner retrofit                    , -120000000.00 ,             6068
CE_F125,          11, High efficiency clinker coolers    , -100000000.00 ,            18203.99
CE_F125,          12, Substitute OPC with LC3 cement     , -80000000.00  ,            24271.99
CE_F125,          13, Increasing fly ash to 35% in PPC   , -70000000.00  ,            60679.97
CE_F125,          14, Renewable energy use in electricity, 180000000.00  ,            48543.98
CE_F125,          15, Increasing TSR to 30% in kiln fuel , 420000000.00  ,           109223.95
CE_F125,          16, CCS                                , 900000000.00  ,           364079.82
CE_F125,          17, Decreasing clinker to 85% in OPC   , 1200000000.00 ,            30339.99
CE_F125,          18, CCU                                , 1860000000.00 ,           364079.82
CE_F125,          19, Offset                             , 1880000000.00 ,            72815.96
CE_F126,           1, Efficient electrical equipment     , -430000000.00 ,             7343.62
CE_F126,           2, Waste heat recovery                , -420000000.00 ,            29374.48
CE_F126,           3, Automation system                  , -410000000.00 ,            14687.24
CE_F126,           4, Efficient grinding system          , -360000000.00 ,            18359.05
CE_F126,           5, Optimising auxiliary power         , -340000000.00 ,             3671.81
CE_F126,           6, Increasing slag to 70% in PSC      , -300000000.00 ,            18359.05
CE_F126,           7, Enhancement in Kiln                , -280000000.00 ,            11015.43
CE_F126,           8, Heat rate reduction in CPP         , -260000000.00 ,             7343.62
CE_F126,           9, Improving burnability of material  , -130000000.00 ,            25702.67
CE_F126,          10, Burner retrofit                    , -120000000.00 ,             3671.81
CE_F126,          11, High efficiency clinker coolers    , -100000000.00 ,            11015.43
CE_F126,          12, Substitute OPC with LC3 cement     , -80000000.00  ,            14687.24
CE_F126,          13, Increasing fly ash to 35% in PPC   , -70000000.00  ,            36718.1
CE_F126,          14, Renewable energy use in electricity, 180000000.00  ,            29374.48
CE_F126,          15, Increasing TSR to 30% in kiln fuel , 420000000.00  ,            66092.58
CE_F126,          16, CCS                                , 900000000.00  ,           220308.61
CE_F126,          17, Decreasing clinker to 85% in OPC   , 1200000000.00 ,            18359.05
CE_F126,          18, CCU                                , 1860000000.00 ,           220308.61
CE_F126,          19, Offset                             , 1880000000.00 ,            44061.72
CE_F127,           1, Efficient electrical equipment     , -430000000.00 ,            15227.64
CE_F127,           2, Waste heat recovery                , -420000000.00 ,            60910.58
CE_F127,           3, Automation system                  , -410000000.00 ,            30455.29
CE_F127,           4, Efficient grinding system          , -360000000.00 ,            38069.11
CE_F127,           5, Optimising auxiliary power         , -340000000.00 ,             7613.82
CE_F127,           6, Increasing slag to 70% in PSC      , -300000000.00 ,            38069.11
CE_F127,           7, Enhancement in Kiln                , -280000000.00 ,            22841.47
CE_F127,           8, Heat rate reduction in CPP         , -260000000.00 ,            15227.64
CE_F127,           9, Improving burnability of material  , -130000000.00 ,            53296.75
CE_F127,          10, Burner retrofit                    , -120000000.00 ,             7613.82
CE_F127,          11, High efficiency clinker coolers    , -100000000.00 ,            22841.47
CE_F127,          12, Substitute OPC with LC3 cement     , -80000000.00  ,            30455.29
CE_F127,          13, Increasing fly ash to 35% in PPC   , -70000000.00  ,            76138.22
CE_F127,          14, Renewable energy use in electricity, 180000000.00  ,            60910.58
CE_F127,          15, Increasing TSR to 30% in kiln fuel , 420000000.00  ,           137048.8
CE_F127,          16, CCS                                , 900000000.00  ,           456829.32
CE_F127,          17, Decreasing clinker to 85% in OPC   , 1200000000.00 ,            38069.11
CE_F127,          18, CCU                                , 1860000000.00 ,           456829.32
CE_F127,          19, Offset                             , 1880000000.00 ,            91365.86
CE_F128,           1, Efficient electrical equipment     , -430000000.00 ,            17910.18
CE_F128,           2, Waste heat recovery                , -420000000.00 ,            71640.74
CE_F128,           3, Automation system                  , -410000000.00 ,            35820.37
CE_F128,           4, Efficient grinding system          , -360000000.00 ,            44775.46
CE_F128,           5, Optimising auxiliary power         , -340000000.00 ,             8955.09
CE_F128,           6, Increasing slag to 70% in PSC      , -300000000.00 ,            44775.46
CE_F128,           7, Enhancement in Kiln                , -280000000.00 ,            26865.28
CE_F128,           8, Heat rate reduction in CPP         , -260000000.00 ,            17910.18
CE_F128,           9, Improving burnability of material  , -130000000.00 ,            62685.64
CE_F128,          10, Burner retrofit                    , -120000000.00 ,             8955.09
CE_F128,          11, High efficiency clinker coolers    , -100000000.00 ,            26865.28
CE_F128,          12, Substitute OPC with LC3 cement     , -80000000.00  ,            35820.37
CE_F128,          13, Increasing fly ash to 35% in PPC   , -70000000.00  ,            89550.92
CE_F128,          14, Renewable energy use in electricity, 180000000.00  ,            71640.74
CE_F128,          15, Increasing TSR to 30% in kiln fuel , 420000000.00  ,           161191.66
CE_F128,          16, CCS                                , 900000000.00  ,           537305.52
CE_F128,          17, Decreasing clinker to 85% in OPC   , 1200000000.00 ,            44775.46
CE_F128,          18, CCU                                , 1860000000.00 ,           537305.52
CE_F128,          19, Offset                             , 1880000000.00 ,           107461.1
CE_F129,           1, Efficient electrical equipment     , -430000000.00 ,             3863.1
CE_F129,           2, Waste heat recovery                , -420000000.00 ,            15452.39
CE_F129,           3, Automation system                  , -410000000.00 ,             7726.2
CE_F129,           4, Efficient grinding system          , -360000000.00 ,             9657.74
CE_F129,           5, Optimising auxiliary power         , -340000000.00 ,             1931.55
CE_F129,           6, Increasing slag to 70% in PSC      , -300000000.00 ,             9657.74
CE_F129,           7, Enhancement in Kiln                , -280000000.00 ,             5794.65
CE_F129,           8, Heat rate reduction in CPP         , -260000000.00 ,             3863.1
CE_F129,           9, Improving burnability of material  , -130000000.00 ,            13520.84
CE_F129,          10, Burner retrofit                    , -120000000.00 ,             1931.55
CE_F129,          11, High efficiency clinker coolers    , -100000000.00 ,             5794.65
CE_F129,          12, Substitute OPC with LC3 cement     , -80000000.00  ,             7726.2
CE_F129,          13, Increasing fly ash to 35% in PPC   , -70000000.00  ,            19315.49
CE_F129,          14, Renewable energy use in electricity, 180000000.00  ,            15452.39
CE_F129,          15, Increasing TSR to 30% in kiln fuel , 420000000.00  ,            34767.88
CE_F129,          16, CCS                                , 900000000.00  ,           115892.94
CE_F129,          17, Decreasing clinker to 85% in OPC   , 1200000000.00 ,             9657.74
CE_F129,          18, CCU                                , 1860000000.00 ,           115892.94
CE_F129,          19, Offset                             , 1880000000.00 ,            23178.59
CE_F130,           1, Efficient electrical equipment     , -430000000.00 ,             3790.89
CE_F130,           2, Waste heat recovery                , -420000000.00 ,            15163.56
CE_F130,           3, Automation system                  , -410000000.00 ,             7581.78
CE_F130,           4, Efficient grinding system          , -360000000.00 ,             9477.23
CE_F130,           5, Optimising auxiliary power         , -340000000.00 ,             1895.45
CE_F130,           6, Increasing slag to 70% in PSC      , -300000000.00 ,             9477.23
CE_F130,           7, Enhancement in Kiln                , -280000000.00 ,             5686.34
CE_F130,           8, Heat rate reduction in CPP         , -260000000.00 ,             3790.89
CE_F130,           9, Improving burnability of material  , -130000000.00 ,            13268.12
CE_F130,          10, Burner retrofit                    , -120000000.00 ,             1895.45
CE_F130,          11, High efficiency clinker coolers    , -100000000.00 ,             5686.34
CE_F130,          12, Substitute OPC with LC3 cement     , -80000000.00  ,             7581.78
CE_F130,          13, Increasing fly ash to 35% in PPC   , -70000000.00  ,            18954.45
CE_F130,          14, Renewable energy use in electricity, 180000000.00  ,            15163.56
CE_F130,          15, Increasing TSR to 30% in kiln fuel , 420000000.00  ,            34118.01
CE_F130,          16, CCS                                , 900000000.00  ,           113726.71
CE_F130,          17, Decreasing clinker to 85% in OPC   , 1200000000.00 ,             9477.23
CE_F130,          18, CCU                                , 1860000000.00 ,           113726.71
CE_F130,          19, Offset                             , 1880000000.00 ,            22745.34
CE_F131,           1, Efficient electrical equipment     , -430000000.00 ,             9242.89
CE_F131,           2, Waste heat recovery                , -420000000.00 ,            36971.56
CE_F131,           3, Automation system                  , -410000000.00 ,            18485.78
CE_F131,           4, Efficient grinding system          , -360000000.00 ,            23107.23
CE_F131,           5, Optimising auxiliary power         , -340000000.00 ,             4621.45
CE_F131,           6, Increasing slag to 70% in PSC      , -300000000.00 ,            23107.23
CE_F131,           7, Enhancement in Kiln                , -280000000.00 ,            13864.34
CE_F131,           8, Heat rate reduction in CPP         , -260000000.00 ,             9242.89
CE_F131,           9, Improving burnability of material  , -130000000.00 ,            32350.12
CE_F131,          10, Burner retrofit                    , -120000000.00 ,             4621.45
CE_F131,          11, High efficiency clinker coolers    , -100000000.00 ,            13864.34
CE_F131,          12, Substitute OPC with LC3 cement     , -80000000.00  ,            18485.78
CE_F131,          13, Increasing fly ash to 35% in PPC   , -70000000.00  ,            46214.45
CE_F131,          14, Renewable energy use in electricity, 180000000.00  ,            36971.56
CE_F131,          15, Increasing TSR to 30% in kiln fuel , 420000000.00  ,            83186.01
CE_F131,          16, CCS                                , 900000000.00  ,           277286.71
CE_F131,          17, Decreasing clinker to 85% in OPC   , 1200000000.00 ,            23107.23
CE_F131,          18, CCU                                , 1860000000.00 ,           277286.71
CE_F131,          19, Offset                             , 1880000000.00 ,            55457.34
CE_F132,           1, Efficient electrical equipment     , -430000000.00 ,             8533.63
CE_F132,           2, Waste heat recovery                , -420000000.00 ,            34134.5
CE_F132,           3, Automation system                  , -410000000.00 ,            17067.25
CE_F132,           4, Efficient grinding system          , -360000000.00 ,            21334.07
CE_F132,           5, Optimising auxiliary power         , -340000000.00 ,             4266.81
CE_F132,           6, Increasing slag to 70% in PSC      , -300000000.00 ,            21334.07
CE_F132,           7, Enhancement in Kiln                , -280000000.00 ,            12800.44
CE_F132,           8, Heat rate reduction in CPP         , -260000000.00 ,             8533.63
CE_F132,           9, Improving burnability of material  , -130000000.00 ,            29867.69
CE_F132,          10, Burner retrofit                    , -120000000.00 ,             4266.81
CE_F132,          11, High efficiency clinker coolers    , -100000000.00 ,            12800.44
CE_F132,          12, Substitute OPC with LC3 cement     , -80000000.00  ,            17067.25
CE_F132,          13, Increasing fly ash to 35% in PPC   , -70000000.00  ,            42668.13
CE_F132,          14, Renewable energy use in electricity, 180000000.00  ,            34134.5
CE_F132,          15, Increasing TSR to 30% in kiln fuel , 420000000.00  ,            76802.64
CE_F132,          16, CCS                                , 900000000.00  ,           256008.78
CE_F132,          17, Decreasing clinker to 85% in OPC   , 1200000000.00 ,            21334.07
CE_F132,          18, CCU                                , 1860000000.00 ,           256008.78
CE_F132,          19, Offset                             , 1880000000.00 ,            51201.76
CE_F133,           1, Efficient electrical equipment     , -430000000.00 ,             7301.21
CE_F133,           2, Waste heat recovery                , -420000000.00 ,            29204.84
CE_F133,           3, Automation system                  , -410000000.00 ,            14602.42
CE_F133,           4, Efficient grinding system          , -360000000.00 ,            18253.03
CE_F133,           5, Optimising auxiliary power         , -340000000.00 ,             3650.61
CE_F133,           6, Increasing slag to 70% in PSC      , -300000000.00 ,            18253.03
CE_F133,           7, Enhancement in Kiln                , -280000000.00 ,            10951.82
CE_F133,           8, Heat rate reduction in CPP         , -260000000.00 ,             7301.21
CE_F133,           9, Improving burnability of material  , -130000000.00 ,            25554.24
CE_F133,          10, Burner retrofit                    , -120000000.00 ,             3650.61
CE_F133,          11, High efficiency clinker coolers    , -100000000.00 ,            10951.82
CE_F133,          12, Substitute OPC with LC3 cement     , -80000000.00  ,            14602.42
CE_F133,          13, Increasing fly ash to 35% in PPC   , -70000000.00  ,            36506.05
CE_F133,          14, Renewable energy use in electricity, 180000000.00  ,            29204.84
CE_F133,          15, Increasing TSR to 30% in kiln fuel , 420000000.00  ,            65710.9
CE_F133,          16, CCS                                , 900000000.00  ,           219036.32
CE_F133,          17, Decreasing clinker to 85% in OPC   , 1200000000.00 ,            18253.03
CE_F133,          18, CCU                                , 1860000000.00 ,           219036.32
CE_F133,          19, Offset                             , 1880000000.00 ,            43807.26
CE_F134,           1, Efficient electrical equipment     , -430000000.00 ,             8315.34
CE_F134,           2, Waste heat recovery                , -420000000.00 ,            33261.36
CE_F134,           3, Automation system                  , -410000000.00 ,            16630.68
CE_F134,           4, Efficient grinding system          , -360000000.00 ,            20788.35
CE_F134,           5, Optimising auxiliary power         , -340000000.00 ,             4157.67
CE_F134,           6, Increasing slag to 70% in PSC      , -300000000.00 ,            20788.35
CE_F134,           7, Enhancement in Kiln                , -280000000.00 ,            12473.01
CE_F134,           8, Heat rate reduction in CPP         , -260000000.00 ,             8315.34
CE_F134,           9, Improving burnability of material  , -130000000.00 ,            29103.69
CE_F134,          10, Burner retrofit                    , -120000000.00 ,             4157.67
CE_F134,          11, High efficiency clinker coolers    , -100000000.00 ,            12473.01
CE_F134,          12, Substitute OPC with LC3 cement     , -80000000.00  ,            16630.68
CE_F134,          13, Increasing fly ash to 35% in PPC   , -70000000.00  ,            41576.71
CE_F134,          14, Renewable energy use in electricity, 180000000.00  ,            33261.36
CE_F134,          15, Increasing TSR to 30% in kiln fuel , 420000000.00  ,            74838.07
CE_F134,          16, CCS                                , 900000000.00  ,           249460.24
CE_F134,          17, Decreasing clinker to 85% in OPC   , 1200000000.00 ,            20788.35
CE_F134,          18, CCU                                , 1860000000.00 ,           249460.24
CE_F134,          19, Offset                             , 1880000000.00 ,            49892.05
CE_F135,           1, Efficient electrical equipment     , -430000000.00 ,            16542.81
CE_F135,           2, Waste heat recovery                , -420000000.00 ,            66171.25
CE_F135,           3, Automation system                  , -410000000.00 ,            33085.63
CE_F135,           4, Efficient grinding system          , -360000000.00 ,            41357.03
CE_F135,           5, Optimising auxiliary power         , -340000000.00 ,             8271.41
CE_F135,           6, Increasing slag to 70% in PSC      , -300000000.00 ,            41357.03
CE_F135,           7, Enhancement in Kiln                , -280000000.00 ,            24814.22
CE_F135,           8, Heat rate reduction in CPP         , -260000000.00 ,            16542.81
CE_F135,           9, Improving burnability of material  , -130000000.00 ,            57899.85
CE_F135,          10, Burner retrofit                    , -120000000.00 ,             8271.41
CE_F135,          11, High efficiency clinker coolers    , -100000000.00 ,            24814.22
CE_F135,          12, Substitute OPC with LC3 cement     , -80000000.00  ,            33085.63
CE_F135,          13, Increasing fly ash to 35% in PPC   , -70000000.00  ,            82714.07
CE_F135,          14, Renewable energy use in electricity, 180000000.00  ,            66171.25
CE_F135,          15, Increasing TSR to 30% in kiln fuel , 420000000.00  ,           148885.32
CE_F135,          16, CCS                                , 900000000.00  ,           496284.39
CE_F135,          17, Decreasing clinker to 85% in OPC   , 1200000000.00 ,            41357.03
CE_F135,          18, CCU                                , 1860000000.00 ,           496284.39
CE_F135,          19, Offset                             , 1880000000.00 ,            99256.88
CE_F136,           1, Efficient electrical equipment     , -430000000.00 ,            11453.12
CE_F136,           2, Waste heat recovery                , -420000000.00 ,            45812.46
CE_F136,           3, Automation system                  , -410000000.00 ,            22906.23
CE_F136,           4, Efficient grinding system          , -360000000.00 ,            28632.79
CE_F136,           5, Optimising auxiliary power         , -340000000.00 ,             5726.56
CE_F136,           6, Increasing slag to 70% in PSC      , -300000000.00 ,            28632.79
CE_F136,           7, Enhancement in Kiln                , -280000000.00 ,            17179.67
CE_F136,           8, Heat rate reduction in CPP         , -260000000.00 ,            11453.12
CE_F136,           9, Improving burnability of material  , -130000000.00 ,            40085.91
CE_F136,          10, Burner retrofit                    , -120000000.00 ,             5726.56
CE_F136,          11, High efficiency clinker coolers    , -100000000.00 ,            17179.67
CE_F136,          12, Substitute OPC with LC3 cement     , -80000000.00  ,            22906.23
CE_F136,          13, Increasing fly ash to 35% in PPC   , -70000000.00  ,            57265.58
CE_F136,          14, Renewable energy use in electricity, 180000000.00  ,            45812.46
CE_F136,          15, Increasing TSR to 30% in kiln fuel , 420000000.00  ,           103078.04
CE_F136,          16, CCS                                , 900000000.00  ,           343593.47
CE_F136,          17, Decreasing clinker to 85% in OPC   , 1200000000.00 ,            28632.79
CE_F136,          18, CCU                                , 1860000000.00 ,           343593.47
CE_F136,          19, Offset                             , 1880000000.00 ,            68718.69
CE_F137,           1, Efficient electrical equipment     , -430000000.00 ,            17417.41
CE_F137,           2, Waste heat recovery                , -420000000.00 ,            69669.63
CE_F137,           3, Automation system                  , -410000000.00 ,            34834.81
CE_F137,           4, Efficient grinding system          , -360000000.00 ,            43543.52
CE_F137,           5, Optimising auxiliary power         , -340000000.00 ,             8708.7
CE_F137,           6, Increasing slag to 70% in PSC      , -300000000.00 ,            43543.52
CE_F137,           7, Enhancement in Kiln                , -280000000.00 ,            26126.11
CE_F137,           8, Heat rate reduction in CPP         , -260000000.00 ,            17417.41
CE_F137,           9, Improving burnability of material  , -130000000.00 ,            60960.92
CE_F137,          10, Burner retrofit                    , -120000000.00 ,             8708.7
CE_F137,          11, High efficiency clinker coolers    , -100000000.00 ,            26126.11
CE_F137,          12, Substitute OPC with LC3 cement     , -80000000.00  ,            34834.81
CE_F137,          13, Increasing fly ash to 35% in PPC   , -70000000.00  ,            87087.03
CE_F137,          14, Renewable energy use in electricity, 180000000.00  ,            69669.63
CE_F137,          15, Increasing TSR to 30% in kiln fuel , 420000000.00  ,           156756.66
CE_F137,          16, CCS                                , 900000000.00  ,           522522.2
CE_F137,          17, Decreasing clinker to 85% in OPC   , 1200000000.00 ,            43543.52
CE_F137,          18, CCU                                , 1860000000.00 ,           522522.2
CE_F137,          19, Offset                             , 1880000000.00 ,           104504.44
CE_F138,           1, Efficient electrical equipment     , -430000000.00 ,            12979.41
CE_F138,           2, Waste heat recovery                , -420000000.00 ,            51917.65
CE_F138,           3, Automation system                  , -410000000.00 ,            25958.82
CE_F138,           4, Efficient grinding system          , -360000000.00 ,            32448.53
CE_F138,           5, Optimising auxiliary power         , -340000000.00 ,             6489.71
CE_F138,           6, Increasing slag to 70% in PSC      , -300000000.00 ,            32448.53
CE_F138,           7, Enhancement in Kiln                , -280000000.00 ,            19469.12
CE_F138,           8, Heat rate reduction in CPP         , -260000000.00 ,            12979.41
CE_F138,           9, Improving burnability of material  , -130000000.00 ,            45427.94
CE_F138,          10, Burner retrofit                    , -120000000.00 ,             6489.71
CE_F138,          11, High efficiency clinker coolers    , -100000000.00 ,            19469.12
CE_F138,          12, Substitute OPC with LC3 cement     , -80000000.00  ,            25958.82
CE_F138,          13, Increasing fly ash to 35% in PPC   , -70000000.00  ,            64897.06
CE_F138,          14, Renewable energy use in electricity, 180000000.00  ,            51917.65
CE_F138,          15, Increasing TSR to 30% in kiln fuel , 420000000.00  ,           116814.71
CE_F138,          16, CCS                                , 900000000.00  ,           389382.37
CE_F138,          17, Decreasing clinker to 85% in OPC   , 1200000000.00 ,            32448.53
CE_F138,          18, CCU                                , 1860000000.00 ,           389382.37
CE_F138,          19, Offset                             , 1880000000.00 ,            77876.47
CE_F139,           1, Efficient electrical equipment     , -430000000.00 ,            16064.93
CE_F139,           2, Waste heat recovery                , -420000000.00 ,            64259.73
CE_F139,           3, Automation system                  , -410000000.00 ,            32129.86
CE_F139,           4, Efficient grinding system          , -360000000.00 ,            40162.33
CE_F139,           5, Optimising auxiliary power         , -340000000.00 ,             8032.47
CE_F139,           6, Increasing slag to 70% in PSC      , -300000000.00 ,            40162.33
CE_F139,           7, Enhancement in Kiln                , -280000000.00 ,            24097.4
CE_F139,           8, Heat rate reduction in CPP         , -260000000.00 ,            16064.93
CE_F139,           9, Improving burnability of material  , -130000000.00 ,            56227.26
CE_F139,          10, Burner retrofit                    , -120000000.00 ,             8032.47
CE_F139,          11, High efficiency clinker coolers    , -100000000.00 ,            24097.4
CE_F139,          12, Substitute OPC with LC3 cement     , -80000000.00  ,            32129.86
CE_F139,          13, Increasing fly ash to 35% in PPC   , -70000000.00  ,            80324.66
CE_F139,          14, Renewable energy use in electricity, 180000000.00  ,            64259.73
CE_F139,          15, Increasing TSR to 30% in kiln fuel , 420000000.00  ,           144584.39
CE_F139,          16, CCS                                , 900000000.00  ,           481947.95
CE_F139,          17, Decreasing clinker to 85% in OPC   , 1200000000.00 ,            40162.33
CE_F139,          18, CCU                                , 1860000000.00 ,           481947.95
CE_F139,          19, Offset                             , 1880000000.00 ,            96389.59
CE_F140,           1, Efficient electrical equipment     , -430000000.00 ,             9653.29
CE_F140,           2, Waste heat recovery                , -420000000.00 ,            38613.18
CE_F140,           3, Automation system                  , -410000000.00 ,            19306.59
CE_F140,           4, Efficient grinding system          , -360000000.00 ,            24133.23
CE_F140,           5, Optimising auxiliary power         , -340000000.00 ,             4826.65
CE_F140,           6, Increasing slag to 70% in PSC      , -300000000.00 ,            24133.23
CE_F140,           7, Enhancement in Kiln                , -280000000.00 ,            14479.94
CE_F140,           8, Heat rate reduction in CPP         , -260000000.00 ,             9653.29
CE_F140,           9, Improving burnability of material  , -130000000.00 ,            33786.53
CE_F140,          10, Burner retrofit                    , -120000000.00 ,             4826.65
CE_F140,          11, High efficiency clinker coolers    , -100000000.00 ,            14479.94
CE_F140,          12, Substitute OPC with LC3 cement     , -80000000.00  ,            19306.59
CE_F140,          13, Increasing fly ash to 35% in PPC   , -70000000.00  ,            48266.47
CE_F140,          14, Renewable energy use in electricity, 180000000.00  ,            38613.18
CE_F140,          15, Increasing TSR to 30% in kiln fuel , 420000000.00  ,            86879.64
CE_F140,          16, CCS                                , 900000000.00  ,           289598.81
CE_F140,          17, Decreasing clinker to 85% in OPC   , 1200000000.00 ,            24133.23
CE_F140,          18, CCU                                , 1860000000.00 ,           289598.81
CE_F140,          19, Offset                             , 1880000000.00 ,            57919.76
CE_F141,           1, Efficient electrical equipment     , -430000000.00 ,             9860.74
CE_F141,           2, Waste heat recovery                , -420000000.00 ,            39442.97
CE_F141,           3, Automation system                  , -410000000.00 ,            19721.48
CE_F141,           4, Efficient grinding system          , -360000000.00 ,            24651.85
CE_F141,           5, Optimising auxiliary power         , -340000000.00 ,             4930.37
CE_F141,           6, Increasing slag to 70% in PSC      , -300000000.00 ,            24651.85
CE_F141,           7, Enhancement in Kiln                , -280000000.00 ,            14791.11
CE_F141,           8, Heat rate reduction in CPP         , -260000000.00 ,             9860.74
CE_F141,           9, Improving burnability of material  , -130000000.00 ,            34512.6
CE_F141,          10, Burner retrofit                    , -120000000.00 ,             4930.37
CE_F141,          11, High efficiency clinker coolers    , -100000000.00 ,            14791.11
CE_F141,          12, Substitute OPC with LC3 cement     , -80000000.00  ,            19721.48
CE_F141,          13, Increasing fly ash to 35% in PPC   , -70000000.00  ,            49303.71
CE_F141,          14, Renewable energy use in electricity, 180000000.00  ,            39442.97
CE_F141,          15, Increasing TSR to 30% in kiln fuel , 420000000.00  ,            88746.68
CE_F141,          16, CCS                                , 900000000.00  ,           295822.26
CE_F141,          17, Decreasing clinker to 85% in OPC   , 1200000000.00 ,            24651.85
CE_F141,          18, CCU                                , 1860000000.00 ,           295822.26
CE_F141,          19, Offset                             , 1880000000.00 ,            59164.45
CE_F142,           1, Efficient electrical equipment     , -430000000.00 ,            17322.85
CE_F142,           2, Waste heat recovery                , -420000000.00 ,            69291.39
CE_F142,           3, Automation system                  , -410000000.00 ,            34645.7
CE_F142,           4, Efficient grinding system          , -360000000.00 ,            43307.12
CE_F142,           5, Optimising auxiliary power         , -340000000.00 ,             8661.42
CE_F142,           6, Increasing slag to 70% in PSC      , -300000000.00 ,            43307.12
CE_F142,           7, Enhancement in Kiln                , -280000000.00 ,            25984.27
CE_F142,           8, Heat rate reduction in CPP         , -260000000.00 ,            17322.85
CE_F142,           9, Improving burnability of material  , -130000000.00 ,            60629.97
CE_F142,          10, Burner retrofit                    , -120000000.00 ,             8661.42
CE_F142,          11, High efficiency clinker coolers    , -100000000.00 ,            25984.27
CE_F142,          12, Substitute OPC with LC3 cement     , -80000000.00  ,            34645.7
CE_F142,          13, Increasing fly ash to 35% in PPC   , -70000000.00  ,            86614.24
CE_F142,          14, Renewable energy use in electricity, 180000000.00  ,            69291.39
CE_F142,          15, Increasing TSR to 30% in kiln fuel , 420000000.00  ,           155905.64
CE_F142,          16, CCS                                , 900000000.00  ,           519685.46
CE_F142,          17, Decreasing clinker to 85% in OPC   , 1200000000.00 ,            43307.12
CE_F142,          18, CCU                                , 1860000000.00 ,           519685.46
CE_F142,          19, Offset                             , 1880000000.00 ,           103937.09
CE_F143,           1, Efficient electrical equipment     , -430000000.00 ,            18860.88
CE_F143,           2, Waste heat recovery                , -420000000.00 ,            75443.54
CE_F143,           3, Automation system                  , -410000000.00 ,            37721.77
CE_F143,           4, Efficient grinding system          , -360000000.00 ,            47152.21
CE_F143,           5, Optimising auxiliary power         , -340000000.00 ,             9430.44
CE_F143,           6, Increasing slag to 70% in PSC      , -300000000.00 ,            47152.21
CE_F143,           7, Enhancement in Kiln                , -280000000.00 ,            28291.33
CE_F143,           8, Heat rate reduction in CPP         , -260000000.00 ,            18860.88
CE_F143,           9, Improving burnability of material  , -130000000.00 ,            66013.09
CE_F143,          10, Burner retrofit                    , -120000000.00 ,             9430.44
CE_F143,          11, High efficiency clinker coolers    , -100000000.00 ,            28291.33
CE_F143,          12, Substitute OPC with LC3 cement     , -80000000.00  ,            37721.77
CE_F143,          13, Increasing fly ash to 35% in PPC   , -70000000.00  ,            94304.42
CE_F143,          14, Renewable energy use in electricity, 180000000.00  ,            75443.54
CE_F143,          15, Increasing TSR to 30% in kiln fuel , 420000000.00  ,           169747.96
CE_F143,          16, CCS                                , 900000000.00  ,           565826.53
CE_F143,          17, Decreasing clinker to 85% in OPC   , 1200000000.00 ,            47152.21
CE_F143,          18, CCU                                , 1860000000.00 ,           565826.53
CE_F143,          19, Offset                             , 1880000000.00 ,           113165.31
CE_F144,           1, Efficient electrical equipment     , -430000000.00 ,            12264.8
CE_F144,           2, Waste heat recovery                , -420000000.00 ,            49059.2
CE_F144,           3, Automation system                  , -410000000.00 ,            24529.6
CE_F144,           4, Efficient grinding system          , -360000000.00 ,            30662
CE_F144,           5, Optimising auxiliary power         , -340000000.00 ,             6132.4
CE_F144,           6, Increasing slag to 70% in PSC      , -300000000.00 ,            30662
CE_F144,           7, Enhancement in Kiln                , -280000000.00 ,            18397.2
CE_F144,           8, Heat rate reduction in CPP         , -260000000.00 ,            12264.8
CE_F144,           9, Improving burnability of material  , -130000000.00 ,            42926.8
CE_F144,          10, Burner retrofit                    , -120000000.00 ,             6132.4
CE_F144,          11, High efficiency clinker coolers    , -100000000.00 ,            18397.2
CE_F144,          12, Substitute OPC with LC3 cement     , -80000000.00  ,            24529.6
CE_F144,          13, Increasing fly ash to 35% in PPC   , -70000000.00  ,            61324.01
CE_F144,          14, Renewable energy use in electricity, 180000000.00  ,            49059.2
CE_F144,          15, Increasing TSR to 30% in kiln fuel , 420000000.00  ,           110383.21
CE_F144,          16, CCS                                , 900000000.00  ,           367944.04
CE_F144,          17, Decreasing clinker to 85% in OPC   , 1200000000.00 ,            30662
CE_F144,          18, CCU                                , 1860000000.00 ,           367944.04
CE_F144,          19, Offset                             , 1880000000.00 ,            73588.81
CE_F145,           1, Efficient electrical equipment     , -430000000.00 ,             9122.74
CE_F145,           2, Waste heat recovery                , -420000000.00 ,            36490.97
CE_F145,           3, Automation system                  , -410000000.00 ,            18245.48
CE_F145,           4, Efficient grinding system          , -360000000.00 ,            22806.85
CE_F145,           5, Optimising auxiliary power         , -340000000.00 ,             4561.37
CE_F145,           6, Increasing slag to 70% in PSC      , -300000000.00 ,            22806.85
CE_F145,           7, Enhancement in Kiln                , -280000000.00 ,            13684.11
CE_F145,           8, Heat rate reduction in CPP         , -260000000.00 ,             9122.74
CE_F145,           9, Improving burnability of material  , -130000000.00 ,            31929.6
CE_F145,          10, Burner retrofit                    , -120000000.00 ,             4561.37
CE_F145,          11, High efficiency clinker coolers    , -100000000.00 ,            13684.11
CE_F145,          12, Substitute OPC with LC3 cement     , -80000000.00  ,            18245.48
CE_F145,          13, Increasing fly ash to 35% in PPC   , -70000000.00  ,            45613.71
CE_F145,          14, Renewable energy use in electricity, 180000000.00  ,            36490.97
CE_F145,          15, Increasing TSR to 30% in kiln fuel , 420000000.00  ,            82104.68
CE_F145,          16, CCS                                , 900000000.00  ,           273682.26
CE_F145,          17, Decreasing clinker to 85% in OPC   , 1200000000.00 ,            22806.85
CE_F145,          18, CCU                                , 1860000000.00 ,           273682.26
CE_F145,          19, Offset                             , 1880000000.00 ,            54736.45
CE_F146,           1, Efficient electrical equipment     , -430000000.00 ,            11989.85
CE_F146,           2, Waste heat recovery                , -420000000.00 ,            47959.41
CE_F146,           3, Automation system                  , -410000000.00 ,            23979.7
CE_F146,           4, Efficient grinding system          , -360000000.00 ,            29974.63
CE_F146,           5, Optimising auxiliary power         , -340000000.00 ,             5994.93
CE_F146,           6, Increasing slag to 70% in PSC      , -300000000.00 ,            29974.63
CE_F146,           7, Enhancement in Kiln                , -280000000.00 ,            17984.78
CE_F146,           8, Heat rate reduction in CPP         , -260000000.00 ,            11989.85
CE_F146,           9, Improving burnability of material  , -130000000.00 ,            41964.48
CE_F146,          10, Burner retrofit                    , -120000000.00 ,             5994.93
CE_F146,          11, High efficiency clinker coolers    , -100000000.00 ,            17984.78
CE_F146,          12, Substitute OPC with LC3 cement     , -80000000.00  ,            23979.7
CE_F146,          13, Increasing fly ash to 35% in PPC   , -70000000.00  ,            59949.26
CE_F146,          14, Renewable energy use in electricity, 180000000.00  ,            47959.41
CE_F146,          15, Increasing TSR to 30% in kiln fuel , 420000000.00  ,           107908.66
CE_F146,          16, CCS                                , 900000000.00  ,           359695.55
CE_F146,          17, Decreasing clinker to 85% in OPC   , 1200000000.00 ,            29974.63
CE_F146,          18, CCU                                , 1860000000.00 ,           359695.55
CE_F146,          19, Offset                             , 1880000000.00 ,            71939.11
CE_F147,           1, Efficient electrical equipment     , -430000000.00 ,             8438
CE_F147,           2, Waste heat recovery                , -420000000.00 ,            33752
CE_F147,           3, Automation system                  , -410000000.00 ,            16876
CE_F147,           4, Efficient grinding system          , -360000000.00 ,            21095
CE_F147,           5, Optimising auxiliary power         , -340000000.00 ,             4219
CE_F147,           6, Increasing slag to 70% in PSC      , -300000000.00 ,            21095
CE_F147,           7, Enhancement in Kiln                , -280000000.00 ,            12657
CE_F147,           8, Heat rate reduction in CPP         , -260000000.00 ,             8438
CE_F147,           9, Improving burnability of material  , -130000000.00 ,            29533
CE_F147,          10, Burner retrofit                    , -120000000.00 ,             4219
CE_F147,          11, High efficiency clinker coolers    , -100000000.00 ,            12657
CE_F147,          12, Substitute OPC with LC3 cement     , -80000000.00  ,            16876
CE_F147,          13, Increasing fly ash to 35% in PPC   , -70000000.00  ,            42190
CE_F147,          14, Renewable energy use in electricity, 180000000.00  ,            33752
CE_F147,          15, Increasing TSR to 30% in kiln fuel , 420000000.00  ,            75942
CE_F147,          16, CCS                                , 900000000.00  ,           253140
CE_F147,          17, Decreasing clinker to 85% in OPC   , 1200000000.00 ,            21095
CE_F147,          18, CCU                                , 1860000000.00 ,           253140
CE_F147,          19, Offset                             , 1880000000.00 ,            50628
CE_F148,           1, Efficient electrical equipment     , -430000000.00 ,            19896.91
CE_F148,           2, Waste heat recovery                , -420000000.00 ,            79587.66
CE_F148,           3, Automation system                  , -410000000.00 ,            39793.83
CE_F148,           4, Efficient grinding system          , -360000000.00 ,            49742.28
CE_F148,           5, Optimising auxiliary power         , -340000000.00 ,             9948.46
CE_F148,           6, Increasing slag to 70% in PSC      , -300000000.00 ,            49742.28
CE_F148,           7, Enhancement in Kiln                , -280000000.00 ,            29845.37
CE_F148,           8, Heat rate reduction in CPP         , -260000000.00 ,            19896.91
CE_F148,           9, Improving burnability of material  , -130000000.00 ,            69639.2
CE_F148,          10, Burner retrofit                    , -120000000.00 ,             9948.46
CE_F148,          11, High efficiency clinker coolers    , -100000000.00 ,            29845.37
CE_F148,          12, Substitute OPC with LC3 cement     , -80000000.00  ,            39793.83
CE_F148,          13, Increasing fly ash to 35% in PPC   , -70000000.00  ,            99484.57
CE_F148,          14, Renewable energy use in electricity, 180000000.00  ,            79587.66
CE_F148,          15, Increasing TSR to 30% in kiln fuel , 420000000.00  ,           179072.23
CE_F148,          16, CCS                                , 900000000.00  ,           596907.42
CE_F148,          17, Decreasing clinker to 85% in OPC   , 1200000000.00 ,            49742.28
CE_F148,          18, CCU                                , 1860000000.00 ,           596907.42
CE_F148,          19, Offset                             , 1880000000.00 ,           119381.48
CE_F149,           1, Efficient electrical equipment     , -430000000.00 ,            10083.32
CE_F149,           2, Waste heat recovery                , -420000000.00 ,            40333.27
CE_F149,           3, Automation system                  , -410000000.00 ,            20166.64
CE_F149,           4, Efficient grinding system          , -360000000.00 ,            25208.29
CE_F149,           5, Optimising auxiliary power         , -340000000.00 ,             5041.66
CE_F149,           6, Increasing slag to 70% in PSC      , -300000000.00 ,            25208.29
CE_F149,           7, Enhancement in Kiln                , -280000000.00 ,            15124.98
CE_F149,           8, Heat rate reduction in CPP         , -260000000.00 ,            10083.32
CE_F149,           9, Improving burnability of material  , -130000000.00 ,            35291.61
CE_F149,          10, Burner retrofit                    , -120000000.00 ,             5041.66
CE_F149,          11, High efficiency clinker coolers    , -100000000.00 ,            15124.98
CE_F149,          12, Substitute OPC with LC3 cement     , -80000000.00  ,            20166.64
CE_F149,          13, Increasing fly ash to 35% in PPC   , -70000000.00  ,            50416.59
CE_F149,          14, Renewable energy use in electricity, 180000000.00  ,            40333.27
CE_F149,          15, Increasing TSR to 30% in kiln fuel , 420000000.00  ,            90749.86
CE_F149,          16, CCS                                , 900000000.00  ,           302499.53
CE_F149,          17, Decreasing clinker to 85% in OPC   , 1200000000.00 ,            25208.29
CE_F149,          18, CCU                                , 1860000000.00 ,           302499.53
CE_F149,          19, Offset                             , 1880000000.00 ,            60499.91
CE_F150,           1, Efficient electrical equipment     , -430000000.00 ,            17933.96
CE_F150,           2, Waste heat recovery                , -420000000.00 ,            71735.83
CE_F150,           3, Automation system                  , -410000000.00 ,            35867.92
CE_F150,           4, Efficient grinding system          , -360000000.00 ,            44834.9
CE_F150,           5, Optimising auxiliary power         , -340000000.00 ,             8966.98
CE_F150,           6, Increasing slag to 70% in PSC      , -300000000.00 ,            44834.9
CE_F150,           7, Enhancement in Kiln                , -280000000.00 ,            26900.94
CE_F150,           8, Heat rate reduction in CPP         , -260000000.00 ,            17933.96
CE_F150,           9, Improving burnability of material  , -130000000.00 ,            62768.85
CE_F150,          10, Burner retrofit                    , -120000000.00 ,             8966.98
CE_F150,          11, High efficiency clinker coolers    , -100000000.00 ,            26900.94
CE_F150,          12, Substitute OPC with LC3 cement     , -80000000.00  ,            35867.92
CE_F150,          13, Increasing fly ash to 35% in PPC   , -70000000.00  ,            89669.79
CE_F150,          14, Renewable energy use in electricity, 180000000.00  ,            71735.83
CE_F150,          15, Increasing TSR to 30% in kiln fuel , 420000000.00  ,           161405.63
CE_F150,          16, CCS                                , 900000000.00  ,           538018.75
CE_F150,          17, Decreasing clinker to 85% in OPC   , 1200000000.00 ,            44834.9
CE_F150,          18, CCU                                , 1860000000.00 ,           538018.75
CE_F150,          19, Offset                             , 1880000000.00 ,           107603.75
CE_F151,           1, Efficient electrical equipment     , -430000000.00 ,             9117.64
CE_F151,           2, Waste heat recovery                , -420000000.00 ,            36470.58
CE_F151,           3, Automation system                  , -410000000.00 ,            18235.29
CE_F151,           4, Efficient grinding system          , -360000000.00 ,            22794.11
CE_F151,           5, Optimising auxiliary power         , -340000000.00 ,             4558.82
CE_F151,           6, Increasing slag to 70% in PSC      , -300000000.00 ,            22794.11
CE_F151,           7, Enhancement in Kiln                , -280000000.00 ,            13676.47
CE_F151,           8, Heat rate reduction in CPP         , -260000000.00 ,             9117.64
CE_F151,           9, Improving burnability of material  , -130000000.00 ,            31911.75
CE_F151,          10, Burner retrofit                    , -120000000.00 ,             4558.82
CE_F151,          11, High efficiency clinker coolers    , -100000000.00 ,            13676.47
CE_F151,          12, Substitute OPC with LC3 cement     , -80000000.00  ,            18235.29
CE_F151,          13, Increasing fly ash to 35% in PPC   , -70000000.00  ,            45588.22
CE_F151,          14, Renewable energy use in electricity, 180000000.00  ,            36470.58
CE_F151,          15, Increasing TSR to 30% in kiln fuel , 420000000.00  ,            82058.8
CE_F151,          16, CCS                                , 900000000.00  ,           273529.32
CE_F151,          17, Decreasing clinker to 85% in OPC   , 1200000000.00 ,            22794.11
CE_F151,          18, CCU                                , 1860000000.00 ,           273529.32
CE_F151,          19, Offset                             , 1880000000.00 ,            54705.86
CE_F152,           1, Efficient electrical equipment     , -430000000.00 ,            18232.54
CE_F152,           2, Waste heat recovery                , -420000000.00 ,            72930.16
CE_F152,           3, Automation system                  , -410000000.00 ,            36465.08
CE_F152,           4, Efficient grinding system          , -360000000.00 ,            45581.35
CE_F152,           5, Optimising auxiliary power         , -340000000.00 ,             9116.27
CE_F152,           6, Increasing slag to 70% in PSC      , -300000000.00 ,            45581.35
CE_F152,           7, Enhancement in Kiln                , -280000000.00 ,            27348.81
CE_F152,           8, Heat rate reduction in CPP         , -260000000.00 ,            18232.54
CE_F152,           9, Improving burnability of material  , -130000000.00 ,            63813.89
CE_F152,          10, Burner retrofit                    , -120000000.00 ,             9116.27
CE_F152,          11, High efficiency clinker coolers    , -100000000.00 ,            27348.81
CE_F152,          12, Substitute OPC with LC3 cement     , -80000000.00  ,            36465.08
CE_F152,          13, Increasing fly ash to 35% in PPC   , -70000000.00  ,            91162.7
CE_F152,          14, Renewable energy use in electricity, 180000000.00  ,            72930.16
CE_F152,          15, Increasing TSR to 30% in kiln fuel , 420000000.00  ,           164092.86
CE_F152,          16, CCS                                , 900000000.00  ,           546976.2
CE_F152,          17, Decreasing clinker to 85% in OPC   , 1200000000.00 ,            45581.35
CE_F152,          18, CCU                                , 1860000000.00 ,           546976.2
CE_F152,          19, Offset                             , 1880000000.00 ,           109395.24
CE_F153,           1, Efficient electrical equipment     , -430000000.00 ,            11898.51
CE_F153,           2, Waste heat recovery                , -420000000.00 ,            47594.04
CE_F153,           3, Automation system                  , -410000000.00 ,            23797.02
CE_F153,           4, Efficient grinding system          , -360000000.00 ,            29746.28
CE_F153,           5, Optimising auxiliary power         , -340000000.00 ,             5949.26
CE_F153,           6, Increasing slag to 70% in PSC      , -300000000.00 ,            29746.28
CE_F153,           7, Enhancement in Kiln                , -280000000.00 ,            17847.77
CE_F153,           8, Heat rate reduction in CPP         , -260000000.00 ,            11898.51
CE_F153,           9, Improving burnability of material  , -130000000.00 ,            41644.79
CE_F153,          10, Burner retrofit                    , -120000000.00 ,             5949.26
CE_F153,          11, High efficiency clinker coolers    , -100000000.00 ,            17847.77
CE_F153,          12, Substitute OPC with LC3 cement     , -80000000.00  ,            23797.02
CE_F153,          13, Increasing fly ash to 35% in PPC   , -70000000.00  ,            59492.55
CE_F153,          14, Renewable energy use in electricity, 180000000.00  ,            47594.04
CE_F153,          15, Increasing TSR to 30% in kiln fuel , 420000000.00  ,           107086.59
CE_F153,          16, CCS                                , 900000000.00  ,           356955.31
CE_F153,          17, Decreasing clinker to 85% in OPC   , 1200000000.00 ,            29746.28
CE_F153,          18, CCU                                , 1860000000.00 ,           356955.31
CE_F153,          19, Offset                             , 1880000000.00 ,            71391.06
CE_F154,           1, Efficient electrical equipment     , -430000000.00 ,            22825.47
CE_F154,           2, Waste heat recovery                , -420000000.00 ,            91301.86
CE_F154,           3, Automation system                  , -410000000.00 ,            45650.93
CE_F154,           4, Efficient grinding system          , -360000000.00 ,            57063.66
CE_F154,           5, Optimising auxiliary power         , -340000000.00 ,            11412.73
CE_F154,           6, Increasing slag to 70% in PSC      , -300000000.00 ,            57063.66
CE_F154,           7, Enhancement in Kiln                , -280000000.00 ,            34238.2
CE_F154,           8, Heat rate reduction in CPP         , -260000000.00 ,            22825.47
CE_F154,           9, Improving burnability of material  , -130000000.00 ,            79889.13
CE_F154,          10, Burner retrofit                    , -120000000.00 ,            11412.73
CE_F154,          11, High efficiency clinker coolers    , -100000000.00 ,            34238.2
CE_F154,          12, Substitute OPC with LC3 cement     , -80000000.00  ,            45650.93
CE_F154,          13, Increasing fly ash to 35% in PPC   , -70000000.00  ,           114127.33
CE_F154,          14, Renewable energy use in electricity, 180000000.00  ,            91301.86
CE_F154,          15, Increasing TSR to 30% in kiln fuel , 420000000.00  ,           205429.19
CE_F154,          16, CCS                                , 900000000.00  ,           684763.98
CE_F154,          17, Decreasing clinker to 85% in OPC   , 1200000000.00 ,            57063.66
CE_F154,          18, CCU                                , 1860000000.00 ,           684763.98
CE_F154,          19, Offset                             , 1880000000.00 ,           136952.8
CE_F155,           1, Efficient electrical equipment     , -430000000.00 ,            15660.59
CE_F155,           2, Waste heat recovery                , -420000000.00 ,            62642.35
CE_F155,           3, Automation system                  , -410000000.00 ,            31321.18
CE_F155,           4, Efficient grinding system          , -360000000.00 ,            39151.47
CE_F155,           5, Optimising auxiliary power         , -340000000.00 ,             7830.29
CE_F155,           6, Increasing slag to 70% in PSC      , -300000000.00 ,            39151.47
CE_F155,           7, Enhancement in Kiln                , -280000000.00 ,            23490.88
CE_F155,           8, Heat rate reduction in CPP         , -260000000.00 ,            15660.59
CE_F155,           9, Improving burnability of material  , -130000000.00 ,            54812.06
CE_F155,          10, Burner retrofit                    , -120000000.00 ,             7830.29
CE_F155,          11, High efficiency clinker coolers    , -100000000.00 ,            23490.88
CE_F155,          12, Substitute OPC with LC3 cement     , -80000000.00  ,            31321.18
CE_F155,          13, Increasing fly ash to 35% in PPC   , -70000000.00  ,            78302.94
CE_F155,          14, Renewable energy use in electricity, 180000000.00  ,            62642.35
CE_F155,          15, Increasing TSR to 30% in kiln fuel , 420000000.00  ,           140945.29
CE_F155,          16, CCS                                , 900000000.00  ,           469817.63
CE_F155,          17, Decreasing clinker to 85% in OPC   , 1200000000.00 ,            39151.47
CE_F155,          18, CCU                                , 1860000000.00 ,           469817.63
CE_F155,          19, Offset                             , 1880000000.00 ,            93963.53
CE_F156,           1, Efficient electrical equipment     , -430000000.00 ,             6627.74
CE_F156,           2, Waste heat recovery                , -420000000.00 ,            26510.96
CE_F156,           3, Automation system                  , -410000000.00 ,            13255.48
CE_F156,           4, Efficient grinding system          , -360000000.00 ,            16569.35
CE_F156,           5, Optimising auxiliary power         , -340000000.00 ,             3313.87
CE_F156,           6, Increasing slag to 70% in PSC      , -300000000.00 ,            16569.35
CE_F156,           7, Enhancement in Kiln                , -280000000.00 ,             9941.61
CE_F156,           8, Heat rate reduction in CPP         , -260000000.00 ,             6627.74
CE_F156,           9, Improving burnability of material  , -130000000.00 ,            23197.09
CE_F156,          10, Burner retrofit                    , -120000000.00 ,             3313.87
CE_F156,          11, High efficiency clinker coolers    , -100000000.00 ,             9941.61
CE_F156,          12, Substitute OPC with LC3 cement     , -80000000.00  ,            13255.48
CE_F156,          13, Increasing fly ash to 35% in PPC   , -70000000.00  ,            33138.69
CE_F156,          14, Renewable energy use in electricity, 180000000.00  ,            26510.96
CE_F156,          15, Increasing TSR to 30% in kiln fuel , 420000000.00  ,            59649.65
CE_F156,          16, CCS                                , 900000000.00  ,           198832.17
CE_F156,          17, Decreasing clinker to 85% in OPC   , 1200000000.00 ,            16569.35
CE_F156,          18, CCU                                , 1860000000.00 ,           198832.17
CE_F156,          19, Offset                             , 1880000000.00 ,            39766.43
CE_F157,           1, Efficient electrical equipment     , -430000000.00 ,            15780.57
CE_F157,           2, Waste heat recovery                , -420000000.00 ,            63122.28
CE_F157,           3, Automation system                  , -410000000.00 ,            31561.14
CE_F157,           4, Efficient grinding system          , -360000000.00 ,            39451.42
CE_F157,           5, Optimising auxiliary power         , -340000000.00 ,             7890.28
CE_F157,           6, Increasing slag to 70% in PSC      , -300000000.00 ,            39451.42
CE_F157,           7, Enhancement in Kiln                , -280000000.00 ,            23670.85
CE_F157,           8, Heat rate reduction in CPP         , -260000000.00 ,            15780.57
CE_F157,           9, Improving burnability of material  , -130000000.00 ,            55231.99
CE_F157,          10, Burner retrofit                    , -120000000.00 ,             7890.28
CE_F157,          11, High efficiency clinker coolers    , -100000000.00 ,            23670.85
CE_F157,          12, Substitute OPC with LC3 cement     , -80000000.00  ,            31561.14
CE_F157,          13, Increasing fly ash to 35% in PPC   , -70000000.00  ,            78902.85
CE_F157,          14, Renewable energy use in electricity, 180000000.00  ,            63122.28
CE_F157,          15, Increasing TSR to 30% in kiln fuel , 420000000.00  ,           142025.13
CE_F157,          16, CCS                                , 900000000.00  ,           473417.09
CE_F157,          17, Decreasing clinker to 85% in OPC   , 1200000000.00 ,            39451.42
CE_F157,          18, CCU                                , 1860000000.00 ,           473417.09
CE_F157,          19, Offset                             , 1880000000.00 ,            94683.42
CE_F158,           1, Efficient electrical equipment     , -430000000.00 ,             8552.02
CE_F158,           2, Waste heat recovery                , -420000000.00 ,            34208.09
CE_F158,           3, Automation system                  , -410000000.00 ,            17104.05
CE_F158,           4, Efficient grinding system          , -360000000.00 ,            21380.06
CE_F158,           5, Optimising auxiliary power         , -340000000.00 ,             4276.01
CE_F158,           6, Increasing slag to 70% in PSC      , -300000000.00 ,            21380.06
CE_F158,           7, Enhancement in Kiln                , -280000000.00 ,            12828.04
CE_F158,           8, Heat rate reduction in CPP         , -260000000.00 ,             8552.02
CE_F158,           9, Improving burnability of material  , -130000000.00 ,            29932.08
CE_F158,          10, Burner retrofit                    , -120000000.00 ,             4276.01
CE_F158,          11, High efficiency clinker coolers    , -100000000.00 ,            12828.04
CE_F158,          12, Substitute OPC with LC3 cement     , -80000000.00  ,            17104.05
CE_F158,          13, Increasing fly ash to 35% in PPC   , -70000000.00  ,            42760.12
CE_F158,          14, Renewable energy use in electricity, 180000000.00  ,            34208.09
CE_F158,          15, Increasing TSR to 30% in kiln fuel , 420000000.00  ,            76968.21
CE_F158,          16, CCS                                , 900000000.00  ,           256560.71
CE_F158,          17, Decreasing clinker to 85% in OPC   , 1200000000.00 ,            21380.06
CE_F158,          18, CCU                                , 1860000000.00 ,           256560.71
CE_F158,          19, Offset                             , 1880000000.00 ,            51312.14
CE_F159,           1, Efficient electrical equipment     , -430000000.00 ,             6285.46
CE_F159,           2, Waste heat recovery                , -420000000.00 ,            25141.84
CE_F159,           3, Automation system                  , -410000000.00 ,            12570.92
CE_F159,           4, Efficient grinding system          , -360000000.00 ,            15713.65
CE_F159,           5, Optimising auxiliary power         , -340000000.00 ,             3142.73
CE_F159,           6, Increasing slag to 70% in PSC      , -300000000.00 ,            15713.65
CE_F159,           7, Enhancement in Kiln                , -280000000.00 ,             9428.19
CE_F159,           8, Heat rate reduction in CPP         , -260000000.00 ,             6285.46
CE_F159,           9, Improving burnability of material  , -130000000.00 ,            21999.11
CE_F159,          10, Burner retrofit                    , -120000000.00 ,             3142.73
CE_F159,          11, High efficiency clinker coolers    , -100000000.00 ,             9428.19
CE_F159,          12, Substitute OPC with LC3 cement     , -80000000.00  ,            12570.92
CE_F159,          13, Increasing fly ash to 35% in PPC   , -70000000.00  ,            31427.3
CE_F159,          14, Renewable energy use in electricity, 180000000.00  ,            25141.84
CE_F159,          15, Increasing TSR to 30% in kiln fuel , 420000000.00  ,            56569.14
CE_F159,          16, CCS                                , 900000000.00  ,           188563.8
CE_F159,          17, Decreasing clinker to 85% in OPC   , 1200000000.00 ,            15713.65
CE_F159,          18, CCU                                , 1860000000.00 ,           188563.8
CE_F159,          19, Offset                             , 1880000000.00 ,            37712.76
CE_F160,           1, Efficient electrical equipment     , -430000000.00 ,             9710.97
CE_F160,           2, Waste heat recovery                , -420000000.00 ,            38843.87
CE_F160,           3, Automation system                  , -410000000.00 ,            19421.93
CE_F160,           4, Efficient grinding system          , -360000000.00 ,            24277.42
CE_F160,           5, Optimising auxiliary power         , -340000000.00 ,             4855.48
CE_F160,           6, Increasing slag to 70% in PSC      , -300000000.00 ,            24277.42
CE_F160,           7, Enhancement in Kiln                , -280000000.00 ,            14566.45
CE_F160,           8, Heat rate reduction in CPP         , -260000000.00 ,             9710.97
CE_F160,           9, Improving burnability of material  , -130000000.00 ,            33988.39
CE_F160,          10, Burner retrofit                    , -120000000.00 ,             4855.48
CE_F160,          11, High efficiency clinker coolers    , -100000000.00 ,            14566.45
CE_F160,          12, Substitute OPC with LC3 cement     , -80000000.00  ,            19421.93
CE_F160,          13, Increasing fly ash to 35% in PPC   , -70000000.00  ,            48554.84
CE_F160,          14, Renewable energy use in electricity, 180000000.00  ,            38843.87
CE_F160,          15, Increasing TSR to 30% in kiln fuel , 420000000.00  ,            87398.71
CE_F160,          16, CCS                                , 900000000.00  ,           291329.02
CE_F160,          17, Decreasing clinker to 85% in OPC   , 1200000000.00 ,            24277.42
CE_F160,          18, CCU                                , 1860000000.00 ,           291329.02
CE_F160,          19, Offset                             , 1880000000.00 ,            58265.8
CE_F161,           1, Efficient electrical equipment     , -430000000.00 ,             7562.96
CE_F161,           2, Waste heat recovery                , -420000000.00 ,            30251.85
CE_F161,           3, Automation system                  , -410000000.00 ,            15125.92
CE_F161,           4, Efficient grinding system          , -360000000.00 ,            18907.4
CE_F161,           5, Optimising auxiliary power         , -340000000.00 ,             3781.48
CE_F161,           6, Increasing slag to 70% in PSC      , -300000000.00 ,            18907.4
CE_F161,           7, Enhancement in Kiln                , -280000000.00 ,            11344.44
CE_F161,           8, Heat rate reduction in CPP         , -260000000.00 ,             7562.96
CE_F161,           9, Improving burnability of material  , -130000000.00 ,            26470.36
CE_F161,          10, Burner retrofit                    , -120000000.00 ,             3781.48
CE_F161,          11, High efficiency clinker coolers    , -100000000.00 ,            11344.44
CE_F161,          12, Substitute OPC with LC3 cement     , -80000000.00  ,            15125.92
CE_F161,          13, Increasing fly ash to 35% in PPC   , -70000000.00  ,            37814.81
CE_F161,          14, Renewable energy use in electricity, 180000000.00  ,            30251.85
CE_F161,          15, Increasing TSR to 30% in kiln fuel , 420000000.00  ,            68066.65
CE_F161,          16, CCS                                , 900000000.00  ,           226888.84
CE_F161,          17, Decreasing clinker to 85% in OPC   , 1200000000.00 ,            18907.4
CE_F161,          18, CCU                                , 1860000000.00 ,           226888.84
CE_F161,          19, Offset                             , 1880000000.00 ,            45377.77
CE_F162,           1, Efficient electrical equipment     , -430000000.00 ,            14228.61
CE_F162,           2, Waste heat recovery                , -420000000.00 ,            56914.45
CE_F162,           3, Automation system                  , -410000000.00 ,            28457.22
CE_F162,           4, Efficient grinding system          , -360000000.00 ,            35571.53
CE_F162,           5, Optimising auxiliary power         , -340000000.00 ,             7114.31
CE_F162,           6, Increasing slag to 70% in PSC      , -300000000.00 ,            35571.53
CE_F162,           7, Enhancement in Kiln                , -280000000.00 ,            21342.92
CE_F162,           8, Heat rate reduction in CPP         , -260000000.00 ,            14228.61
CE_F162,           9, Improving burnability of material  , -130000000.00 ,            49800.14
CE_F162,          10, Burner retrofit                    , -120000000.00 ,             7114.31
CE_F162,          11, High efficiency clinker coolers    , -100000000.00 ,            21342.92
CE_F162,          12, Substitute OPC with LC3 cement     , -80000000.00  ,            28457.22
CE_F162,          13, Increasing fly ash to 35% in PPC   , -70000000.00  ,            71143.06
CE_F162,          14, Renewable energy use in electricity, 180000000.00  ,            56914.45
CE_F162,          15, Increasing TSR to 30% in kiln fuel , 420000000.00  ,           128057.5
CE_F162,          16, CCS                                , 900000000.00  ,           426858.34
CE_F162,          17, Decreasing clinker to 85% in OPC   , 1200000000.00 ,            35571.53
CE_F162,          18, CCU                                , 1860000000.00 ,           426858.34
CE_F162,          19, Offset                             , 1880000000.00 ,            85371.67
CE_F163,           1, Efficient electrical equipment     , -430000000.00 ,            15317.13
CE_F163,           2, Waste heat recovery                , -420000000.00 ,            61268.53
CE_F163,           3, Automation system                  , -410000000.00 ,            30634.27
CE_F163,           4, Efficient grinding system          , -360000000.00 ,            38292.83
CE_F163,           5, Optimising auxiliary power         , -340000000.00 ,             7658.57
CE_F163,           6, Increasing slag to 70% in PSC      , -300000000.00 ,            38292.83
CE_F163,           7, Enhancement in Kiln                , -280000000.00 ,            22975.7
CE_F163,           8, Heat rate reduction in CPP         , -260000000.00 ,            15317.13
CE_F163,           9, Improving burnability of material  , -130000000.00 ,            53609.97
CE_F163,          10, Burner retrofit                    , -120000000.00 ,             7658.57
CE_F163,          11, High efficiency clinker coolers    , -100000000.00 ,            22975.7
CE_F163,          12, Substitute OPC with LC3 cement     , -80000000.00  ,            30634.27
CE_F163,          13, Increasing fly ash to 35% in PPC   , -70000000.00  ,            76585.67
CE_F163,          14, Renewable energy use in electricity, 180000000.00  ,            61268.53
CE_F163,          15, Increasing TSR to 30% in kiln fuel , 420000000.00  ,           137854.2
CE_F163,          16, CCS                                , 900000000.00  ,           459514.01
CE_F163,          17, Decreasing clinker to 85% in OPC   , 1200000000.00 ,            38292.83
CE_F163,          18, CCU                                , 1860000000.00 ,           459514.01
CE_F163,          19, Offset                             , 1880000000.00 ,            91902.8
CE_F164,           1, Efficient electrical equipment     , -430000000.00 ,            13908.77
CE_F164,           2, Waste heat recovery                , -420000000.00 ,            55635.06
CE_F164,           3, Automation system                  , -410000000.00 ,            27817.53
CE_F164,           4, Efficient grinding system          , -360000000.00 ,            34771.91
CE_F164,           5, Optimising auxiliary power         , -340000000.00 ,             6954.38
CE_F164,           6, Increasing slag to 70% in PSC      , -300000000.00 ,            34771.91
CE_F164,           7, Enhancement in Kiln                , -280000000.00 ,            20863.15
CE_F164,           8, Heat rate reduction in CPP         , -260000000.00 ,            13908.77
CE_F164,           9, Improving burnability of material  , -130000000.00 ,            48680.68
CE_F164,          10, Burner retrofit                    , -120000000.00 ,             6954.38
CE_F164,          11, High efficiency clinker coolers    , -100000000.00 ,            20863.15
CE_F164,          12, Substitute OPC with LC3 cement     , -80000000.00  ,            27817.53
CE_F164,          13, Increasing fly ash to 35% in PPC   , -70000000.00  ,            69543.83
CE_F164,          14, Renewable energy use in electricity, 180000000.00  ,            55635.06
CE_F164,          15, Increasing TSR to 30% in kiln fuel , 420000000.00  ,           125178.89
CE_F164,          16, CCS                                , 900000000.00  ,           417262.97
CE_F164,          17, Decreasing clinker to 85% in OPC   , 1200000000.00 ,            34771.91
CE_F164,          18, CCU                                , 1860000000.00 ,           417262.97
CE_F164,          19, Offset                             , 1880000000.00 ,            83452.59
CE_F165,           1, Efficient electrical equipment     , -430000000.00 ,            11323.85
CE_F165,           2, Waste heat recovery                , -420000000.00 ,            45295.41
CE_F165,           3, Automation system                  , -410000000.00 ,            22647.7
CE_F165,           4, Efficient grinding system          , -360000000.00 ,            28309.63
CE_F165,           5, Optimising auxiliary power         , -340000000.00 ,             5661.93
CE_F165,           6, Increasing slag to 70% in PSC      , -300000000.00 ,            28309.63
CE_F165,           7, Enhancement in Kiln                , -280000000.00 ,            16985.78
CE_F165,           8, Heat rate reduction in CPP         , -260000000.00 ,            11323.85
CE_F165,           9, Improving burnability of material  , -130000000.00 ,            39633.48
CE_F165,          10, Burner retrofit                    , -120000000.00 ,             5661.93
CE_F165,          11, High efficiency clinker coolers    , -100000000.00 ,            16985.78
CE_F165,          12, Substitute OPC with LC3 cement     , -80000000.00  ,            22647.7
CE_F165,          13, Increasing fly ash to 35% in PPC   , -70000000.00  ,            56619.26
CE_F165,          14, Renewable energy use in electricity, 180000000.00  ,            45295.41
CE_F165,          15, Increasing TSR to 30% in kiln fuel , 420000000.00  ,           101914.66
CE_F165,          16, CCS                                , 900000000.00  ,           339715.55
CE_F165,          17, Decreasing clinker to 85% in OPC   , 1200000000.00 ,            28309.63
CE_F165,          18, CCU                                , 1860000000.00 ,           339715.55
CE_F165,          19, Offset                             , 1880000000.00 ,            67943.11
CE_F166,           1, Efficient electrical equipment     , -430000000.00 ,            13644.82
CE_F166,           2, Waste heat recovery                , -420000000.00 ,            54579.28
CE_F166,           3, Automation system                  , -410000000.00 ,            27289.64
CE_F166,           4, Efficient grinding system          , -360000000.00 ,            34112.05
CE_F166,           5, Optimising auxiliary power         , -340000000.00 ,             6822.41
CE_F166,           6, Increasing slag to 70% in PSC      , -300000000.00 ,            34112.05
CE_F166,           7, Enhancement in Kiln                , -280000000.00 ,            20467.23
CE_F166,           8, Heat rate reduction in CPP         , -260000000.00 ,            13644.82
CE_F166,           9, Improving burnability of material  , -130000000.00 ,            47756.87
CE_F166,          10, Burner retrofit                    , -120000000.00 ,             6822.41
CE_F166,          11, High efficiency clinker coolers    , -100000000.00 ,            20467.23
CE_F166,          12, Substitute OPC with LC3 cement     , -80000000.00  ,            27289.64
CE_F166,          13, Increasing fly ash to 35% in PPC   , -70000000.00  ,            68224.09
CE_F166,          14, Renewable energy use in electricity, 180000000.00  ,            54579.28
CE_F166,          15, Increasing TSR to 30% in kiln fuel , 420000000.00  ,           122803.37
CE_F166,          16, CCS                                , 900000000.00  ,           409344.57
CE_F166,          17, Decreasing clinker to 85% in OPC   , 1200000000.00 ,            34112.05
CE_F166,          18, CCU                                , 1860000000.00 ,           409344.57
CE_F166,          19, Offset                             , 1880000000.00 ,            81868.91
CE_F167,           1, Efficient electrical equipment     , -430000000.00 ,             4901
CE_F167,           2, Waste heat recovery                , -420000000.00 ,            19603.99
CE_F167,           3, Automation system                  , -410000000.00 ,             9801.99
CE_F167,           4, Efficient grinding system          , -360000000.00 ,            12252.49
CE_F167,           5, Optimising auxiliary power         , -340000000.00 ,             2450.5
CE_F167,           6, Increasing slag to 70% in PSC      , -300000000.00 ,            12252.49
CE_F167,           7, Enhancement in Kiln                , -280000000.00 ,             7351.5
CE_F167,           8, Heat rate reduction in CPP         , -260000000.00 ,             4901
CE_F167,           9, Improving burnability of material  , -130000000.00 ,            17153.49
CE_F167,          10, Burner retrofit                    , -120000000.00 ,             2450.5
CE_F167,          11, High efficiency clinker coolers    , -100000000.00 ,             7351.5
CE_F167,          12, Substitute OPC with LC3 cement     , -80000000.00  ,             9801.99
CE_F167,          13, Increasing fly ash to 35% in PPC   , -70000000.00  ,            24504.99
CE_F167,          14, Renewable energy use in electricity, 180000000.00  ,            19603.99
CE_F167,          15, Increasing TSR to 30% in kiln fuel , 420000000.00  ,            44108.97
CE_F167,          16, CCS                                , 900000000.00  ,           147029.91
CE_F167,          17, Decreasing clinker to 85% in OPC   , 1200000000.00 ,            12252.49
CE_F167,          18, CCU                                , 1860000000.00 ,           147029.91
CE_F167,          19, Offset                             , 1880000000.00 ,            29405.98
CE_F168,           1, Efficient electrical equipment     , -430000000.00 ,             6938.44
CE_F168,           2, Waste heat recovery                , -420000000.00 ,            27753.76
CE_F168,           3, Automation system                  , -410000000.00 ,            13876.88
CE_F168,           4, Efficient grinding system          , -360000000.00 ,            17346.1
CE_F168,           5, Optimising auxiliary power         , -340000000.00 ,             3469.22
CE_F168,           6, Increasing slag to 70% in PSC      , -300000000.00 ,            17346.1
CE_F168,           7, Enhancement in Kiln                , -280000000.00 ,            10407.66
CE_F168,           8, Heat rate reduction in CPP         , -260000000.00 ,             6938.44
CE_F168,           9, Improving burnability of material  , -130000000.00 ,            24284.54
CE_F168,          10, Burner retrofit                    , -120000000.00 ,             3469.22
CE_F168,          11, High efficiency clinker coolers    , -100000000.00 ,            10407.66
CE_F168,          12, Substitute OPC with LC3 cement     , -80000000.00  ,            13876.88
CE_F168,          13, Increasing fly ash to 35% in PPC   , -70000000.00  ,            34692.2
CE_F168,          14, Renewable energy use in electricity, 180000000.00  ,            27753.76
CE_F168,          15, Increasing TSR to 30% in kiln fuel , 420000000.00  ,            62445.95
CE_F168,          16, CCS                                , 900000000.00  ,           208153.18
CE_F168,          17, Decreasing clinker to 85% in OPC   , 1200000000.00 ,            17346.1
CE_F168,          18, CCU                                , 1860000000.00 ,           208153.18
CE_F168,          19, Offset                             , 1880000000.00 ,            41630.64
CE_F169,           1, Efficient electrical equipment     , -430000000.00 ,             8980.44
CE_F169,           2, Waste heat recovery                , -420000000.00 ,            35921.76
CE_F169,           3, Automation system                  , -410000000.00 ,            17960.88
CE_F169,           4, Efficient grinding system          , -360000000.00 ,            22451.1
CE_F169,           5, Optimising auxiliary power         , -340000000.00 ,             4490.22
CE_F169,           6, Increasing slag to 70% in PSC      , -300000000.00 ,            22451.1
CE_F169,           7, Enhancement in Kiln                , -280000000.00 ,            13470.66
CE_F169,           8, Heat rate reduction in CPP         , -260000000.00 ,             8980.44
CE_F169,           9, Improving burnability of material  , -130000000.00 ,            31431.54
CE_F169,          10, Burner retrofit                    , -120000000.00 ,             4490.22
CE_F169,          11, High efficiency clinker coolers    , -100000000.00 ,            13470.66
CE_F169,          12, Substitute OPC with LC3 cement     , -80000000.00  ,            17960.88
CE_F169,          13, Increasing fly ash to 35% in PPC   , -70000000.00  ,            44902.2
CE_F169,          14, Renewable energy use in electricity, 180000000.00  ,            35921.76
CE_F169,          15, Increasing TSR to 30% in kiln fuel , 420000000.00  ,            80823.95
CE_F169,          16, CCS                                , 900000000.00  ,           269413.18
CE_F169,          17, Decreasing clinker to 85% in OPC   , 1200000000.00 ,            22451.1
CE_F169,          18, CCU                                , 1860000000.00 ,           269413.18
CE_F169,          19, Offset                             , 1880000000.00 ,            53882.64
CE_F170,           1, Efficient electrical equipment     , -430000000.00 ,             8990.39
CE_F170,           2, Waste heat recovery                , -420000000.00 ,            35961.57
CE_F170,           3, Automation system                  , -410000000.00 ,            17980.78
CE_F170,           4, Efficient grinding system          , -360000000.00 ,            22475.98
CE_F170,           5, Optimising auxiliary power         , -340000000.00 ,             4495.2
CE_F170,           6, Increasing slag to 70% in PSC      , -300000000.00 ,            22475.98
CE_F170,           7, Enhancement in Kiln                , -280000000.00 ,            13485.59
CE_F170,           8, Heat rate reduction in CPP         , -260000000.00 ,             8990.39
CE_F170,           9, Improving burnability of material  , -130000000.00 ,            31466.37
CE_F170,          10, Burner retrofit                    , -120000000.00 ,             4495.2
CE_F170,          11, High efficiency clinker coolers    , -100000000.00 ,            13485.59
CE_F170,          12, Substitute OPC with LC3 cement     , -80000000.00  ,            17980.78
CE_F170,          13, Increasing fly ash to 35% in PPC   , -70000000.00  ,            44951.96
CE_F170,          14, Renewable energy use in electricity, 180000000.00  ,            35961.57
CE_F170,          15, Increasing TSR to 30% in kiln fuel , 420000000.00  ,            80913.53
CE_F170,          16, CCS                                , 900000000.00  ,           269711.75
CE_F170,          17, Decreasing clinker to 85% in OPC   , 1200000000.00 ,            22475.98
CE_F170,          18, CCU                                , 1860000000.00 ,           269711.75
CE_F170,          19, Offset                             , 1880000000.00 ,            53942.35
CE_F171,           1, Efficient electrical equipment     , -430000000.00 ,            11002.45
CE_F171,           2, Waste heat recovery                , -420000000.00 ,            44009.8
CE_F171,           3, Automation system                  , -410000000.00 ,            22004.9
CE_F171,           4, Efficient grinding system          , -360000000.00 ,            27506.13
CE_F171,           5, Optimising auxiliary power         , -340000000.00 ,             5501.23
CE_F171,           6, Increasing slag to 70% in PSC      , -300000000.00 ,            27506.13
CE_F171,           7, Enhancement in Kiln                , -280000000.00 ,            16503.68
CE_F171,           8, Heat rate reduction in CPP         , -260000000.00 ,            11002.45
CE_F171,           9, Improving burnability of material  , -130000000.00 ,            38508.58
CE_F171,          10, Burner retrofit                    , -120000000.00 ,             5501.23
CE_F171,          11, High efficiency clinker coolers    , -100000000.00 ,            16503.68
CE_F171,          12, Substitute OPC with LC3 cement     , -80000000.00  ,            22004.9
CE_F171,          13, Increasing fly ash to 35% in PPC   , -70000000.00  ,            55012.26
CE_F171,          14, Renewable energy use in electricity, 180000000.00  ,            44009.8
CE_F171,          15, Increasing TSR to 30% in kiln fuel , 420000000.00  ,            99022.06
CE_F171,          16, CCS                                , 900000000.00  ,           330073.53
CE_F171,          17, Decreasing clinker to 85% in OPC   , 1200000000.00 ,            27506.13
CE_F171,          18, CCU                                , 1860000000.00 ,           330073.53
CE_F171,          19, Offset                             , 1880000000.00 ,            66014.71
CE_F172,           1, Efficient electrical equipment     , -430000000.00 ,            21628.42
CE_F172,           2, Waste heat recovery                , -420000000.00 ,            86513.66
CE_F172,           3, Automation system                  , -410000000.00 ,            43256.83
CE_F172,           4, Efficient grinding system          , -360000000.00 ,            54071.04
CE_F172,           5, Optimising auxiliary power         , -340000000.00 ,            10814.21
CE_F172,           6, Increasing slag to 70% in PSC      , -300000000.00 ,            54071.04
CE_F172,           7, Enhancement in Kiln                , -280000000.00 ,            32442.62
CE_F172,           8, Heat rate reduction in CPP         , -260000000.00 ,            21628.42
CE_F172,           9, Improving burnability of material  , -130000000.00 ,            75699.45
CE_F172,          10, Burner retrofit                    , -120000000.00 ,            10814.21
CE_F172,          11, High efficiency clinker coolers    , -100000000.00 ,            32442.62
CE_F172,          12, Substitute OPC with LC3 cement     , -80000000.00  ,            43256.83
CE_F172,          13, Increasing fly ash to 35% in PPC   , -70000000.00  ,           108142.08
CE_F172,          14, Renewable energy use in electricity, 180000000.00  ,            86513.66
CE_F172,          15, Increasing TSR to 30% in kiln fuel , 420000000.00  ,           194655.74
CE_F172,          16, CCS                                , 900000000.00  ,           648852.46
CE_F172,          17, Decreasing clinker to 85% in OPC   , 1200000000.00 ,            54071.04
CE_F172,          18, CCU                                , 1860000000.00 ,           648852.46
CE_F172,          19, Offset                             , 1880000000.00 ,           129770.49
CE_F173,           1, Efficient electrical equipment     , -430000000.00 ,            12358.17
CE_F173,           2, Waste heat recovery                , -420000000.00 ,            49432.69
CE_F173,           3, Automation system                  , -410000000.00 ,            24716.34
CE_F173,           4, Efficient grinding system          , -360000000.00 ,            30895.43
CE_F173,           5, Optimising auxiliary power         , -340000000.00 ,             6179.09
CE_F173,           6, Increasing slag to 70% in PSC      , -300000000.00 ,            30895.43
CE_F173,           7, Enhancement in Kiln                , -280000000.00 ,            18537.26
CE_F173,           8, Heat rate reduction in CPP         , -260000000.00 ,            12358.17
CE_F173,           9, Improving burnability of material  , -130000000.00 ,            43253.6
CE_F173,          10, Burner retrofit                    , -120000000.00 ,             6179.09
CE_F173,          11, High efficiency clinker coolers    , -100000000.00 ,            18537.26
CE_F173,          12, Substitute OPC with LC3 cement     , -80000000.00  ,            24716.34
CE_F173,          13, Increasing fly ash to 35% in PPC   , -70000000.00  ,            61790.86
CE_F173,          14, Renewable energy use in electricity, 180000000.00  ,            49432.69
CE_F173,          15, Increasing TSR to 30% in kiln fuel , 420000000.00  ,           111223.55
CE_F173,          16, CCS                                , 900000000.00  ,           370745.16
CE_F173,          17, Decreasing clinker to 85% in OPC   , 1200000000.00 ,            30895.43
CE_F173,          18, CCU                                , 1860000000.00 ,           370745.16
CE_F173,          19, Offset                             , 1880000000.00 ,            74149.03
CE_F174,           1, Efficient electrical equipment     , -430000000.00 ,            23383.3
CE_F174,           2, Waste heat recovery                , -420000000.00 ,            93533.2
CE_F174,           3, Automation system                  , -410000000.00 ,            46766.6
CE_F174,           4, Efficient grinding system          , -360000000.00 ,            58458.25
CE_F174,           5, Optimising auxiliary power         , -340000000.00 ,            11691.65
CE_F174,           6, Increasing slag to 70% in PSC      , -300000000.00 ,            58458.25
CE_F174,           7, Enhancement in Kiln                , -280000000.00 ,            35074.95
CE_F174,           8, Heat rate reduction in CPP         , -260000000.00 ,            23383.3
CE_F174,           9, Improving burnability of material  , -130000000.00 ,            81841.55
CE_F174,          10, Burner retrofit                    , -120000000.00 ,            11691.65
CE_F174,          11, High efficiency clinker coolers    , -100000000.00 ,            35074.95
CE_F174,          12, Substitute OPC with LC3 cement     , -80000000.00  ,            46766.6
CE_F174,          13, Increasing fly ash to 35% in PPC   , -70000000.00  ,           116916.5
CE_F174,          14, Renewable energy use in electricity, 180000000.00  ,            93533.2
CE_F174,          15, Increasing TSR to 30% in kiln fuel , 420000000.00  ,           210449.7
CE_F174,          16, CCS                                , 900000000.00  ,           701498.99
CE_F174,          17, Decreasing clinker to 85% in OPC   , 1200000000.00 ,            58458.25
CE_F174,          18, CCU                                , 1860000000.00 ,           701498.99
CE_F174,          19, Offset                             , 1880000000.00 ,           140299.8
CE_F175,           1, Efficient electrical equipment     , -430000000.00 ,            16856.59
CE_F175,           2, Waste heat recovery                , -420000000.00 ,            67426.37
CE_F175,           3, Automation system                  , -410000000.00 ,            33713.19
CE_F175,           4, Efficient grinding system          , -360000000.00 ,            42141.48
CE_F175,           5, Optimising auxiliary power         , -340000000.00 ,             8428.3
CE_F175,           6, Increasing slag to 70% in PSC      , -300000000.00 ,            42141.48
CE_F175,           7, Enhancement in Kiln                , -280000000.00 ,            25284.89
CE_F175,           8, Heat rate reduction in CPP         , -260000000.00 ,            16856.59
CE_F175,           9, Improving burnability of material  , -130000000.00 ,            58998.08
CE_F175,          10, Burner retrofit                    , -120000000.00 ,             8428.3
CE_F175,          11, High efficiency clinker coolers    , -100000000.00 ,            25284.89
CE_F175,          12, Substitute OPC with LC3 cement     , -80000000.00  ,            33713.19
CE_F175,          13, Increasing fly ash to 35% in PPC   , -70000000.00  ,            84282.97
CE_F175,          14, Renewable energy use in electricity, 180000000.00  ,            67426.37
CE_F175,          15, Increasing TSR to 30% in kiln fuel , 420000000.00  ,           151709.34
CE_F175,          16, CCS                                , 900000000.00  ,           505697.8
CE_F175,          17, Decreasing clinker to 85% in OPC   , 1200000000.00 ,            42141.48
CE_F175,          18, CCU                                , 1860000000.00 ,           505697.8
CE_F175,          19, Offset                             , 1880000000.00 ,           101139.56
CE_F176,           1, Efficient electrical equipment     , -430000000.00 ,            14364.64
CE_F176,           2, Waste heat recovery                , -420000000.00 ,            57458.56
CE_F176,           3, Automation system                  , -410000000.00 ,            28729.28
CE_F176,           4, Efficient grinding system          , -360000000.00 ,            35911.6
CE_F176,           5, Optimising auxiliary power         , -340000000.00 ,             7182.32
CE_F176,           6, Increasing slag to 70% in PSC      , -300000000.00 ,            35911.6
CE_F176,           7, Enhancement in Kiln                , -280000000.00 ,            21546.96
CE_F176,           8, Heat rate reduction in CPP         , -260000000.00 ,            14364.64
CE_F176,           9, Improving burnability of material  , -130000000.00 ,            50276.24
CE_F176,          10, Burner retrofit                    , -120000000.00 ,             7182.32
CE_F176,          11, High efficiency clinker coolers    , -100000000.00 ,            21546.96
CE_F176,          12, Substitute OPC with LC3 cement     , -80000000.00  ,            28729.28
CE_F176,          13, Increasing fly ash to 35% in PPC   , -70000000.00  ,            71823.2
CE_F176,          14, Renewable energy use in electricity, 180000000.00  ,            57458.56
CE_F176,          15, Increasing TSR to 30% in kiln fuel , 420000000.00  ,           129281.77
CE_F176,          16, CCS                                , 900000000.00  ,           430939.23
CE_F176,          17, Decreasing clinker to 85% in OPC   , 1200000000.00 ,            35911.6
CE_F176,          18, CCU                                , 1860000000.00 ,           430939.23
CE_F176,          19, Offset                             , 1880000000.00 ,            86187.85
CE_F177,           1, Efficient electrical equipment     , -430000000.00 ,            13554.53
CE_F177,           2, Waste heat recovery                , -420000000.00 ,            54218.14
CE_F177,           3, Automation system                  , -410000000.00 ,            27109.07
CE_F177,           4, Efficient grinding system          , -360000000.00 ,            33886.34
CE_F177,           5, Optimising auxiliary power         , -340000000.00 ,             6777.27
CE_F177,           6, Increasing slag to 70% in PSC      , -300000000.00 ,            33886.34
CE_F177,           7, Enhancement in Kiln                , -280000000.00 ,            20331.8
CE_F177,           8, Heat rate reduction in CPP         , -260000000.00 ,            13554.53
CE_F177,           9, Improving burnability of material  , -130000000.00 ,            47440.87
CE_F177,          10, Burner retrofit                    , -120000000.00 ,             6777.27
CE_F177,          11, High efficiency clinker coolers    , -100000000.00 ,            20331.8
CE_F177,          12, Substitute OPC with LC3 cement     , -80000000.00  ,            27109.07
CE_F177,          13, Increasing fly ash to 35% in PPC   , -70000000.00  ,            67772.67
CE_F177,          14, Renewable energy use in electricity, 180000000.00  ,            54218.14
CE_F177,          15, Increasing TSR to 30% in kiln fuel , 420000000.00  ,           121990.81
CE_F177,          16, CCS                                , 900000000.00  ,           406636.02
CE_F177,          17, Decreasing clinker to 85% in OPC   , 1200000000.00 ,            33886.34
CE_F177,          18, CCU                                , 1860000000.00 ,           406636.02
CE_F177,          19, Offset                             , 1880000000.00 ,            81327.2
CE_F178,           1, Efficient electrical equipment     , -430000000.00 ,             4276.38
CE_F178,           2, Waste heat recovery                , -420000000.00 ,            17105.52
CE_F178,           3, Automation system                  , -410000000.00 ,             8552.76
CE_F178,           4, Efficient grinding system          , -360000000.00 ,            10690.95
CE_F178,           5, Optimising auxiliary power         , -340000000.00 ,             2138.19
CE_F178,           6, Increasing slag to 70% in PSC      , -300000000.00 ,            10690.95
CE_F178,           7, Enhancement in Kiln                , -280000000.00 ,             6414.57
CE_F178,           8, Heat rate reduction in CPP         , -260000000.00 ,             4276.38
CE_F178,           9, Improving burnability of material  , -130000000.00 ,            14967.33
CE_F178,          10, Burner retrofit                    , -120000000.00 ,             2138.19
CE_F178,          11, High efficiency clinker coolers    , -100000000.00 ,             6414.57
CE_F178,          12, Substitute OPC with LC3 cement     , -80000000.00  ,             8552.76
CE_F178,          13, Increasing fly ash to 35% in PPC   , -70000000.00  ,            21381.9
CE_F178,          14, Renewable energy use in electricity, 180000000.00  ,            17105.52
CE_F178,          15, Increasing TSR to 30% in kiln fuel , 420000000.00  ,            38487.42
CE_F178,          16, CCS                                , 900000000.00  ,           128291.39
CE_F178,          17, Decreasing clinker to 85% in OPC   , 1200000000.00 ,            10690.95
CE_F178,          18, CCU                                , 1860000000.00 ,           128291.39
CE_F178,          19, Offset                             , 1880000000.00 ,            25658.28
CE_F179,           1, Efficient electrical equipment     , -430000000.00 ,             3669.87
CE_F179,           2, Waste heat recovery                , -420000000.00 ,            14679.48
CE_F179,           3, Automation system                  , -410000000.00 ,             7339.74
CE_F179,           4, Efficient grinding system          , -360000000.00 ,             9174.67
CE_F179,           5, Optimising auxiliary power         , -340000000.00 ,             1834.93
CE_F179,           6, Increasing slag to 70% in PSC      , -300000000.00 ,             9174.67
CE_F179,           7, Enhancement in Kiln                , -280000000.00 ,             5504.8
CE_F179,           8, Heat rate reduction in CPP         , -260000000.00 ,             3669.87
CE_F179,           9, Improving burnability of material  , -130000000.00 ,            12844.54
CE_F179,          10, Burner retrofit                    , -120000000.00 ,             1834.93
CE_F179,          11, High efficiency clinker coolers    , -100000000.00 ,             5504.8
CE_F179,          12, Substitute OPC with LC3 cement     , -80000000.00  ,             7339.74
CE_F179,          13, Increasing fly ash to 35% in PPC   , -70000000.00  ,            18349.35
CE_F179,          14, Renewable energy use in electricity, 180000000.00  ,            14679.48
CE_F179,          15, Increasing TSR to 30% in kiln fuel , 420000000.00  ,            33028.82
CE_F179,          16, CCS                                , 900000000.00  ,           110096.08
CE_F179,          17, Decreasing clinker to 85% in OPC   , 1200000000.00 ,             9174.67
CE_F179,          18, CCU                                , 1860000000.00 ,           110096.08
CE_F179,          19, Offset                             , 1880000000.00 ,            22019.22
CE_F180,           1, Efficient electrical equipment     , -430000000.00 ,            22368.2
CE_F180,           2, Waste heat recovery                , -420000000.00 ,            89472.81
CE_F180,           3, Automation system                  , -410000000.00 ,            44736.4
CE_F180,           4, Efficient grinding system          , -360000000.00 ,            55920.5
CE_F180,           5, Optimising auxiliary power         , -340000000.00 ,            11184.1
CE_F180,           6, Increasing slag to 70% in PSC      , -300000000.00 ,            55920.5
CE_F180,           7, Enhancement in Kiln                , -280000000.00 ,            33552.3
CE_F180,           8, Heat rate reduction in CPP         , -260000000.00 ,            22368.2
CE_F180,           9, Improving burnability of material  , -130000000.00 ,            78288.71
CE_F180,          10, Burner retrofit                    , -120000000.00 ,            11184.1
CE_F180,          11, High efficiency clinker coolers    , -100000000.00 ,            33552.3
CE_F180,          12, Substitute OPC with LC3 cement     , -80000000.00  ,            44736.4
CE_F180,          13, Increasing fly ash to 35% in PPC   , -70000000.00  ,           111841.01
CE_F180,          14, Renewable energy use in electricity, 180000000.00  ,            89472.81
CE_F180,          15, Increasing TSR to 30% in kiln fuel , 420000000.00  ,           201313.82
CE_F180,          16, CCS                                , 900000000.00  ,           671046.05
CE_F180,          17, Decreasing clinker to 85% in OPC   , 1200000000.00 ,            55920.5
CE_F180,          18, CCU                                , 1860000000.00 ,           671046.05
CE_F180,          19, Offset                             , 1880000000.00 ,           134209.21
CE_F181,           1, Efficient electrical equipment     , -430000000.00 ,             5711
CE_F181,           2, Waste heat recovery                , -420000000.00 ,            22844.01
CE_F181,           3, Automation system                  , -410000000.00 ,            11422.01
CE_F181,           4, Efficient grinding system          , -360000000.00 ,            14277.51
CE_F181,           5, Optimising auxiliary power         , -340000000.00 ,             2855.5
CE_F181,           6, Increasing slag to 70% in PSC      , -300000000.00 ,            14277.51
CE_F181,           7, Enhancement in Kiln                , -280000000.00 ,             8566.5
CE_F181,           8, Heat rate reduction in CPP         , -260000000.00 ,             5711
CE_F181,           9, Improving burnability of material  , -130000000.00 ,            19988.51
CE_F181,          10, Burner retrofit                    , -120000000.00 ,             2855.5
CE_F181,          11, High efficiency clinker coolers    , -100000000.00 ,             8566.5
CE_F181,          12, Substitute OPC with LC3 cement     , -80000000.00  ,            11422.01
CE_F181,          13, Increasing fly ash to 35% in PPC   , -70000000.00  ,            28555.01
CE_F181,          14, Renewable energy use in electricity, 180000000.00  ,            22844.01
CE_F181,          15, Increasing TSR to 30% in kiln fuel , 420000000.00  ,            51399.03
CE_F181,          16, CCS                                , 900000000.00  ,           171330.09
CE_F181,          17, Decreasing clinker to 85% in OPC   , 1200000000.00 ,            14277.51
CE_F181,          18, CCU                                , 1860000000.00 ,           171330.09
CE_F181,          19, Offset                             , 1880000000.00 ,            34266.02
CE_F182,           1, Efficient electrical equipment     , -430000000.00 ,             4280.08
CE_F182,           2, Waste heat recovery                , -420000000.00 ,            17120.31
CE_F182,           3, Automation system                  , -410000000.00 ,             8560.15
CE_F182,           4, Efficient grinding system          , -360000000.00 ,            10700.19
CE_F182,           5, Optimising auxiliary power         , -340000000.00 ,             2140.04
CE_F182,           6, Increasing slag to 70% in PSC      , -300000000.00 ,            10700.19
CE_F182,           7, Enhancement in Kiln                , -280000000.00 ,             6420.12
CE_F182,           8, Heat rate reduction in CPP         , -260000000.00 ,             4280.08
CE_F182,           9, Improving burnability of material  , -130000000.00 ,            14980.27
CE_F182,          10, Burner retrofit                    , -120000000.00 ,             2140.04
CE_F182,          11, High efficiency clinker coolers    , -100000000.00 ,             6420.12
CE_F182,          12, Substitute OPC with LC3 cement     , -80000000.00  ,             8560.15
CE_F182,          13, Increasing fly ash to 35% in PPC   , -70000000.00  ,            21400.39
CE_F182,          14, Renewable energy use in electricity, 180000000.00  ,            17120.31
CE_F182,          15, Increasing TSR to 30% in kiln fuel , 420000000.00  ,            38520.69
CE_F182,          16, CCS                                , 900000000.00  ,           128402.31
CE_F182,          17, Decreasing clinker to 85% in OPC   , 1200000000.00 ,            10700.19
CE_F182,          18, CCU                                , 1860000000.00 ,           128402.31
CE_F182,          19, Offset                             , 1880000000.00 ,            25680.46
CE_F183,           1, Efficient electrical equipment     , -430000000.00 ,            38001.22
CE_F183,           2, Waste heat recovery                , -420000000.00 ,           152004.89
CE_F183,           3, Automation system                  , -410000000.00 ,            76002.45
CE_F183,           4, Efficient grinding system          , -360000000.00 ,            95003.06
CE_F183,           5, Optimising auxiliary power         , -340000000.00 ,            19000.61
CE_F183,           6, Increasing slag to 70% in PSC      , -300000000.00 ,            95003.06
CE_F183,           7, Enhancement in Kiln                , -280000000.00 ,            57001.83
CE_F183,           8, Heat rate reduction in CPP         , -260000000.00 ,            38001.22
CE_F183,           9, Improving burnability of material  , -130000000.00 ,           133004.28
CE_F183,          10, Burner retrofit                    , -120000000.00 ,            19000.61
CE_F183,          11, High efficiency clinker coolers    , -100000000.00 ,            57001.83
CE_F183,          12, Substitute OPC with LC3 cement     , -80000000.00  ,            76002.45
CE_F183,          13, Increasing fly ash to 35% in PPC   , -70000000.00  ,           190006.11
CE_F183,          14, Renewable energy use in electricity, 180000000.00  ,           152004.89
CE_F183,          15, Increasing TSR to 30% in kiln fuel , 420000000.00  ,           342011
CE_F183,          16, CCS                                , 900000000.00  ,          1140036.68
CE_F183,          17, Decreasing clinker to 85% in OPC   , 1200000000.00 ,            95003.06
CE_F183,          18, CCU                                , 1860000000.00 ,          1140036.68
CE_F183,          19, Offset                             , 1880000000.00 ,           228007.34
CE_F184,           1, Efficient electrical equipment     , -430000000.00 ,            10551.87
CE_F184,           2, Waste heat recovery                , -420000000.00 ,            42207.48
CE_F184,           3, Automation system                  , -410000000.00 ,            21103.74
CE_F184,           4, Efficient grinding system          , -360000000.00 ,            26379.67
CE_F184,           5, Optimising auxiliary power         , -340000000.00 ,             5275.93
CE_F184,           6, Increasing slag to 70% in PSC      , -300000000.00 ,            26379.67
CE_F184,           7, Enhancement in Kiln                , -280000000.00 ,            15827.8
CE_F184,           8, Heat rate reduction in CPP         , -260000000.00 ,            10551.87
CE_F184,           9, Improving burnability of material  , -130000000.00 ,            36931.54
CE_F184,          10, Burner retrofit                    , -120000000.00 ,             5275.93
CE_F184,          11, High efficiency clinker coolers    , -100000000.00 ,            15827.8
CE_F184,          12, Substitute OPC with LC3 cement     , -80000000.00  ,            21103.74
CE_F184,          13, Increasing fly ash to 35% in PPC   , -70000000.00  ,            52759.35
CE_F184,          14, Renewable energy use in electricity, 180000000.00  ,            42207.48
CE_F184,          15, Increasing TSR to 30% in kiln fuel , 420000000.00  ,            94966.82
CE_F184,          16, CCS                                , 900000000.00  ,           316556.08
CE_F184,          17, Decreasing clinker to 85% in OPC   , 1200000000.00 ,            26379.67
CE_F184,          18, CCU                                , 1860000000.00 ,           316556.08
CE_F184,          19, Offset                             , 1880000000.00 ,            63311.22
CE_F185,           1, Efficient electrical equipment     , -430000000.00 ,             4301.24
CE_F185,           2, Waste heat recovery                , -420000000.00 ,            17204.96
CE_F185,           3, Automation system                  , -410000000.00 ,             8602.48
CE_F185,           4, Efficient grinding system          , -360000000.00 ,            10753.1
CE_F185,           5, Optimising auxiliary power         , -340000000.00 ,             2150.62
CE_F185,           6, Increasing slag to 70% in PSC      , -300000000.00 ,            10753.1
CE_F185,           7, Enhancement in Kiln                , -280000000.00 ,             6451.86
CE_F185,           8, Heat rate reduction in CPP         , -260000000.00 ,             4301.24
CE_F185,           9, Improving burnability of material  , -130000000.00 ,            15054.34
CE_F185,          10, Burner retrofit                    , -120000000.00 ,             2150.62
CE_F185,          11, High efficiency clinker coolers    , -100000000.00 ,             6451.86
CE_F185,          12, Substitute OPC with LC3 cement     , -80000000.00  ,             8602.48
CE_F185,          13, Increasing fly ash to 35% in PPC   , -70000000.00  ,            21506.2
CE_F185,          14, Renewable energy use in electricity, 180000000.00  ,            17204.96
CE_F185,          15, Increasing TSR to 30% in kiln fuel , 420000000.00  ,            38711.16
CE_F185,          16, CCS                                , 900000000.00  ,           129037.21
CE_F185,          17, Decreasing clinker to 85% in OPC   , 1200000000.00 ,            10753.1
CE_F185,          18, CCU                                , 1860000000.00 ,           129037.21
CE_F185,          19, Offset                             , 1880000000.00 ,            25807.44
CE_F186,           1, Efficient electrical equipment     , -430000000.00 ,             9529.09
CE_F186,           2, Waste heat recovery                , -420000000.00 ,            38116.34
CE_F186,           3, Automation system                  , -410000000.00 ,            19058.17
CE_F186,           4, Efficient grinding system          , -360000000.00 ,            23822.72
CE_F186,           5, Optimising auxiliary power         , -340000000.00 ,             4764.54
CE_F186,           6, Increasing slag to 70% in PSC      , -300000000.00 ,            23822.72
CE_F186,           7, Enhancement in Kiln                , -280000000.00 ,            14293.63
CE_F186,           8, Heat rate reduction in CPP         , -260000000.00 ,             9529.09
CE_F186,           9, Improving burnability of material  , -130000000.00 ,            33351.8
CE_F186,          10, Burner retrofit                    , -120000000.00 ,             4764.54
CE_F186,          11, High efficiency clinker coolers    , -100000000.00 ,            14293.63
CE_F186,          12, Substitute OPC with LC3 cement     , -80000000.00  ,            19058.17
CE_F186,          13, Increasing fly ash to 35% in PPC   , -70000000.00  ,            47645.43
CE_F186,          14, Renewable energy use in electricity, 180000000.00  ,            38116.34
CE_F186,          15, Increasing TSR to 30% in kiln fuel , 420000000.00  ,            85761.77
CE_F186,          16, CCS                                , 900000000.00  ,           285872.58
CE_F186,          17, Decreasing clinker to 85% in OPC   , 1200000000.00 ,            23822.72
CE_F186,          18, CCU                                , 1860000000.00 ,           285872.58
CE_F186,          19, Offset                             , 1880000000.00 ,            57174.52
AL_F1  ,           1, Alumina energy efficiency          , -700000000.00 ,          1719911.11
AL_F1  ,           2, Aluminium energy efficiency        , -150000000.00 ,           687964.44
AL_F1  ,           3, Electrolysis off gas WHR           , -20000000.00  ,           171991.11
AL_F1  ,           4, Fuel switch: Biomass               , 200000000.00  ,           687964.44
AL_F1  ,           5, Retrofit with inert anodes         , 220000000.00  ,          1719911.11
AL_F1  ,           6, Cell operation optimisation        , 400000000.00  ,           687964.44
AL_F1  ,           7, Renewable electricity use          , 600000000.00  ,         13071324.44
AL_F1  ,           8, CCS                                , 950000000.00  ,          2751857.78
AL_F1  ,           9, Fuel switching to NG               , 2150000000.00 ,          1375928.89
AL_F1  ,          10, CCU                                , 4900000000.00 ,          3439822.22
AL_F1  ,          11, Offset                             , 4910000000.00 ,           171991.11
AL_F2  ,           1, Alumina energy efficiency          , -700000000.00 ,           623415
AL_F2  ,           2, Aluminium energy efficiency        , -150000000.00 ,           249366
AL_F2  ,           3, Electrolysis off gas WHR           , -20000000.00  ,            62341.5
AL_F2  ,           4, Fuel switch: Biomass               , 200000000.00  ,           207805
AL_F2  ,           5, Retrofit with inert anodes         , 220000000.00  ,           519512.5
AL_F2  ,           6, Cell operation optimisation        , 400000000.00  ,           207805
AL_F2  ,           7, Renewable electricity use          , 600000000.00  ,          3948295
AL_F2  ,           8, CCS                                , 950000000.00  ,           831220
AL_F2  ,           9, Fuel switching to NG               , 2150000000.00 ,            83122
AL_F2  ,          10, CCU                                , 4900000000.00 ,           207805
AL_F2  ,          11, Offset                             , 4910000000.00 ,            10390.25
AL_F3  ,           1, Alumina energy efficiency          , -700000000.00 ,           822005.56
AL_F3  ,           2, Aluminium energy efficiency        , -150000000.00 ,           328802.22
AL_F3  ,           3, Electrolysis off gas WHR           , -20000000.00  ,            82200.56
AL_F3  ,           4, Fuel switch: Biomass               , 200000000.00  ,           328802.22
AL_F3  ,           5, Retrofit with inert anodes         , 220000000.00  ,           822005.56
AL_F3  ,           6, Cell operation optimisation        , 400000000.00  ,           328802.22
AL_F3  ,           7, Renewable electricity use          , 600000000.00  ,          6247242.22
AL_F3  ,           8, CCS                                , 950000000.00  ,          1315208.89
AL_F3  ,           9, Fuel switching to NG               , 2150000000.00 ,           657604.44
AL_F3  ,          10, CCU                                , 4900000000.00 ,          1644011.11
AL_F3  ,          11, Offset                             , 4910000000.00 ,            82200.56
AL_F4  ,           1, Alumina energy efficiency          , -700000000.00 ,           620000
AL_F4  ,           2, Aluminium energy efficiency        , -150000000.00 ,           248000
AL_F4  ,           3, Electrolysis off gas WHR           , -20000000.00  ,            62000
AL_F4  ,           4, Fuel switch: Biomass               , 200000000.00  ,           206666.67
AL_F4  ,           5, Retrofit with inert anodes         , 220000000.00  ,           516666.67
AL_F4  ,           6, Cell operation optimisation        , 400000000.00  ,           206666.67
AL_F4  ,           7, Renewable electricity use          , 600000000.00  ,          3926666.67
AL_F4  ,           8, CCS                                , 950000000.00  ,           826666.67
AL_F4  ,           9, Fuel switching to NG               , 2150000000.00 ,            82666.67
AL_F4  ,          10, CCU                                , 4900000000.00 ,           206666.67
AL_F4  ,          11, Offset                             , 4910000000.00 ,            10333.33
AL_F5  ,           1, Alumina energy efficiency          , -700000000.00 ,           772019.44
AL_F5  ,           2, Aluminium energy efficiency        , -150000000.00 ,           308807.78
AL_F5  ,           3, Electrolysis off gas WHR           , -20000000.00  ,            77201.94
AL_F5  ,           4, Fuel switch: Biomass               , 200000000.00  ,           308807.78
AL_F5  ,           5, Retrofit with inert anodes         , 220000000.00  ,           772019.44
AL_F5  ,           6, Cell operation optimisation        , 400000000.00  ,           308807.78
AL_F5  ,           7, Renewable electricity use          , 600000000.00  ,          5867347.78
AL_F5  ,           8, CCS                                , 950000000.00  ,          1235231.11
AL_F5  ,           9, Fuel switching to NG               , 2150000000.00 ,           617615.56
AL_F5  ,          10, CCU                                , 4900000000.00 ,          1544038.89
AL_F5  ,          11, Offset                             , 4910000000.00 ,            77201.94
AL_F6  ,           1, Alumina energy efficiency          , -700000000.00 ,           789095
AL_F6  ,           2, Aluminium energy efficiency        , -150000000.00 ,           315638
AL_F6  ,           3, Electrolysis off gas WHR           , -20000000.00  ,            78909.5
AL_F6  ,           4, Fuel switch: Biomass               , 200000000.00  ,           263031.67
AL_F6  ,           5, Retrofit with inert anodes         , 220000000.00  ,           657579.17
AL_F6  ,           6, Cell operation optimisation        , 400000000.00  ,           263031.67
AL_F6  ,           7, Renewable electricity use          , 600000000.00  ,          4997601.67
AL_F6  ,           8, CCS                                , 950000000.00  ,          1052126.67
AL_F6  ,           9, Fuel switching to NG               , 2150000000.00 ,           105212.67
AL_F6  ,          10, CCU                                , 4900000000.00 ,           263031.67
AL_F6  ,          11, Offset                             , 4910000000.00 ,            13151.58
AL_F7  ,           1, Alumina energy efficiency          , -700000000.00 ,           298050
AL_F7  ,           2, Aluminium energy efficiency        , -150000000.00 ,           119220
AL_F7  ,           3, Electrolysis off gas WHR           , -20000000.00  ,            29805
AL_F7  ,           4, Fuel switch: Biomass               , 200000000.00  ,            99350
AL_F7  ,           5, Retrofit with inert anodes         , 220000000.00  ,           248375
AL_F7  ,           6, Cell operation optimisation        , 400000000.00  ,            99350
AL_F7  ,           7, Renewable electricity use          , 600000000.00  ,          1887650
AL_F7  ,           8, CCS                                , 950000000.00  ,           397400
AL_F7  ,           9, Fuel switching to NG               , 2150000000.00 ,            39740
AL_F7  ,          10, CCU                                , 4900000000.00 ,            99350
AL_F7  ,          11, Offset                             , 4910000000.00 ,             4967.5
AL_F8  ,           1, Alumina energy efficiency          , -700000000.00 ,           706173.33
AL_F8  ,           2, Aluminium energy efficiency        , -150000000.00 ,           282469.33
AL_F8  ,           3, Electrolysis off gas WHR           , -20000000.00  ,            70617.33
AL_F8  ,           4, Fuel switch: Biomass               , 200000000.00  ,           235391.11
AL_F8  ,           5, Retrofit with inert anodes         , 220000000.00  ,           588477.78
AL_F8  ,           6, Cell operation optimisation        , 400000000.00  ,           235391.11
AL_F8  ,           7, Renewable electricity use          , 600000000.00  ,          4472431.11
AL_F8  ,           8, CCS                                , 950000000.00  ,           941564.44
AL_F8  ,           9, Fuel switching to NG               , 2150000000.00 ,            94156.44
AL_F8  ,          10, CCU                                , 4900000000.00 ,           235391.11
AL_F8  ,          11, Offset                             , 4910000000.00 ,            11769.56
AL_F9  ,           1, Alumina energy efficiency          , -700000000.00 ,           481868.33
AL_F9  ,           2, Aluminium energy efficiency        , -150000000.00 ,           192747.33
AL_F9  ,           3, Electrolysis off gas WHR           , -20000000.00  ,            48186.83
AL_F9  ,           4, Fuel switch: Biomass               , 200000000.00  ,           160622.78
AL_F9  ,           5, Retrofit with inert anodes         , 220000000.00  ,           401556.94
AL_F9  ,           6, Cell operation optimisation        , 400000000.00  ,           160622.78
AL_F9  ,           7, Renewable electricity use          , 600000000.00  ,          3051832.78
AL_F9  ,           8, CCS                                , 950000000.00  ,           642491.11
AL_F9  ,           9, Fuel switching to NG               , 2150000000.00 ,            64249.11
AL_F9  ,          10, CCU                                , 4900000000.00 ,           160622.78
AL_F9  ,          11, Offset                             , 4910000000.00 ,             8031.14
AL_F10 ,           1, Alumina energy efficiency          , -700000000.00 ,          3396365.28
AL_F10 ,           2, Aluminium energy efficiency        , -150000000.00 ,          1358546.11
AL_F10 ,           3, Electrolysis off gas WHR           , -20000000.00  ,           339636.53
AL_F10 ,           4, Fuel switch: Biomass               , 200000000.00  ,          1358546.11
AL_F10 ,           5, Retrofit with inert anodes         , 220000000.00  ,          3396365.28
AL_F10 ,           6, Cell operation optimisation        , 400000000.00  ,          1358546.11
AL_F10 ,           7, Renewable electricity use          , 600000000.00  ,         25812376.11
AL_F10 ,           8, CCS                                , 950000000.00  ,          5434184.44
AL_F10 ,           9, Fuel switching to NG               , 2150000000.00 ,          2717092.22
AL_F10 ,          10, CCU                                , 4900000000.00 ,          6792730.56
AL_F10 ,          11, Offset                             , 4910000000.00 ,           339636.53
AL_F11 ,           1, Alumina energy efficiency          , -700000000.00 ,          2519031.94
AL_F11 ,           2, Aluminium energy efficiency        , -150000000.00 ,          1007612.78
AL_F11 ,           3, Electrolysis off gas WHR           , -20000000.00  ,           251903.19
AL_F11 ,           4, Fuel switch: Biomass               , 200000000.00  ,          1007612.78
AL_F11 ,           5, Retrofit with inert anodes         , 220000000.00  ,          2519031.94
AL_F11 ,           6, Cell operation optimisation        , 400000000.00  ,          1007612.78
AL_F11 ,           7, Renewable electricity use          , 600000000.00  ,         19144642.78
AL_F11 ,           8, CCS                                , 950000000.00  ,          4030451.11
AL_F11 ,           9, Fuel switching to NG               , 2150000000.00 ,          2015225.56
AL_F11 ,          10, CCU                                , 4900000000.00 ,          5038063.89
AL_F11 ,          11, Offset                             , 4910000000.00 ,           251903.19
AL_F12 ,           1, Alumina energy efficiency          , -700000000.00 ,          2909758.33
AL_F12 ,           2, Aluminium energy efficiency        , -150000000.00 ,          1163903.33
AL_F12 ,           3, Electrolysis off gas WHR           , -20000000.00  ,           290975.83
AL_F12 ,           4, Fuel switch: Biomass               , 200000000.00  ,          1163903.33
AL_F12 ,           5, Retrofit with inert anodes         , 220000000.00  ,          2909758.33
AL_F12 ,           6, Cell operation optimisation        , 400000000.00  ,          1163903.33
AL_F12 ,           7, Renewable electricity use          , 600000000.00  ,         22114163.33
AL_F12 ,           8, CCS                                , 950000000.00  ,          4655613.33
AL_F12 ,           9, Fuel switching to NG               , 2150000000.00 ,          2327806.67
AL_F12 ,          10, CCU                                , 4900000000.00 ,          5819516.67
AL_F12 ,          11, Offset                             , 4910000000.00 ,           290975.83
AL_F13 ,           1, Alumina energy efficiency          , -700000000.00 ,           620845
AL_F13 ,           2, Aluminium energy efficiency        , -150000000.00 ,           248338
AL_F13 ,           3, Electrolysis off gas WHR           , -20000000.00  ,            62084.5
AL_F13 ,           4, Fuel switch: Biomass               , 200000000.00  ,           206948.33
AL_F13 ,           5, Retrofit with inert anodes         , 220000000.00  ,           517370.83
AL_F13 ,           6, Cell operation optimisation        , 400000000.00  ,           206948.33
AL_F13 ,           7, Renewable electricity use          , 600000000.00  ,          3932018.33
AL_F13 ,           8, CCS                                , 950000000.00  ,           827793.33
AL_F13 ,           9, Fuel switching to NG               , 2150000000.00 ,            82779.33
AL_F13 ,          10, CCU                                , 4900000000.00 ,           206948.33
AL_F13 ,          11, Offset                             , 4910000000.00 ,            10347.42
AL_F14 ,           1, Alumina energy efficiency          , -700000000.00 ,            78075
AL_F14 ,           2, Aluminium energy efficiency        , -150000000.00 ,            31230
AL_F14 ,           3, Electrolysis off gas WHR           , -20000000.00  ,             7807.5
AL_F14 ,           4, Fuel switch: Biomass               , 200000000.00  ,            26025
AL_F14 ,           5, Retrofit with inert anodes         , 220000000.00  ,            65062.5
AL_F14 ,           6, Cell operation optimisation        , 400000000.00  ,            26025
AL_F14 ,           7, Renewable electricity use          , 600000000.00  ,           494475
AL_F14 ,           8, CCS                                , 950000000.00  ,           104100
AL_F14 ,           9, Fuel switching to NG               , 2150000000.00 ,            10410
AL_F14 ,          10, CCU                                , 4900000000.00 ,            26025
AL_F14 ,          11, Offset                             , 4910000000.00 ,             1301.25
AL_F15 ,           1, Alumina energy efficiency          , -700000000.00 ,           172153.33
AL_F15 ,           2, Aluminium energy efficiency        , -150000000.00 ,            68861.33
AL_F15 ,           3, Electrolysis off gas WHR           , -20000000.00  ,            17215.33
AL_F15 ,           4, Fuel switch: Biomass               , 200000000.00  ,            57384.44
AL_F15 ,           5, Retrofit with inert anodes         , 220000000.00  ,           143461.11
AL_F15 ,           6, Cell operation optimisation        , 400000000.00  ,            57384.44
AL_F15 ,           7, Renewable electricity use          , 600000000.00  ,          1090304.44
AL_F15 ,           8, CCS                                , 950000000.00  ,           229537.78
AL_F15 ,           9, Fuel switching to NG               , 2150000000.00 ,            22953.78
AL_F15 ,          10, CCU                                , 4900000000.00 ,            57384.44
AL_F15 ,          11, Offset                             , 4910000000.00 ,             2869.22
AL_F16 ,           1, Alumina energy efficiency          , -700000000.00 ,            45441.67
AL_F16 ,           2, Aluminium energy efficiency        , -150000000.00 ,            18176.67
AL_F16 ,           3, Electrolysis off gas WHR           , -20000000.00  ,             4544.17
AL_F16 ,           4, Fuel switch: Biomass               , 200000000.00  ,            15147.22
AL_F16 ,           5, Retrofit with inert anodes         , 220000000.00  ,            37868.06
AL_F16 ,           6, Cell operation optimisation        , 400000000.00  ,            15147.22
AL_F16 ,           7, Renewable electricity use          , 600000000.00  ,           287797.22
AL_F16 ,           8, CCS                                , 950000000.00  ,            60588.89
AL_F16 ,           9, Fuel switching to NG               , 2150000000.00 ,             6058.89
AL_F16 ,          10, CCU                                , 4900000000.00 ,            15147.22
AL_F16 ,          11, Offset                             , 4910000000.00 ,              757.36
